date,material_type,quantity_requested,quantity_sold,average_price,number_of_buyers,number_of_transactions,location
2025-01-01,Aluminum,6442.5,5147.0,177.76,14,17,Bengaluru
2025-01-02,Aluminum,6161.9,4804.9,172.77,17,21,Bengaluru
2025-01-03,Aluminum,6618.6,5442.7,175.25,14,19,Hyderabad
2025-01-04,Aluminum,5159.7,4576.8,172.38,14,16,Delhi
2025-01-05,Aluminum,3771.4,2996.2,186.14,10,12,Chennai
2025-01-06,Aluminum,6124.0,5387.3,183.63,14,18,Surat
2025-01-07,Aluminum,6253.5,4705.9,184.48,18,23,Ahmedabad
2025-01-08,Aluminum,6311.6,5274.5,174.32,14,11,Bengaluru
2025-01-09,Aluminum,6725.2,5152.6,183.58,14,19,Ahmedabad
2025-01-10,Aluminum,6990.3,6519.6,179.22,18,17,Kolkata
2025-01-11,Aluminum,5025.2,4135.9,185.3,15,21,Pune
2025-01-12,Aluminum,4051.5,3123.1,174.9,9,11,Chennai
2025-01-13,Aluminum,5892.7,5320.8,186.88,17,23,Surat
2025-01-14,Aluminum,6204.1,4981.7,182.57,15,15,Pune
2025-01-15,Aluminum,6293.4,5249.1,179.51,18,19,Pune
2025-01-16,Aluminum,6193.9,5127.9,173.07,14,16,Ahmedabad
2025-01-17,Aluminum,6143.1,4703.5,178.91,13,17,Kolkata
2025-01-18,Aluminum,5496.5,4672.5,184.5,15,15,Pune
2025-01-19,Aluminum,3738.7,3103.7,173.42,11,15,Delhi
2025-01-20,Aluminum,6787.3,6344.3,178.93,16,23,Pune
2025-01-21,Aluminum,6898.9,5675.7,174.73,15,14,Kolkata
2025-01-22,Aluminum,6789.6,5741.1,176.16,15,14,Bengaluru
2025-01-23,Aluminum,6925.3,5495.1,182.79,17,22,Chennai
2025-01-24,Aluminum,6725.1,5449.9,185.17,17,16,Delhi
2025-01-25,Aluminum,5119.4,4049.2,174.93,13,19,Chennai
2025-01-26,Aluminum,4192.6,3204.5,179.23,9,12,Bengaluru
2025-01-27,Aluminum,6622.6,5796.4,172.84,15,15,Hyderabad
2025-01-28,Aluminum,6536.2,5049.5,178.14,18,24,Hyderabad
2025-01-29,Aluminum,6781.0,6288.9,178.48,18,15,Mumbai
2025-01-30,Aluminum,6577.8,5444.2,177.79,18,19,Kolkata
2025-01-31,Aluminum,6743.6,6274.8,187.69,15,16,Kolkata
2025-02-01,Aluminum,5677.5,5143.1,175.16,12,12,Hyderabad
2025-02-02,Aluminum,4049.0,3430.7,181.86,10,11,Hyderabad
2025-02-03,Aluminum,6650.3,5905.6,172.42,16,19,Bengaluru
2025-02-04,Aluminum,6790.0,6106.7,173.61,19,17,Bengaluru
2025-02-05,Aluminum,7275.1,6158.5,172.04,18,22,Mumbai
2025-02-06,Aluminum,7118.0,5430.2,187.34,15,16,Bengaluru
2025-02-07,Aluminum,7607.8,6586.8,172.48,19,17,Kolkata
2025-02-08,Aluminum,6021.7,4705.2,179.64,17,16,Chennai
2025-02-09,Aluminum,4353.1,3731.9,179.03,14,19,Delhi
2025-02-10,Aluminum,6616.5,5825.2,186.26,17,18,Ahmedabad
2025-02-11,Aluminum,7277.5,6223.5,184.12,20,25,Surat
2025-02-12,Aluminum,7047.7,5958.2,176.13,19,21,Surat
2025-02-13,Aluminum,6913.5,5263.8,173.9,16,14,Chennai
2025-02-14,Aluminum,7144.2,5515.9,180.83,18,24,Delhi
2025-02-15,Aluminum,6038.1,4958.4,184.28,17,21,Chennai
2025-02-16,Aluminum,4220.6,4005.3,187.04,9,10,Ahmedabad
2025-02-17,Aluminum,6873.9,5445.9,185.41,17,18,Hyderabad
2025-02-18,Aluminum,7374.4,5670.5,178.34,16,15,Ahmedabad
2025-02-19,Aluminum,6974.4,6599.3,177.6,17,19,Bengaluru
2025-02-20,Aluminum,7244.4,6512.5,184.56,15,16,Mumbai
2025-02-21,Aluminum,7101.9,6191.2,174.92,19,22,Chennai
2025-02-22,Aluminum,5768.0,4988.1,187.05,17,24,Surat
2025-02-23,Aluminum,4355.3,3831.2,186.97,10,11,Bengaluru
2025-02-24,Aluminum,6920.3,6155.9,173.05,16,20,Coimbatore
2025-02-25,Aluminum,7828.6,6653.7,178.67,20,21,Bengaluru
2025-02-26,Aluminum,6711.1,5187.6,174.99,15,16,Chennai
2025-02-27,Aluminum,7090.4,6455.6,175.36,18,22,Kolkata
2025-02-28,Aluminum,7392.7,6031.6,181.41,16,16,Surat
2025-03-01,Aluminum,6079.5,5574.7,175.37,14,17,Mumbai
2025-03-02,Aluminum,4144.1,3416.0,184.98,13,12,Delhi
2025-03-03,Aluminum,7299.0,6793.6,185.77,17,22,Surat
2025-03-04,Aluminum,7450.4,6404.6,185.96,17,19,Mumbai
2025-03-05,Aluminum,7268.7,6904.1,174.92,17,15,Pune
2025-03-06,Aluminum,7766.5,7032.1,187.06,17,19,Mumbai
2025-03-07,Aluminum,7610.6,5814.1,181.8,17,17,Chennai
2025-03-08,Aluminum,6227.1,5454.1,186.17,15,21,Delhi
2025-03-09,Aluminum,3926.5,3650.1,187.28,9,12,Bengaluru
2025-03-10,Aluminum,7364.2,6564.0,178.3,16,14,Kolkata
2025-03-11,Aluminum,7307.2,6057.9,181.29,18,19,Chennai
2025-03-12,Aluminum,7104.6,6500.4,184.02,19,19,Hyderabad
2025-03-13,Aluminum,7523.0,5783.4,178.01,16,20,Coimbatore
2025-03-14,Aluminum,7262.1,6746.1,185.42,20,22,Pune
2025-03-15,Aluminum,6212.7,5622.7,182.19,17,19,Mumbai
2025-03-16,Aluminum,3930.1,3232.4,185.19,13,15,Mumbai
2025-03-17,Aluminum,7962.8,7428.8,171.58,21,26,Bengaluru
2025-03-18,Aluminum,7185.6,6398.9,179.3,16,16,Chennai
2025-03-19,Aluminum,7527.3,6275.6,180.15,16,23,Hyderabad
2025-03-20,Aluminum,7705.9,7263.6,179.47,19,21,Ahmedabad
2025-03-21,Aluminum,7303.6,6489.1,173.18,17,22,Coimbatore
2025-03-22,Aluminum,6311.8,5625.5,174.24,15,19,Bengaluru
2025-03-23,Aluminum,3909.5,3506.8,188.01,9,12,Kolkata
2025-03-24,Aluminum,7928.3,7340.9,186.11,18,25,Coimbatore
2025-03-25,Aluminum,7502.3,6244.6,187.42,17,22,Delhi
2025-03-26,Aluminum,7324.2,5951.2,187.23,16,23,Chennai
2025-03-27,Aluminum,7418.2,6526.3,176.58,18,17,Kolkata
2025-03-28,Aluminum,7755.1,7169.8,175.87,17,15,Mumbai
2025-03-29,Aluminum,5909.6,4721.4,186.06,15,12,Surat
2025-03-30,Aluminum,4072.7,3305.1,178.4,9,8,Kolkata
2025-03-31,Aluminum,7457.8,6228.5,172.17,18,20,Mumbai
2025-04-01,Aluminum,7174.5,5392.4,185.45,17,15,Ahmedabad
2025-04-02,Aluminum,8076.9,6625.6,182.18,21,27,Hyderabad
2025-04-03,Aluminum,7363.6,6211.1,176.76,17,17,Pune
2025-04-04,Aluminum,7785.4,7380.7,183.32,21,18,Bengaluru
2025-04-05,Aluminum,6165.2,5099.3,172.37,13,11,Hyderabad
2025-04-06,Aluminum,4013.2,3265.4,176.75,11,10,Surat
2025-04-07,Aluminum,7539.9,6550.1,174.16,17,16,Delhi
2025-04-08,Aluminum,7778.2,6939.9,178.79,20,24,Bengaluru
2025-04-09,Aluminum,7487.5,6469.0,175.21,20,21,Surat
2025-04-10,Aluminum,7902.7,6322.2,186.03,21,28,Hyderabad
2025-04-11,Aluminum,7851.6,6844.8,171.29,21,28,Mumbai
2025-04-12,Aluminum,6383.8,4949.8,182.77,15,15,Delhi
2025-04-13,Aluminum,4173.6,3484.7,174.2,10,10,Hyderabad
2025-04-14,Aluminum,7220.8,5706.7,176.4,19,22,Hyderabad
2025-04-15,Aluminum,7360.0,6921.7,175.63,19,20,Kolkata
2025-04-16,Aluminum,7601.9,6281.1,187.25,18,24,Kolkata
2025-04-17,Aluminum,7705.5,6449.0,185.55,18,17,Hyderabad
2025-04-18,Aluminum,6888.7,6168.8,174.18,19,28,Kolkata
2025-04-19,Aluminum,6100.0,4977.3,171.37,15,14,Coimbatore
2025-04-20,Aluminum,4353.8,3768.3,177.25,14,17,Kolkata
2025-04-21,Aluminum,7450.5,6790.3,188.8,20,20,Ahmedabad
2025-04-22,Aluminum,7918.5,7274.8,186.58,18,22,Surat
2025-04-23,Aluminum,7654.6,7078.4,178.6,18,17,Surat
2025-04-24,Aluminum,7917.9,6090.6,186.51,20,21,Mumbai
2025-04-25,Aluminum,7456.5,6275.3,185.45,20,19,Coimbatore
2025-04-26,Aluminum,6366.8,5745.4,185.37,16,16,Kolkata
2025-04-27,Aluminum,4783.9,4074.6,179.2,13,19,Surat
2025-04-28,Aluminum,7902.5,6946.4,183.01,21,31,Delhi
2025-04-29,Aluminum,7176.7,6028.4,180.7,19,19,Coimbatore
2025-04-30,Aluminum,7423.4,6174.2,172.92,16,23,Delhi
2025-05-01,Aluminum,7390.8,6406.7,172.53,18,22,Chennai
2025-05-02,Aluminum,7635.7,5850.2,188.34,17,23,Mumbai
2025-05-03,Aluminum,6263.7,5695.1,188.12,17,15,Delhi
2025-05-04,Aluminum,4021.0,3402.1,177.45,12,16,Coimbatore
2025-05-05,Aluminum,7491.4,6596.4,172.38,20,22,Coimbatore
2025-05-06,Aluminum,6858.6,6085.3,177.92,17,17,Bengaluru
2025-05-07,Aluminum,7890.4,6240.4,183.5,19,23,Delhi
2025-05-08,Aluminum,7297.2,6312.8,176.9,18,18,Coimbatore
2025-05-09,Aluminum,7460.4,6558.8,185.07,19,27,Surat
2025-05-10,Aluminum,5926.9,5382.8,175.13,15,15,Bengaluru
2025-05-11,Aluminum,4588.7,4198.5,184.49,12,17,Kolkata
2025-05-12,Aluminum,6569.3,5498.0,179.49,18,22,Pune
2025-05-13,Aluminum,7407.5,6743.1,173.24,16,22,Pune
2025-05-14,Aluminum,7372.3,5611.3,186.52,17,20,Ahmedabad
2025-05-15,Aluminum,7259.3,6065.6,174.1,19,27,Mumbai
2025-05-16,Aluminum,7904.4,6741.1,185.21,20,27,Hyderabad
2025-05-17,Aluminum,5706.0,4869.8,176.18,13,17,Delhi
2025-05-18,Aluminum,4441.9,4094.9,186.63,13,12,Kolkata
2025-05-19,Aluminum,7465.5,6122.9,171.34,16,13,Chennai
2025-05-20,Aluminum,7727.4,7109.4,173.54,20,24,Surat
2025-05-21,Aluminum,7138.9,5830.3,188.4,19,24,Coimbatore
2025-05-22,Aluminum,7109.0,6411.0,182.57,19,27,Bengaluru
2025-05-23,Aluminum,7647.3,7122.0,187.27,19,21,Kolkata
2025-05-24,Aluminum,6043.6,4987.2,179.55,14,15,Delhi
2025-05-25,Aluminum,3706.4,2888.5,188.02,11,10,Mumbai
2025-05-26,Aluminum,7124.5,6312.3,174.8,19,19,Kolkata
2025-05-27,Aluminum,7391.1,6697.6,177.8,17,16,Kolkata
2025-05-28,Aluminum,7515.3,5744.6,188.33,17,16,Ahmedabad
2025-05-29,Aluminum,7048.7,6244.6,172.6,15,17,Hyderabad
2025-05-30,Aluminum,6366.5,5842.2,186.95,16,16,Pune
2025-05-31,Aluminum,6009.0,5060.8,186.95,14,18,Bengaluru
2025-06-01,Aluminum,3757.9,3110.1,187.98,12,14,Coimbatore
2025-06-02,Aluminum,6599.7,5622.2,187.23,18,26,Surat
2025-06-03,Aluminum,6342.9,5376.7,179.93,17,25,Pune
2025-06-04,Aluminum,7424.3,6478.9,183.31,17,25,Kolkata
2025-06-05,Aluminum,7206.1,6432.0,173.49,17,24,Ahmedabad
2025-06-06,Aluminum,7087.1,6378.3,185.17,15,22,Hyderabad
2025-06-07,Aluminum,6198.2,5239.0,179.38,17,19,Coimbatore
2025-06-08,Aluminum,4264.8,3424.8,173.71,13,14,Pune
2025-06-09,Aluminum,7600.6,5822.8,181.74,18,17,Chennai
2025-06-10,Aluminum,6684.6,5115.1,184.58,15,19,Hyderabad
2025-06-11,Aluminum,7078.7,5393.1,181.59,15,19,Coimbatore
2025-06-12,Aluminum,6590.5,5695.5,176.0,14,19,Pune
2025-06-13,Aluminum,6993.1,5802.1,184.07,16,16,Mumbai
2025-06-14,Aluminum,5631.1,5036.9,177.18,16,24,Pune
2025-06-15,Aluminum,4207.6,3706.6,178.61,10,10,Bengaluru
2025-06-16,Aluminum,7034.1,6561.1,186.57,16,23,Delhi
2025-06-17,Aluminum,7193.4,6810.5,182.36,15,21,Coimbatore
2025-06-18,Aluminum,7203.3,5777.4,171.52,19,25,Chennai
2025-06-19,Aluminum,7624.5,5809.8,175.42,18,22,Pune
2025-06-20,Aluminum,6869.2,6284.6,172.4,19,24,Surat
2025-06-21,Aluminum,5343.4,4543.9,181.65,15,21,Chennai
2025-06-22,Aluminum,4036.7,3097.6,172.83,11,13,Ahmedabad
2025-06-23,Aluminum,6679.9,6062.1,175.98,17,15,Mumbai
2025-06-24,Aluminum,7350.6,6204.5,178.65,16,19,Delhi
2025-06-25,Aluminum,6806.4,5800.6,183.04,17,22,Surat
2025-06-26,Aluminum,6707.1,5582.5,183.08,17,20,Bengaluru
2025-06-27,Aluminum,6720.7,5992.4,171.28,16,21,Pune
2025-06-28,Aluminum,5758.6,4784.4,188.6,17,18,Kolkata
2025-06-29,Aluminum,3857.0,3387.9,172.22,10,13,Hyderabad
2025-06-30,Aluminum,6625.3,4973.8,174.25,15,17,Mumbai
2025-07-01,Aluminum,7302.7,6726.3,176.68,19,24,Surat
2025-07-02,Aluminum,6531.4,5597.4,174.15,15,13,Coimbatore
2025-07-03,Aluminum,6784.1,5569.1,174.89,15,18,Delhi
2025-07-04,Aluminum,6954.3,5260.6,179.72,18,25,Hyderabad
2025-07-05,Aluminum,4969.8,4275.8,186.08,13,15,Kolkata
2025-07-06,Aluminum,3989.2,3262.8,175.7,11,15,Bengaluru
2025-07-07,Aluminum,6397.6,4801.6,176.89,16,16,Coimbatore
2025-07-08,Aluminum,6946.1,6501.6,184.43,16,23,Hyderabad
2025-07-09,Aluminum,6395.7,5798.5,179.66,15,21,Chennai
2025-07-10,Aluminum,6877.6,5897.2,184.46,18,20,Ahmedabad
2025-07-11,Aluminum,6986.7,5909.4,172.72,15,22,Pune
2025-07-12,Aluminum,5633.9,4311.5,183.14,12,11,Kolkata
2025-07-13,Aluminum,3861.5,3184.9,175.82,12,16,Kolkata
2025-07-14,Aluminum,6541.6,5972.1,177.29,18,26,Kolkata
2025-07-15,Aluminum,6423.5,5286.1,174.02,14,16,Surat
2025-07-16,Aluminum,7023.3,5728.0,186.78,19,16,Surat
2025-07-17,Aluminum,6357.7,5432.7,183.71,14,20,Kolkata
2025-07-18,Aluminum,6242.0,5903.9,176.95,17,24,Chennai
2025-07-19,Aluminum,5493.0,4533.7,177.21,16,15,Kolkata
2025-07-20,Aluminum,3489.5,2760.6,186.37,12,11,Kolkata
2025-07-21,Aluminum,6225.5,5618.1,181.29,17,24,Coimbatore
2025-07-22,Aluminum,6063.3,5435.6,188.87,17,14,Mumbai
2025-07-23,Aluminum,6337.6,5851.1,174.4,15,19,Bengaluru
2025-07-24,Aluminum,6443.8,5234.6,173.83,18,25,Surat
2025-07-25,Aluminum,6527.8,5500.7,186.14,14,19,Chennai
2025-07-26,Aluminum,5499.7,4315.5,180.27,13,15,Hyderabad
2025-07-27,Aluminum,3831.0,3099.4,188.82,11,14,Chennai
2025-07-28,Aluminum,6356.9,5017.7,172.51,16,17,Coimbatore
2025-07-29,Aluminum,6341.4,5963.8,176.77,14,13,Mumbai
2025-07-30,Aluminum,6540.7,5293.8,179.1,18,16,Chennai
2025-07-31,Aluminum,6756.4,6274.9,182.1,18,19,Kolkata
2025-08-01,Aluminum,6399.6,5187.6,184.82,16,18,Delhi
2025-08-02,Aluminum,4998.9,3986.5,185.4,13,19,Mumbai
2025-08-03,Aluminum,3322.9,2571.7,181.05,9,11,Chennai
2025-08-04,Aluminum,5890.3,4584.3,187.9,17,17,Bengaluru
2025-08-05,Aluminum,6511.4,4955.3,176.52,14,20,Chennai
2025-08-06,Aluminum,6472.8,4884.3,188.49,17,25,Delhi
2025-08-07,Aluminum,6460.6,5737.0,172.68,14,20,Kolkata
2025-08-08,Aluminum,6236.9,5471.6,173.88,15,13,Chennai
2025-08-09,Aluminum,5492.8,4564.0,173.55,16,23,Bengaluru
2025-08-10,Aluminum,3427.6,3041.7,182.39,11,12,Delhi
2025-08-11,Aluminum,6527.7,5118.4,185.08,18,22,Delhi
2025-08-12,Aluminum,6218.4,5851.0,171.55,14,17,Ahmedabad
2025-08-13,Aluminum,6036.6,5219.2,187.78,13,17,Coimbatore
2025-08-14,Aluminum,6386.1,5230.6,175.15,16,18,Bengaluru
2025-08-15,Aluminum,6320.7,5437.4,179.21,15,14,Coimbatore
2025-08-16,Aluminum,5116.0,3884.7,182.62,14,20,Mumbai
2025-08-17,Aluminum,3554.3,3063.0,182.08,9,9,Hyderabad
2025-08-18,Aluminum,6156.1,5302.3,187.91,14,17,Chennai
2025-08-19,Aluminum,6874.3,5561.6,174.35,15,15,Kolkata
2025-08-20,Aluminum,6503.6,6028.3,185.45,14,18,Bengaluru
2025-08-21,Aluminum,6355.9,5928.2,188.06,17,14,Delhi
2025-08-22,Aluminum,6163.6,4676.8,180.94,14,19,Bengaluru
2025-08-23,Aluminum,5257.5,4218.8,178.53,14,20,Ahmedabad
2025-08-24,Aluminum,3648.4,2928.6,188.18,11,14,Surat
2025-08-25,Aluminum,6112.2,5765.1,171.75,17,14,Chennai
2025-08-26,Aluminum,6005.2,5266.0,188.5,17,20,Delhi
2025-08-27,Aluminum,6064.2,5023.8,183.38,14,12,Delhi
2025-08-28,Aluminum,5129.7,4185.0,186.14,14,19,Hyderabad
2025-08-29,Aluminum,6136.7,5234.4,179.86,17,25,Ahmedabad
2025-08-30,Aluminum,4764.4,4267.0,177.86,14,18,Surat
2025-08-31,Aluminum,3940.4,3446.6,175.28,10,11,Coimbatore
2025-09-01,Aluminum,6058.9,5049.1,173.3,14,19,Coimbatore
2025-09-02,Aluminum,5690.1,5274.4,188.86,13,15,Coimbatore
2025-09-03,Aluminum,6025.7,5630.5,179.68,17,17,Ahmedabad
2025-09-04,Aluminum,5721.1,5323.5,172.43,16,20,Hyderabad
2025-09-05,Aluminum,6171.5,5256.8,174.73,13,17,Mumbai
2025-09-06,Aluminum,4964.0,4573.7,180.38,13,17,Kolkata
2025-09-07,Aluminum,3726.9,2920.8,183.93,10,10,Surat
2025-09-08,Aluminum,5777.3,5154.9,173.2,16,22,Coimbatore
2025-09-09,Aluminum,6020.4,5667.6,175.2,16,14,Hyderabad
2025-09-10,Aluminum,5596.6,4856.2,186.89,15,17,Coimbatore
2025-09-11,Aluminum,6212.7,5678.5,176.96,14,12,Delhi
2025-09-12,Aluminum,6154.4,5223.1,185.54,15,21,Kolkata
2025-09-13,Aluminum,5002.3,4155.9,182.28,14,19,Pune
2025-09-14,Aluminum,3424.8,2828.9,182.89,12,17,Pune
2025-09-15,Aluminum,6114.3,5532.6,187.91,17,21,Bengaluru
2025-09-16,Aluminum,6468.9,5531.6,173.97,18,26,Chennai
2025-09-17,Aluminum,5900.0,5046.8,173.78,15,14,Delhi
2025-09-18,Aluminum,6025.3,5601.5,180.26,16,19,Mumbai
2025-09-19,Aluminum,5656.4,5013.3,185.97,15,22,Ahmedabad
2025-09-20,Aluminum,4581.4,3896.4,181.99,13,13,Kolkata
2025-09-21,Aluminum,3446.6,2735.8,188.52,10,12,Surat
2025-09-22,Aluminum,6310.9,5332.6,173.64,15,16,Hyderabad
2025-09-23,Aluminum,5902.6,4522.8,179.6,15,19,Pune
2025-09-24,Aluminum,5908.8,5140.3,173.86,17,22,Ahmedabad
2025-09-25,Aluminum,5857.9,4715.1,183.75,15,13,Chennai
2025-09-26,Aluminum,5820.2,5186.7,176.24,17,18,Bengaluru
2025-09-27,Aluminum,4930.7,4120.6,176.82,11,15,Chennai
2025-09-28,Aluminum,2969.6,2696.3,182.14,10,10,Hyderabad
2025-09-29,Aluminum,6368.8,5118.2,178.31,16,14,Pune
2025-09-30,Aluminum,5786.8,5241.3,178.84,13,16,Ahmedabad
2025-10-01,Aluminum,6205.3,5311.0,178.68,13,19,Coimbatore
2025-10-02,Aluminum,5610.3,4842.5,174.72,16,22,Coimbatore
2025-10-03,Aluminum,6194.8,5680.7,178.13,14,19,Chennai
2025-10-04,Aluminum,5056.5,4559.5,176.89,14,18,Bengaluru
2025-10-05,Aluminum,3544.3,2780.5,176.05,9,11,Kolkata
2025-10-06,Aluminum,5706.3,5183.5,174.87,16,15,Delhi
2025-10-07,Aluminum,6083.6,5061.8,171.88,17,23,Delhi
2025-10-08,Aluminum,5658.3,4984.9,171.89,12,16,Kolkata
2025-10-09,Aluminum,5942.1,5610.3,175.94,14,13,Mumbai
2025-10-10,Aluminum,6331.8,5449.8,172.3,16,23,Ahmedabad
2025-10-11,Aluminum,5119.1,4604.9,177.75,15,16,Ahmedabad
2025-10-12,Aluminum,3452.6,2661.5,177.23,10,10,Coimbatore
2025-10-13,Aluminum,5747.6,4707.3,181.54,15,12,Delhi
2025-10-14,Aluminum,6240.0,5284.7,175.81,16,20,Bengaluru
2025-10-15,Aluminum,6058.8,5144.9,171.87,15,20,Delhi
2025-10-16,Aluminum,5363.8,5015.3,186.35,14,17,Chennai
2025-10-17,Aluminum,6301.9,4861.4,183.44,18,25,Pune
2025-10-18,Aluminum,4910.3,4084.2,184.3,12,16,Pune
2025-10-19,Aluminum,3836.5,3443.5,174.07,9,13,Pune
2025-10-20,Aluminum,5762.1,5439.2,184.01,14,17,Coimbatore
2025-10-21,Aluminum,5146.2,4552.9,179.17,13,15,Chennai
2025-10-22,Aluminum,6191.6,5775.8,177.95,16,16,Surat
2025-10-23,Aluminum,6204.4,5113.4,179.6,17,17,Delhi
2025-10-24,Aluminum,5619.1,4217.2,181.1,12,17,Pune
2025-10-25,Aluminum,4673.7,3582.1,185.06,14,18,Chennai
2025-10-26,Aluminum,4338.5,3780.7,172.16,13,14,Chennai
2025-10-27,Aluminum,6064.5,4734.2,183.2,15,15,Mumbai
2025-10-28,Aluminum,6386.0,5560.9,173.97,15,19,Delhi
2025-10-29,Aluminum,5982.3,5584.7,182.16,14,16,Hyderabad
2025-10-30,Aluminum,5561.5,4746.6,182.59,16,18,Ahmedabad
2025-10-31,Aluminum,6148.9,5158.9,177.31,15,18,Coimbatore
2025-11-01,Aluminum,4948.8,4188.1,177.51,13,17,Mumbai
2025-11-02,Aluminum,3436.4,3023.1,183.75,10,10,Delhi
2025-11-03,Aluminum,6201.5,5317.2,182.83,13,13,Delhi
2025-11-04,Aluminum,6327.7,5759.1,174.14,15,20,Surat
2025-11-05,Aluminum,6216.1,4992.3,182.02,13,15,Hyderabad
2025-11-06,Aluminum,5895.0,4773.1,173.03,14,15,Ahmedabad
2025-11-07,Aluminum,6433.4,5425.4,188.89,14,12,Pune
2025-11-08,Aluminum,4516.1,3968.3,179.32,11,15,Surat
2025-11-09,Aluminum,2993.4,2820.3,175.33,7,10,Mumbai
2025-11-10,Aluminum,6550.8,5822.7,179.71,15,16,Pune
2025-11-11,Aluminum,6495.4,5479.9,180.01,17,17,Hyderabad
2025-11-12,Aluminum,6340.7,5190.0,182.67,17,17,Delhi
2025-11-13,Aluminum,5954.1,5101.4,186.76,15,17,Surat
2025-11-14,Aluminum,6175.5,5453.2,173.73,14,16,Pune
2025-11-15,Aluminum,5104.7,4185.4,171.32,15,20,Pune
2025-11-16,Aluminum,3189.1,2701.8,181.76,10,11,Kolkata
2025-11-17,Aluminum,6212.8,4781.0,178.36,13,12,Kolkata
2025-11-18,Aluminum,6646.3,6012.8,175.72,14,19,Delhi
2025-11-19,Aluminum,6895.0,5402.4,174.84,17,19,Mumbai
2025-11-20,Aluminum,6357.4,4791.2,172.83,17,23,Ahmedabad
2025-11-21,Aluminum,6726.9,5897.6,172.73,17,22,Ahmedabad
2025-11-22,Aluminum,4701.3,4203.3,185.52,11,16,Chennai
2025-11-23,Aluminum,3931.5,3385.8,183.85,13,13,Coimbatore
2025-11-24,Aluminum,6310.1,5386.6,174.9,16,17,Delhi
2025-11-25,Aluminum,6661.0,5045.1,179.31,15,18,Delhi
2025-11-26,Aluminum,6512.2,5015.4,172.4,16,20,Coimbatore
2025-11-27,Aluminum,7000.6,6173.2,171.71,15,17,Coimbatore
2025-11-28,Aluminum,6360.2,5966.0,179.28,16,19,Ahmedabad
2025-11-29,Aluminum,5564.2,4777.4,183.61,13,19,Pune
2025-11-30,Aluminum,3721.5,3024.7,172.76,9,8,Pune
2025-12-01,Aluminum,6630.4,5739.7,185.05,18,24,Surat
2025-12-02,Aluminum,6641.6,5544.7,178.23,15,16,Hyderabad
2025-12-03,Aluminum,6462.0,5868.3,179.76,15,16,Pune
2025-12-04,Aluminum,6730.6,5994.6,181.7,14,16,Ahmedabad
2025-12-05,Aluminum,6735.3,5224.0,180.61,15,15,Chennai
2025-12-06,Aluminum,5555.7,5241.3,175.15,14,19,Hyderabad
2025-12-07,Aluminum,3907.2,3408.7,172.34,10,8,Ahmedabad
2025-12-08,Aluminum,7052.3,6573.8,176.58,18,22,Surat
2025-12-09,Aluminum,7109.8,5654.7,178.29,16,16,Surat
2025-12-10,Aluminum,6537.6,5444.6,184.84,14,21,Mumbai
2025-12-11,Aluminum,7133.5,6092.2,171.4,15,19,Ahmedabad
2025-12-12,Aluminum,6537.2,5783.5,175.11,16,21,Delhi
2025-12-13,Aluminum,5773.0,5303.6,181.09,14,15,Coimbatore
2025-12-14,Aluminum,4148.2,3537.3,188.54,11,10,Delhi
2025-12-15,Aluminum,6381.2,5088.7,184.13,18,26,Chennai
2025-12-16,Aluminum,7003.1,5450.5,180.12,19,20,Surat
2025-12-17,Aluminum,6855.5,5283.8,185.58,16,24,Bengaluru
2025-12-18,Aluminum,6789.3,5194.6,182.28,16,16,Bengaluru
2025-12-19,Aluminum,7443.1,6780.8,172.49,16,19,Kolkata
2025-12-20,Aluminum,5518.2,4765.1,188.61,14,19,Mumbai
2025-12-21,Aluminum,3803.8,3152.8,184.65,11,12,Mumbai
2025-12-22,Aluminum,7123.9,6239.4,175.91,17,22,Bengaluru
2025-12-23,Aluminum,7328.1,6045.4,185.74,18,18,Chennai
2025-12-24,Aluminum,7101.2,5481.2,172.76,19,24,Pune
2025-12-25,Aluminum,7515.0,5764.5,177.88,19,18,Coimbatore
2025-12-26,Aluminum,7345.8,6518.9,173.6,17,20,Kolkata
2025-12-27,Aluminum,5181.5,3990.0,181.68,14,19,Delhi
2025-12-28,Aluminum,3972.3,3386.8,185.05,13,17,Mumbai
2025-12-29,Aluminum,7082.4,6532.7,187.9,17,18,Bengaluru
2025-12-30,Aluminum,7416.3,5808.2,188.03,18,23,Hyderabad
2025-12-31,Aluminum,6506.6,5138.0,176.83,14,20,Chennai
2025-01-01,Copper,4130.6,3237.6,630.96,18,15,Coimbatore
2025-01-02,Copper,3790.2,3227.9,674.6,17,25,Ahmedabad
2025-01-03,Copper,3736.1,3480.5,620.5,18,15,Delhi
2025-01-04,Copper,3220.5,2841.4,648.91,12,18,Hyderabad
2025-01-05,Copper,2544.8,2303.3,642.02,14,15,Ahmedabad
2025-01-06,Copper,3900.8,3254.1,648.88,14,17,Bengaluru
2025-01-07,Copper,3927.2,3698.2,649.93,14,14,Kolkata
2025-01-08,Copper,3796.9,3489.8,643.16,14,18,Chennai
2025-01-09,Copper,3762.0,3198.5,670.4,15,12,Bengaluru
2025-01-10,Copper,3716.3,3075.0,636.83,16,22,Mumbai
2025-01-11,Copper,2941.6,2567.9,647.87,11,13,Chennai
2025-01-12,Copper,2065.5,1714.9,638.49,9,11,Coimbatore
2025-01-13,Copper,3601.4,2979.7,676.76,17,14,Surat
2025-01-14,Copper,3837.2,3429.9,666.29,14,13,Bengaluru
2025-01-15,Copper,3568.4,2916.3,660.53,13,17,Surat
2025-01-16,Copper,3909.3,3284.3,620.95,18,15,Pune
2025-01-17,Copper,3882.1,3345.3,623.99,17,25,Bengaluru
2025-01-18,Copper,3183.7,2756.8,647.7,12,13,Bengaluru
2025-01-19,Copper,2145.0,1659.3,639.09,9,8,Hyderabad
2025-01-20,Copper,4464.6,3917.8,643.37,17,23,Pune
2025-01-21,Copper,4176.7,3928.3,643.6,15,13,Chennai
2025-01-22,Copper,3733.3,3116.1,665.27,14,17,Kolkata
2025-01-23,Copper,4004.3,3368.0,669.02,19,15,Surat
2025-01-24,Copper,3869.5,3081.6,667.73,16,19,Kolkata
2025-01-25,Copper,3051.0,2793.2,629.99,15,19,Coimbatore
2025-01-26,Copper,2051.5,1706.1,646.66,10,14,Ahmedabad
2025-01-27,Copper,4088.3,3320.9,677.19,18,22,Pune
2025-01-28,Copper,3905.5,3024.5,674.45,14,14,Chennai
2025-01-29,Copper,4206.2,3281.3,652.8,16,14,Pune
2025-01-30,Copper,4222.7,3477.5,679.35,19,25,Surat
2025-01-31,Copper,4301.2,3723.3,678.06,18,25,Surat
2025-02-01,Copper,3147.7,2646.5,649.53,15,13,Ahmedabad
2025-02-02,Copper,2417.1,2150.9,630.0,11,12,Ahmedabad
2025-02-03,Copper,4206.8,3918.7,675.56,17,14,Mumbai
2025-02-04,Copper,4024.8,3751.2,662.91,15,15,Delhi
2025-02-05,Copper,3984.3,3190.1,670.09,19,23,Hyderabad
2025-02-06,Copper,4412.5,3520.4,642.54,18,16,Kolkata
2025-02-07,Copper,4182.0,3515.8,671.63,18,20,Delhi
2025-02-08,Copper,3473.6,3201.1,618.11,15,14,Pune
2025-02-09,Copper,2235.9,2098.1,660.14,13,18,Ahmedabad
2025-02-10,Copper,3962.4,3507.8,660.94,16,22,Ahmedabad
2025-02-11,Copper,4087.1,3686.8,620.4,16,15,Surat
2025-02-12,Copper,4176.0,3792.8,666.15,18,19,Ahmedabad
2025-02-13,Copper,4022.3,3737.6,634.66,17,15,Coimbatore
2025-02-14,Copper,4217.5,3418.0,635.76,19,27,Surat
2025-02-15,Copper,3128.6,2536.3,674.26,15,20,Hyderabad
2025-02-16,Copper,2227.0,2046.0,652.69,11,12,Pune
2025-02-17,Copper,4368.1,4014.4,628.04,16,18,Surat
2025-02-18,Copper,4366.6,4053.1,640.89,20,26,Mumbai
2025-02-19,Copper,4202.5,3826.6,644.38,15,13,Coimbatore
2025-02-20,Copper,4103.0,3474.5,682.06,18,19,Ahmedabad
2025-02-21,Copper,4111.2,3381.1,661.28,17,19,Ahmedabad
2025-02-22,Copper,3416.3,2664.6,654.24,16,14,Delhi
2025-02-23,Copper,2575.9,2283.9,631.16,14,15,Coimbatore
2025-02-24,Copper,4482.4,4041.5,655.2,20,23,Delhi
2025-02-25,Copper,4242.5,3630.2,640.18,19,15,Delhi
2025-02-26,Copper,4136.8,3416.1,655.86,19,18,Delhi
2025-02-27,Copper,4394.7,3355.5,651.26,19,26,Ahmedabad
2025-02-28,Copper,4212.7,3188.0,667.39,18,26,Ahmedabad
2025-03-01,Copper,3443.4,2884.9,641.85,13,17,Hyderabad
2025-03-02,Copper,2731.6,2359.8,675.55,13,12,Hyderabad
2025-03-03,Copper,4527.8,3845.9,655.8,20,17,Chennai
2025-03-04,Copper,4419.1,3363.1,645.96,17,25,Chennai
2025-03-05,Copper,4177.2,3241.5,656.31,16,15,Coimbatore
2025-03-06,Copper,4444.9,3695.4,680.34,17,17,Bengaluru
2025-03-07,Copper,4601.9,3664.8,661.99,18,15,Bengaluru
2025-03-08,Copper,3515.4,2788.2,655.81,14,14,Delhi
2025-03-09,Copper,2768.7,2089.0,643.57,10,14,Delhi
2025-03-10,Copper,4665.3,4027.1,680.83,18,23,Coimbatore
2025-03-11,Copper,4737.6,3931.1,639.85,18,17,Ahmedabad
2025-03-12,Copper,4507.1,3865.0,642.97,17,21,Chennai
2025-03-13,Copper,4563.6,3547.3,639.84,20,26,Coimbatore
2025-03-14,Copper,4715.2,3567.5,642.37,19,19,Kolkata
2025-03-15,Copper,3700.5,3024.3,652.06,16,16,Chennai
2025-03-16,Copper,2472.9,2330.4,658.56,13,18,Mumbai
2025-03-17,Copper,4409.0,3453.8,640.25,18,26,Kolkata
2025-03-18,Copper,4535.6,4129.4,638.56,20,22,Mumbai
2025-03-19,Copper,4274.1,4035.3,641.24,16,18,Delhi
2025-03-20,Copper,4480.8,3854.1,658.94,19,22,Coimbatore
2025-03-21,Copper,4703.6,4166.2,620.23,21,31,Bengaluru
2025-03-22,Copper,3273.4,2535.1,675.2,15,12,Chennai
2025-03-23,Copper,2852.9,2494.3,664.11,13,15,Delhi
2025-03-24,Copper,4724.4,4415.0,679.34,21,27,Kolkata
2025-03-25,Copper,4452.6,4061.8,654.28,19,17,Kolkata
2025-03-26,Copper,4633.1,3935.4,671.21,17,17,Bengaluru
2025-03-27,Copper,4543.3,4139.5,654.38,20,18,Chennai
2025-03-28,Copper,4762.6,4023.3,660.82,20,20,Chennai
2025-03-29,Copper,3856.7,3222.0,632.74,15,18,Kolkata
2025-03-30,Copper,2358.4,1771.9,617.79,11,9,Coimbatore
2025-03-31,Copper,4662.8,3663.8,649.2,19,24,Bengaluru
2025-04-01,Copper,4528.0,4246.4,627.06,18,24,Coimbatore
2025-04-02,Copper,4582.2,3512.0,675.18,19,19,Mumbai
2025-04-03,Copper,4443.8,3392.2,635.4,19,23,Chennai
2025-04-04,Copper,4880.5,3714.6,675.22,21,23,Ahmedabad
2025-04-05,Copper,3887.8,3164.3,665.58,14,15,Delhi
2025-04-06,Copper,2488.1,2204.9,654.62,12,12,Coimbatore
2025-04-07,Copper,4350.0,3462.4,664.39,16,18,Pune
2025-04-08,Copper,4518.7,3653.2,652.79,17,16,Surat
2025-04-09,Copper,4664.7,4401.2,650.5,20,18,Hyderabad
2025-04-10,Copper,4633.0,4113.0,631.55,21,27,Coimbatore
2025-04-11,Copper,4812.3,4019.5,669.22,19,20,Surat
2025-04-12,Copper,3858.0,3012.0,626.25,17,14,Kolkata
2025-04-13,Copper,2796.4,2288.7,663.24,15,19,Coimbatore
2025-04-14,Copper,4655.5,3580.7,620.38,17,20,Ahmedabad
2025-04-15,Copper,4356.6,3798.3,672.56,19,24,Coimbatore
2025-04-16,Copper,4566.7,3988.9,640.28,21,19,Chennai
2025-04-17,Copper,4787.5,4403.0,627.56,19,17,Hyderabad
2025-04-18,Copper,4593.8,4093.1,680.52,20,28,Mumbai
2025-04-19,Copper,3814.7,3300.0,672.81,17,21,Kolkata
2025-04-20,Copper,2575.1,2014.5,676.62,12,14,Pune
2025-04-21,Copper,4424.2,4127.3,670.19,16,18,Hyderabad
2025-04-22,Copper,4582.9,4172.3,659.49,17,17,Bengaluru
2025-04-23,Copper,4658.6,4401.1,676.26,20,21,Ahmedabad
2025-04-24,Copper,4489.6,3639.0,673.35,18,26,Mumbai
2025-04-25,Copper,4562.7,3934.2,647.9,18,22,Bengaluru
2025-04-26,Copper,3562.2,2946.3,639.98,13,15,Kolkata
2025-04-27,Copper,2826.0,2253.9,622.06,13,16,Ahmedabad
2025-04-28,Copper,4550.4,4075.0,632.82,20,26,Ahmedabad
2025-04-29,Copper,4855.1,4107.4,674.82,20,20,Mumbai
2025-04-30,Copper,4867.2,3842.7,674.92,20,25,Ahmedabad
2025-05-01,Copper,4584.1,3913.8,628.21,20,21,Chennai
2025-05-02,Copper,4420.3,3613.6,643.9,18,17,Kolkata
2025-05-03,Copper,3354.8,3097.5,659.59,14,17,Surat
2025-05-04,Copper,2367.1,1797.5,669.9,11,16,Coimbatore
2025-05-05,Copper,4350.7,3820.5,625.65,19,23,Delhi
2025-05-06,Copper,4830.2,4551.0,658.22,18,22,Coimbatore
2025-05-07,Copper,4606.9,4009.3,644.73,19,22,Ahmedabad
2025-05-08,Copper,4652.3,3875.6,636.22,18,20,Bengaluru
2025-05-09,Copper,4192.8,3250.2,634.51,16,23,Hyderabad
2025-05-10,Copper,3496.8,2911.1,656.47,13,16,Chennai
2025-05-11,Copper,2769.9,2475.1,634.95,10,14,Pune
2025-05-12,Copper,4622.7,3604.1,633.21,17,23,Bengaluru
2025-05-13,Copper,4543.5,4152.4,643.24,17,17,Pune
2025-05-14,Copper,4664.7,3891.4,680.53,17,24,Chennai
2025-05-15,Copper,4848.5,4142.3,625.68,22,30,Hyderabad
2025-05-16,Copper,4519.8,4274.7,657.2,18,20,Mumbai
2025-05-17,Copper,3699.3,2895.5,654.89,15,21,Pune
2025-05-18,Copper,2634.1,2300.3,661.99,13,18,Chennai
2025-05-19,Copper,4965.2,4700.0,633.7,22,18,Bengaluru
2025-05-20,Copper,4174.9,3269.9,667.49,16,21,Ahmedabad
2025-05-21,Copper,4657.4,4171.7,632.86,19,15,Hyderabad
2025-05-22,Copper,4513.2,3514.2,654.08,20,17,Coimbatore
2025-05-23,Copper,4627.8,3871.0,672.26,20,17,Mumbai
2025-05-24,Copper,3547.1,2873.9,646.85,16,16,Pune
2025-05-25,Copper,2573.7,2094.0,660.31,10,13,Mumbai
2025-05-26,Copper,4638.3,3642.0,633.66,20,25,Surat
2025-05-27,Copper,5053.4,3935.2,663.35,18,24,Ahmedabad
2025-05-28,Copper,4644.8,4366.5,670.24,19,28,Hyderabad
2025-05-29,Copper,4349.6,3803.3,637.38,17,22,Delhi
2025-05-30,Copper,4418.3,3832.9,635.52,17,22,Surat
2025-05-31,Copper,3552.8,3279.3,668.93,15,14,Ahmedabad
2025-06-01,Copper,2246.4,1935.5,631.96,12,11,Kolkata
2025-06-02,Copper,4417.4,3400.2,631.89,16,23,Hyderabad
2025-06-03,Copper,4597.5,3703.0,633.66,18,15,Hyderabad
2025-06-04,Copper,4240.2,3539.0,624.1,17,15,Ahmedabad
2025-06-05,Copper,4640.5,4346.7,618.91,21,25,Hyderabad
2025-06-06,Copper,4536.1,4050.4,647.31,17,16,Pune
2025-06-07,Copper,3469.3,2633.1,677.03,16,13,Hyderabad
2025-06-08,Copper,2511.2,2296.0,638.73,10,11,Chennai
2025-06-09,Copper,4711.1,3877.8,640.67,21,29,Coimbatore
2025-06-10,Copper,4553.2,4147.0,679.64,19,24,Coimbatore
2025-06-11,Copper,4419.6,3556.3,627.4,18,26,Delhi
2025-06-12,Copper,4369.7,3544.3,622.62,20,18,Pune
2025-06-13,Copper,4417.8,4069.5,626.05,17,20,Coimbatore
2025-06-14,Copper,3470.3,3256.1,667.6,13,16,Hyderabad
2025-06-15,Copper,2140.5,1957.4,665.13,10,14,Pune
2025-06-16,Copper,4740.8,4234.0,632.01,19,23,Mumbai
2025-06-17,Copper,4403.4,4123.0,680.82,20,26,Ahmedabad
2025-06-18,Copper,4438.7,3426.7,662.48,18,19,Chennai
2025-06-19,Copper,4351.7,4042.0,643.0,17,16,Kolkata
2025-06-20,Copper,4225.8,3703.3,626.04,17,18,Coimbatore
2025-06-21,Copper,3486.5,3200.5,645.49,16,14,Chennai
2025-06-22,Copper,2199.9,1945.3,674.22,11,16,Delhi
2025-06-23,Copper,4730.7,3772.7,626.04,17,19,Chennai
2025-06-24,Copper,4108.6,3338.4,636.3,15,15,Kolkata
2025-06-25,Copper,4136.5,3648.0,650.06,17,22,Delhi
2025-06-26,Copper,4232.5,3678.6,647.44,16,16,Hyderabad
2025-06-27,Copper,4527.3,4022.7,644.96,21,17,Surat
2025-06-28,Copper,3478.8,2635.5,620.37,15,20,Delhi
2025-06-29,Copper,2233.1,2002.1,672.72,10,12,Ahmedabad
2025-06-30,Copper,4498.3,4121.4,651.59,20,17,Surat
2025-07-01,Copper,4399.0,3481.5,635.77,19,24,Delhi
2025-07-02,Copper,4357.6,4085.9,653.57,16,17,Kolkata
2025-07-03,Copper,4380.8,3700.1,652.32,18,16,Pune
2025-07-04,Copper,4666.8,4370.5,678.01,17,25,Coimbatore
2025-07-05,Copper,3814.8,3365.3,642.32,17,23,Kolkata
2025-07-06,Copper,2298.2,2072.4,642.21,10,12,Coimbatore
2025-07-07,Copper,4508.6,3813.5,627.65,19,17,Coimbatore
2025-07-08,Copper,4283.6,3833.0,681.43,16,20,Mumbai
2025-07-09,Copper,4296.1,3606.5,658.6,19,18,Delhi
2025-07-10,Copper,3904.9,3149.5,647.8,15,20,Coimbatore
2025-07-11,Copper,4163.4,3921.4,631.93,18,22,Kolkata
2025-07-12,Copper,3246.0,2928.0,655.46,16,17,Mumbai
2025-07-13,Copper,2532.2,2074.7,635.96,14,13,Ahmedabad
2025-07-14,Copper,4357.5,4045.2,634.41,19,19,Coimbatore
2025-07-15,Copper,3799.3,3566.6,642.13,18,24,Ahmedabad
2025-07-16,Copper,4150.8,3422.4,673.95,17,23,Chennai
2025-07-17,Copper,4343.3,3330.4,637.28,19,16,Surat
2025-07-18,Copper,4106.7,3733.5,670.87,16,24,Hyderabad
2025-07-19,Copper,3472.4,3247.5,623.31,13,19,Ahmedabad
2025-07-20,Copper,2418.2,1915.0,678.08,9,12,Bengaluru
2025-07-21,Copper,4176.6,3424.4,671.77,17,19,Hyderabad
2025-07-22,Copper,4061.9,3241.6,648.03,18,20,Hyderabad
2025-07-23,Copper,3889.1,2931.2,630.5,17,19,Kolkata
2025-07-24,Copper,3898.4,3298.9,655.97,15,21,Chennai
2025-07-25,Copper,4211.6,3471.3,653.09,16,13,Chennai
2025-07-26,Copper,3306.4,2574.7,660.71,13,19,Mumbai
2025-07-27,Copper,2303.2,1882.6,619.05,9,13,Mumbai
2025-07-28,Copper,3991.8,3464.8,619.54,15,19,Surat
2025-07-29,Copper,4005.6,3740.0,672.29,19,26,Delhi
2025-07-30,Copper,4235.3,3711.1,632.9,20,23,Mumbai
2025-07-31,Copper,3986.5,3290.9,642.96,15,14,Mumbai
2025-08-01,Copper,3803.7,3042.0,631.78,14,11,Surat
2025-08-02,Copper,3393.9,2599.4,632.02,14,17,Surat
2025-08-03,Copper,2264.2,2122.4,681.58,12,15,Mumbai
2025-08-04,Copper,4024.1,3103.7,681.95,19,28,Delhi
2025-08-05,Copper,4293.5,3489.8,635.15,19,17,Surat
2025-08-06,Copper,4002.2,3399.1,630.15,15,17,Delhi
2025-08-07,Copper,4050.2,3164.6,639.39,18,24,Delhi
2025-08-08,Copper,3787.1,2882.5,628.29,15,12,Hyderabad
2025-08-09,Copper,3189.5,2964.1,636.15,14,15,Ahmedabad
2025-08-10,Copper,2381.8,2001.5,672.62,9,8,Chennai
2025-08-11,Copper,3703.5,3266.0,651.21,14,19,Chennai
2025-08-12,Copper,4005.1,3743.2,672.8,16,21,Kolkata
2025-08-13,Copper,3982.0,3689.4,618.28,15,16,Delhi
2025-08-14,Copper,3966.1,3009.0,652.75,15,21,Hyderabad
2025-08-15,Copper,4135.1,3580.3,649.21,19,19,Mumbai
2025-08-16,Copper,3254.8,2757.4,657.42,16,19,Hyderabad
2025-08-17,Copper,2511.9,2093.1,638.72,13,14,Pune
2025-08-18,Copper,3764.4,3447.5,670.17,16,16,Bengaluru
2025-08-19,Copper,3957.2,2979.6,627.9,17,22,Bengaluru
2025-08-20,Copper,3943.5,3155.6,652.87,18,17,Chennai
2025-08-21,Copper,3737.0,2985.4,647.5,17,15,Pune
2025-08-22,Copper,4087.1,3099.3,678.8,15,22,Coimbatore
2025-08-23,Copper,3576.5,3179.8,642.22,16,20,Chennai
2025-08-24,Copper,2232.1,2084.8,668.72,13,17,Surat
2025-08-25,Copper,3995.7,3323.4,642.41,15,15,Chennai
2025-08-26,Copper,3918.3,3623.1,654.41,14,19,Surat
2025-08-27,Copper,3774.9,3438.4,657.52,16,22,Delhi
2025-08-28,Copper,3577.6,3367.5,661.48,14,20,Ahmedabad
2025-08-29,Copper,3769.4,3135.5,653.39,15,15,Coimbatore
2025-08-30,Copper,2905.2,2307.0,622.6,11,10,Chennai
2025-08-31,Copper,2519.1,2149.1,624.71,14,17,Mumbai
2025-09-01,Copper,3863.5,2905.1,681.41,14,18,Hyderabad
2025-09-02,Copper,3820.4,2984.9,658.85,17,24,Coimbatore
2025-09-03,Copper,4034.0,3275.4,646.78,19,20,Coimbatore
2025-09-04,Copper,3679.7,3181.1,635.37,14,19,Delhi
2025-09-05,Copper,3739.5,3143.6,636.73,18,20,Hyderabad
2025-09-06,Copper,3146.1,2403.1,630.37,14,19,Pune
2025-09-07,Copper,2391.4,2158.4,642.83,11,12,Bengaluru
2025-09-08,Copper,3955.9,3329.1,660.49,18,22,Coimbatore
2025-09-09,Copper,3910.0,3288.3,634.9,15,14,Ahmedabad
2025-09-10,Copper,3878.9,3115.2,657.69,18,22,Kolkata
2025-09-11,Copper,3934.1,3304.5,656.78,15,15,Chennai
2025-09-12,Copper,3898.4,3475.8,643.06,18,18,Bengaluru
2025-09-13,Copper,2946.4,2690.5,643.79,13,11,Delhi
2025-09-14,Copper,2214.7,1668.5,628.41,12,13,Chennai
2025-09-15,Copper,3673.4,3271.4,653.67,16,18,Delhi
2025-09-16,Copper,3875.2,3093.5,662.05,14,12,Kolkata
2025-09-17,Copper,3776.9,3287.8,659.36,16,17,Chennai
2025-09-18,Copper,4305.5,3371.8,632.18,16,17,Mumbai
2025-09-19,Copper,3854.5,2907.3,635.76,16,23,Delhi
2025-09-20,Copper,2880.6,2427.7,637.02,15,16,Surat
2025-09-21,Copper,2183.8,1994.4,655.91,12,12,Chennai
2025-09-22,Copper,3954.5,3335.5,675.88,16,17,Chennai
2025-09-23,Copper,4157.6,3139.3,620.98,18,24,Coimbatore
2025-09-24,Copper,3762.9,3389.2,646.39,15,19,Pune
2025-09-25,Copper,3590.7,3105.3,637.65,14,19,Coimbatore
2025-09-26,Copper,4012.3,3365.6,624.21,15,17,Surat
2025-09-27,Copper,2892.2,2576.1,645.0,11,16,Mumbai
2025-09-28,Copper,2137.0,1866.1,628.56,8,8,Mumbai
2025-09-29,Copper,3830.6,2938.9,680.66,16,17,Surat
2025-09-30,Copper,3866.0,3226.5,635.66,15,14,Kolkata
2025-10-01,Copper,4001.5,3243.6,654.2,18,27,Pune
2025-10-02,Copper,3764.2,3104.7,628.01,18,27,Ahmedabad
2025-10-03,Copper,3839.1,3475.3,619.22,15,20,Pune
2025-10-04,Copper,3146.8,2513.5,617.58,12,12,Surat
2025-10-05,Copper,2251.2,1951.2,642.51,12,18,Hyderabad
2025-10-06,Copper,3914.7,3499.2,664.15,18,20,Ahmedabad
2025-10-07,Copper,3977.8,3170.6,682.14,16,24,Mumbai
2025-10-08,Copper,4053.3,3658.8,662.64,16,16,Ahmedabad
2025-10-09,Copper,3978.7,3555.1,627.4,16,22,Kolkata
2025-10-10,Copper,3994.0,3652.7,672.48,18,25,Hyderabad
2025-10-11,Copper,2895.9,2655.9,627.47,14,18,Delhi
2025-10-12,Copper,2251.3,1937.7,660.65,11,14,Hyderabad
2025-10-13,Copper,4013.4,3229.6,630.55,15,21,Ahmedabad
2025-10-14,Copper,4062.4,3792.2,642.88,15,17,Pune
2025-10-15,Copper,3819.3,3142.4,659.17,17,24,Pune
2025-10-16,Copper,3830.9,3227.5,625.64,14,15,Pune
2025-10-17,Copper,3851.7,2907.6,662.84,18,21,Hyderabad
2025-10-18,Copper,3298.3,3090.2,641.61,14,15,Delhi
2025-10-19,Copper,2446.5,1937.0,656.01,13,14,Chennai
2025-10-20,Copper,3900.1,3657.3,660.57,16,17,Coimbatore
2025-10-21,Copper,4137.0,3803.5,632.5,16,16,Bengaluru
2025-10-22,Copper,4006.7,3386.0,672.1,15,20,Delhi
2025-10-23,Copper,3970.6,3293.6,666.08,16,17,Bengaluru
2025-10-24,Copper,3962.7,3451.0,672.9,15,15,Surat
2025-10-25,Copper,3374.6,3154.5,642.81,13,10,Chennai
2025-10-26,Copper,2351.3,2132.1,669.26,9,11,Coimbatore
2025-10-27,Copper,4421.3,3389.5,638.74,16,17,Surat
2025-10-28,Copper,3882.1,3268.5,654.02,16,24,Surat
2025-10-29,Copper,4130.2,3615.4,622.82,15,21,Coimbatore
2025-10-30,Copper,3955.5,3003.7,665.59,19,17,Hyderabad
2025-10-31,Copper,3904.7,3343.1,637.19,17,24,Surat
2025-11-01,Copper,3289.4,2500.8,661.73,16,22,Ahmedabad
2025-11-02,Copper,2352.5,1824.5,661.3,10,9,Mumbai
2025-11-03,Copper,4594.8,4057.5,651.9,20,25,Ahmedabad
2025-11-04,Copper,4061.4,3816.6,633.43,18,25,Pune
2025-11-05,Copper,3905.5,3686.3,664.6,14,17,Bengaluru
2025-11-06,Copper,4160.9,3942.7,667.69,19,22,Bengaluru
2025-11-07,Copper,3760.1,2835.9,631.37,14,16,Delhi
2025-11-08,Copper,3330.0,3044.9,625.4,15,13,Hyderabad
2025-11-09,Copper,2370.6,2170.7,627.61,12,12,Chennai
2025-11-10,Copper,4293.3,3812.7,645.86,17,19,Hyderabad
2025-11-11,Copper,4335.4,3526.3,658.17,20,17,Ahmedabad
2025-11-12,Copper,4087.8,3421.1,618.47,16,14,Surat
2025-11-13,Copper,4160.6,3675.0,663.85,16,20,Pune
2025-11-14,Copper,4064.1,3161.8,675.98,16,23,Delhi
2025-11-15,Copper,3210.3,2924.6,676.75,13,14,Surat
2025-11-16,Copper,2466.3,1968.3,655.41,13,18,Surat
2025-11-17,Copper,4009.9,3264.8,673.4,16,16,Surat
2025-11-18,Copper,4172.1,3474.9,634.22,17,22,Mumbai
2025-11-19,Copper,4082.5,3682.5,633.64,18,24,Kolkata
2025-11-20,Copper,4365.0,3653.5,624.84,16,14,Hyderabad
2025-11-21,Copper,4596.4,3650.3,645.2,17,21,Kolkata
2025-11-22,Copper,3248.0,2451.9,654.03,15,13,Pune
2025-11-23,Copper,2136.4,1737.9,640.1,8,11,Delhi
2025-11-24,Copper,4297.1,3823.2,628.35,19,22,Surat
2025-11-25,Copper,4334.6,3296.1,677.45,20,17,Bengaluru
2025-11-26,Copper,4383.1,3301.2,664.93,19,28,Ahmedabad
2025-11-27,Copper,4279.9,3354.0,644.31,19,20,Coimbatore
2025-11-28,Copper,4336.2,3439.8,629.87,20,20,Kolkata
2025-11-29,Copper,3613.8,3285.9,628.89,15,16,Surat
2025-11-30,Copper,2695.3,2339.2,679.34,13,17,Ahmedabad
2025-12-01,Copper,4069.8,3842.0,669.28,16,20,Pune
2025-12-02,Copper,4361.1,4122.8,672.93,18,24,Chennai
2025-12-03,Copper,4477.0,3863.0,659.33,17,17,Ahmedabad
2025-12-04,Copper,4292.9,3451.0,623.05,16,18,Hyderabad
2025-12-05,Copper,4770.6,4520.3,680.11,20,16,Kolkata
2025-12-06,Copper,3517.0,2937.2,679.98,16,24,Ahmedabad
2025-12-07,Copper,2562.1,2363.7,624.26,11,12,Kolkata
2025-12-08,Copper,4608.0,3724.8,672.76,18,17,Coimbatore
2025-12-09,Copper,4421.7,3796.5,641.0,17,14,Kolkata
2025-12-10,Copper,4216.7,3752.4,655.07,16,20,Kolkata
2025-12-11,Copper,4479.5,3484.4,647.81,17,23,Coimbatore
2025-12-12,Copper,4749.5,4405.6,661.89,21,25,Chennai
2025-12-13,Copper,3652.1,2864.5,646.19,17,25,Mumbai
2025-12-14,Copper,2480.0,2130.2,627.21,10,11,Coimbatore
2025-12-15,Copper,4776.2,3643.3,646.7,17,20,Bengaluru
2025-12-16,Copper,4571.5,3926.7,633.97,17,19,Bengaluru
2025-12-17,Copper,4555.3,3862.9,662.88,18,22,Pune
2025-12-18,Copper,4686.0,3576.6,658.11,19,20,Chennai
2025-12-19,Copper,4810.0,4265.9,618.77,19,27,Coimbatore
2025-12-20,Copper,4213.9,3593.0,657.7,19,25,Bengaluru
2025-12-21,Copper,2833.9,2198.4,674.51,12,15,Coimbatore
2025-12-22,Copper,4924.4,3899.9,618.2,21,19,Hyderabad
2025-12-23,Copper,4648.4,3785.9,627.48,21,20,Hyderabad
2025-12-24,Copper,4573.1,4042.3,661.88,19,18,Ahmedabad
2025-12-25,Copper,4779.1,3900.6,630.81,17,25,Surat
2025-12-26,Copper,4802.6,3737.9,679.69,17,24,Chennai
2025-12-27,Copper,3696.6,3416.5,663.62,15,13,Delhi
2025-12-28,Copper,2720.9,2373.8,671.85,13,17,Mumbai
2025-12-29,Copper,4901.0,3684.8,630.91,18,18,Mumbai
2025-12-30,Copper,4909.9,4575.9,621.68,18,19,Delhi
2025-12-31,Copper,4950.9,4100.3,655.22,18,15,Kolkata
2025-01-01,Steel,12807.1,11625.7,41.29,14,12,Chennai
2025-01-02,Steel,12364.8,10484.9,41.16,17,25,Bengaluru
2025-01-03,Steel,12397.1,10576.5,42.36,15,13,Pune
2025-01-04,Steel,9595.5,7208.3,43.34,15,22,Delhi
2025-01-05,Steel,8372.8,7309.9,44.01,12,10,Hyderabad
2025-01-06,Steel,12822.8,9930.4,43.41,16,17,Hyderabad
2025-01-07,Steel,12716.2,11308.0,40.46,18,26,Pune
2025-01-08,Steel,12330.1,10488.5,42.2,16,20,Mumbai
2025-01-09,Steel,14685.0,11704.0,43.77,16,23,Mumbai
2025-01-10,Steel,12315.8,10460.9,41.6,15,20,Hyderabad
2025-01-11,Steel,10263.2,8920.4,40.1,11,9,Pune
2025-01-12,Steel,7696.4,6967.2,43.33,11,13,Delhi
2025-01-13,Steel,13428.0,12313.0,41.84,18,21,Bengaluru
2025-01-14,Steel,13678.5,11358.3,40.83,18,18,Surat
2025-01-15,Steel,14224.0,10721.1,40.9,17,24,Pune
2025-01-16,Steel,13478.7,12271.9,42.14,18,14,Surat
2025-01-17,Steel,12576.9,10617.1,43.41,17,14,Mumbai
2025-01-18,Steel,10568.6,9674.1,40.45,16,24,Hyderabad
2025-01-19,Steel,7773.8,6402.5,42.85,11,14,Pune
2025-01-20,Steel,14556.9,12653.6,40.66,18,24,Pune
2025-01-21,Steel,12512.1,10794.3,41.76,17,20,Surat
2025-01-22,Steel,14107.0,13352.4,40.27,16,22,Surat
2025-01-23,Steel,13527.9,12303.6,40.84,17,23,Ahmedabad
2025-01-24,Steel,13956.9,11616.8,40.5,17,17,Chennai
2025-01-25,Steel,10857.8,8333.9,41.53,16,19,Pune
2025-01-26,Steel,7221.4,6814.1,42.3,8,11,Chennai
2025-01-27,Steel,14006.2,12964.7,42.67,16,15,Hyderabad
2025-01-28,Steel,13981.7,11049.5,42.88,19,26,Coimbatore
2025-01-29,Steel,14205.4,10676.1,42.06,17,19,Chennai
2025-01-30,Steel,13647.1,10589.9,42.03,19,27,Surat
2025-01-31,Steel,13327.8,11641.6,40.85,17,17,Chennai
2025-02-01,Steel,10171.4,9134.9,43.04,15,18,Ahmedabad
2025-02-02,Steel,8349.9,7226.5,43.51,13,12,Chennai
2025-02-03,Steel,14038.2,12307.0,43.8,18,26,Hyderabad
2025-02-04,Steel,13235.9,10486.1,42.74,18,26,Pune
2025-02-05,Steel,13523.4,12529.5,40.51,17,22,Kolkata
2025-02-06,Steel,13597.3,12538.8,42.05,19,24,Kolkata
2025-02-07,Steel,13018.1,11776.1,40.98,15,22,Ahmedabad
2025-02-08,Steel,10792.6,8949.1,40.92,16,13,Coimbatore
2025-02-09,Steel,7301.4,6162.8,41.99,10,12,Surat
2025-02-10,Steel,13750.1,12649.1,43.86,17,23,Pune
2025-02-11,Steel,13583.5,11444.2,43.68,17,24,Mumbai
2025-02-12,Steel,13079.4,10534.4,43.47,14,16,Surat
2025-02-13,Steel,15297.6,14244.0,40.62,19,17,Pune
2025-02-14,Steel,14863.6,11994.4,40.88,19,26,Surat
2025-02-15,Steel,10979.1,8473.9,41.54,14,14,Surat
2025-02-16,Steel,8258.9,7271.6,42.06,13,15,Surat
2025-02-17,Steel,14444.5,12973.4,41.84,19,25,Surat
2025-02-18,Steel,14935.2,14087.3,41.43,18,20,Hyderabad
2025-02-19,Steel,13755.4,12852.9,41.99,18,23,Kolkata
2025-02-20,Steel,14927.6,11410.8,41.9,18,27,Hyderabad
2025-02-21,Steel,13968.8,13245.2,42.74,18,25,Hyderabad
2025-02-22,Steel,10792.8,8217.2,41.76,12,16,Ahmedabad
2025-02-23,Steel,8632.6,7278.5,41.53,11,11,Coimbatore
2025-02-24,Steel,15145.1,13303.2,39.91,20,23,Delhi
2025-02-25,Steel,15946.9,13822.4,40.52,18,23,Kolkata
2025-02-26,Steel,13697.4,11153.9,39.96,16,17,Surat
2025-02-27,Steel,14859.1,12939.3,40.45,20,21,Coimbatore
2025-02-28,Steel,14216.0,12732.0,40.84,16,23,Delhi
2025-03-01,Steel,12194.8,9914.5,40.57,14,14,Pune
2025-03-02,Steel,7406.1,6752.7,41.1,11,10,Surat
2025-03-03,Steel,13767.7,12225.6,40.69,16,16,Ahmedabad
2025-03-04,Steel,14080.0,11932.2,41.13,19,20,Coimbatore
2025-03-05,Steel,14612.6,12669.6,42.88,18,19,Ahmedabad
2025-03-06,Steel,14199.7,13451.9,40.08,16,13,Delhi
2025-03-07,Steel,14998.5,11589.5,40.96,17,19,Mumbai
2025-03-08,Steel,12452.3,10000.4,43.82,15,18,Ahmedabad
2025-03-09,Steel,8724.8,7938.2,40.37,11,10,Surat
2025-03-10,Steel,15627.2,12499.5,42.68,17,25,Bengaluru
2025-03-11,Steel,14922.1,12617.0,42.98,16,22,Pune
2025-03-12,Steel,13958.5,10551.7,42.99,15,22,Bengaluru
2025-03-13,Steel,15522.2,14340.4,43.71,21,26,Coimbatore
2025-03-14,Steel,14356.1,11814.1,41.14,18,21,Pune
2025-03-15,Steel,12473.5,9974.6,39.92,15,16,Pune
2025-03-16,Steel,9371.5,8549.2,41.33,12,10,Delhi
2025-03-17,Steel,15035.0,11914.5,41.3,16,18,Ahmedabad
2025-03-18,Steel,13876.2,12539.0,42.44,17,25,Hyderabad
2025-03-19,Steel,14235.2,11337.2,40.47,18,25,Hyderabad
2025-03-20,Steel,15591.5,13491.5,42.42,19,24,Delhi
2025-03-21,Steel,14707.6,11134.7,42.08,17,18,Delhi
2025-03-22,Steel,12044.6,10770.0,44.03,14,20,Delhi
2025-03-23,Steel,8929.4,8286.1,42.26,11,16,Bengaluru
2025-03-24,Steel,15257.0,11899.4,42.27,18,26,Coimbatore
2025-03-25,Steel,15015.5,12464.1,41.82,20,17,Ahmedabad
2025-03-26,Steel,14731.3,11118.5,42.93,18,23,Bengaluru
2025-03-27,Steel,14676.7,11121.0,40.77,17,17,Surat
2025-03-28,Steel,15386.3,11641.8,41.73,19,27,Chennai
2025-03-29,Steel,12376.4,10228.8,42.96,17,21,Hyderabad
2025-03-30,Steel,8350.9,7524.0,43.34,13,17,Chennai
2025-03-31,Steel,15539.1,13956.1,40.56,20,27,Surat
2025-04-01,Steel,14817.3,11547.7,39.91,18,17,Ahmedabad
2025-04-02,Steel,14388.1,11035.8,40.63,18,15,Coimbatore
2025-04-03,Steel,14447.5,13429.6,40.43,16,19,Ahmedabad
2025-04-04,Steel,14318.8,12012.0,41.07,18,24,Pune
2025-04-05,Steel,11905.5,9610.3,42.25,16,21,Kolkata
2025-04-06,Steel,9260.7,8592.3,43.22,14,20,Coimbatore
2025-04-07,Steel,14429.1,11976.8,40.53,19,26,Coimbatore
2025-04-08,Steel,15026.2,14154.6,44.02,17,19,Surat
2025-04-09,Steel,14519.4,12496.6,43.69,18,20,Delhi
2025-04-10,Steel,14757.0,12147.0,42.33,17,22,Mumbai
2025-04-11,Steel,14006.3,11880.3,39.96,19,21,Coimbatore
2025-04-12,Steel,11938.4,10498.0,43.62,15,17,Mumbai
2025-04-13,Steel,8403.2,7843.2,44.1,10,11,Hyderabad
2025-04-14,Steel,15230.6,12803.0,41.86,18,20,Kolkata
2025-04-15,Steel,15037.3,14003.2,41.0,19,15,Surat
2025-04-16,Steel,14180.6,11408.5,41.24,18,20,Coimbatore
2025-04-17,Steel,15545.9,14750.0,40.26,21,24,Surat
2025-04-18,Steel,15016.8,12625.4,43.77,20,20,Delhi
2025-04-19,Steel,12169.0,10398.3,43.24,14,16,Bengaluru
2025-04-20,Steel,8496.9,7891.2,42.79,9,12,Delhi
2025-04-21,Steel,14562.2,11670.6,41.74,16,17,Ahmedabad
2025-04-22,Steel,14996.5,11470.9,42.07,19,16,Delhi
2025-04-23,Steel,15143.6,13564.5,41.57,20,16,Hyderabad
2025-04-24,Steel,13801.9,10556.4,43.43,18,19,Ahmedabad
2025-04-25,Steel,14518.1,13703.4,42.32,18,22,Bengaluru
2025-04-26,Steel,11854.0,9995.8,42.1,13,18,Mumbai
2025-04-27,Steel,8623.7,6698.1,42.78,11,16,Mumbai
2025-04-28,Steel,15528.1,11904.5,41.58,17,15,Surat
2025-04-29,Steel,14338.3,10999.2,42.49,17,20,Kolkata
2025-04-30,Steel,14491.2,12143.6,43.81,15,17,Kolkata
2025-05-01,Steel,14470.6,13108.8,42.78,18,25,Chennai
2025-05-02,Steel,14284.9,11762.2,40.07,18,23,Coimbatore
2025-05-03,Steel,11734.5,9907.0,41.1,15,14,Delhi
2025-05-04,Steel,8885.1,8396.5,42.33,13,16,Ahmedabad
2025-05-05,Steel,14093.3,12541.3,42.62,17,19,Coimbatore
2025-05-06,Steel,14967.9,12206.4,40.18,16,23,Surat
2025-05-07,Steel,13675.2,12786.7,40.12,18,15,Chennai
2025-05-08,Steel,14344.2,12182.1,43.0,15,20,Coimbatore
2025-05-09,Steel,14467.4,11927.6,40.52,17,20,Bengaluru
2025-05-10,Steel,12863.5,11412.7,43.81,15,19,Surat
2025-05-11,Steel,8196.3,6435.1,40.24,10,12,Ahmedabad
2025-05-12,Steel,13294.0,10939.6,42.52,18,20,Ahmedabad
2025-05-13,Steel,13397.7,11855.5,42.65,16,20,Surat
2025-05-14,Steel,14599.3,12182.4,42.4,19,25,Mumbai
2025-05-15,Steel,14928.5,13678.7,40.6,17,18,Surat
2025-05-16,Steel,14766.4,13329.8,40.98,17,14,Chennai
2025-05-17,Steel,11856.2,9851.2,40.37,14,16,Coimbatore
2025-05-18,Steel,8984.1,8429.2,43.2,12,10,Hyderabad
2025-05-19,Steel,14157.7,11293.2,43.84,19,25,Ahmedabad
2025-05-20,Steel,14997.6,13616.1,43.24,19,25,Surat
2025-05-21,Steel,13460.3,11299.4,42.14,17,23,Coimbatore
2025-05-22,Steel,13875.0,12730.3,41.24,18,24,Ahmedabad
2025-05-23,Steel,13311.8,10785.7,42.66,16,19,Surat
2025-05-24,Steel,11471.0,10263.3,42.07,12,12,Surat
2025-05-25,Steel,8172.8,7130.4,42.07,10,15,Pune
2025-05-26,Steel,14396.4,12246.5,40.62,15,19,Ahmedabad
2025-05-27,Steel,14341.6,11489.0,41.29,19,23,Kolkata
2025-05-28,Steel,13724.2,11491.9,40.67,17,23,Pune
2025-05-29,Steel,14142.5,11018.0,41.75,19,17,Chennai
2025-05-30,Steel,13333.7,10241.7,43.94,18,19,Chennai
2025-05-31,Steel,12319.1,11609.9,40.95,16,23,Surat
2025-06-01,Steel,7922.0,6819.1,44.08,11,13,Bengaluru
2025-06-02,Steel,13863.5,10609.4,41.4,19,21,Kolkata
2025-06-03,Steel,15084.5,13322.7,40.12,19,25,Hyderabad
2025-06-04,Steel,13359.7,11758.8,42.81,18,15,Coimbatore
2025-06-05,Steel,13403.4,12424.3,40.52,17,17,Pune
2025-06-06,Steel,13394.5,11696.6,43.88,15,12,Pune
2025-06-07,Steel,11313.1,9155.7,43.37,16,19,Ahmedabad
2025-06-08,Steel,8258.0,7715.3,42.2,9,12,Bengaluru
2025-06-09,Steel,14414.7,13602.8,43.49,17,19,Mumbai
2025-06-10,Steel,15486.5,13500.7,42.17,19,19,Coimbatore
2025-06-11,Steel,12565.8,10164.9,42.35,17,25,Ahmedabad
2025-06-12,Steel,14252.6,12744.8,43.76,18,27,Bengaluru
2025-06-13,Steel,13524.9,10361.7,41.71,18,17,Pune
2025-06-14,Steel,10844.4,9294.4,43.3,14,19,Surat
2025-06-15,Steel,7515.0,6887.0,40.66,12,17,Delhi
2025-06-16,Steel,13227.9,11560.3,42.01,18,20,Kolkata
2025-06-17,Steel,14754.9,12614.7,43.85,18,18,Pune
2025-06-18,Steel,14220.3,12123.4,43.61,17,25,Hyderabad
2025-06-19,Steel,13699.5,11035.3,40.39,19,28,Bengaluru
2025-06-20,Steel,14466.7,12939.1,42.34,16,17,Coimbatore
2025-06-21,Steel,10123.5,8992.2,43.94,14,13,Ahmedabad
2025-06-22,Steel,6971.1,5692.4,44.06,12,11,Delhi
2025-06-23,Steel,12260.1,11391.6,42.07,13,11,Mumbai
2025-06-24,Steel,13117.3,12045.6,42.12,16,18,Hyderabad
2025-06-25,Steel,13603.9,11350.9,43.21,17,18,Chennai
2025-06-26,Steel,13538.4,12810.5,41.62,18,16,Bengaluru
2025-06-27,Steel,13536.1,12050.5,40.91,15,22,Ahmedabad
2025-06-28,Steel,10014.1,7567.1,41.66,15,15,Coimbatore
2025-06-29,Steel,8130.9,7507.1,43.96,9,10,Bengaluru
2025-06-30,Steel,13499.2,12032.0,41.79,16,16,Coimbatore
2025-07-01,Steel,13764.8,10910.5,41.75,16,22,Ahmedabad
2025-07-02,Steel,12158.9,9283.1,41.64,14,14,Ahmedabad
2025-07-03,Steel,13451.0,12434.7,41.38,15,21,Chennai
2025-07-04,Steel,12520.9,9716.4,40.22,18,23,Ahmedabad
2025-07-05,Steel,10449.8,8975.4,40.68,14,16,Coimbatore
2025-07-06,Steel,7847.9,7308.2,41.65,11,14,Mumbai
2025-07-07,Steel,13196.9,10812.8,43.52,16,19,Delhi
2025-07-08,Steel,12600.9,10034.5,41.72,16,14,Coimbatore
2025-07-09,Steel,13085.3,10246.4,43.49,18,17,Bengaluru
2025-07-10,Steel,12132.3,9283.7,40.62,17,22,Delhi
2025-07-11,Steel,13711.1,11470.1,40.07,17,24,Surat
2025-07-12,Steel,10393.2,8361.3,42.38,15,18,Mumbai
2025-07-13,Steel,8077.3,6341.7,42.01,10,15,Kolkata
2025-07-14,Steel,12614.9,11959.3,41.79,14,14,Coimbatore
2025-07-15,Steel,12586.8,10050.7,42.71,15,21,Kolkata
2025-07-16,Steel,12412.7,10688.5,43.7,13,18,Bengaluru
2025-07-17,Steel,13367.3,10585.9,40.57,14,13,Delhi
2025-07-18,Steel,12386.5,11630.0,42.1,15,13,Ahmedabad
2025-07-19,Steel,10734.7,10046.5,43.05,16,17,Delhi
2025-07-20,Steel,7058.3,6627.4,42.85,10,9,Bengaluru
2025-07-21,Steel,11539.0,9875.5,43.0,13,17,Bengaluru
2025-07-22,Steel,12353.6,9280.7,44.07,16,18,Hyderabad
2025-07-23,Steel,11959.7,10957.9,41.74,13,19,Coimbatore
2025-07-24,Steel,12659.0,10523.9,42.7,15,21,Mumbai
2025-07-25,Steel,11896.2,10439.5,41.36,15,17,Pune
2025-07-26,Steel,10741.4,9969.5,40.63,13,18,Ahmedabad
2025-07-27,Steel,7119.4,6051.1,42.9,8,7,Pune
2025-07-28,Steel,12420.5,9844.4,42.13,17,19,Coimbatore
2025-07-29,Steel,12893.3,12097.8,43.16,15,20,Bengaluru
2025-07-30,Steel,13051.0,10232.5,41.35,17,25,Coimbatore
2025-07-31,Steel,12433.8,10101.6,40.59,15,12,Bengaluru
2025-08-01,Steel,11956.6,9759.1,41.32,16,19,Hyderabad
2025-08-02,Steel,8968.1,8485.8,43.24,13,16,Mumbai
2025-08-03,Steel,6655.3,5130.3,41.65,12,14,Chennai
2025-08-04,Steel,11971.2,9839.6,42.35,15,16,Ahmedabad
2025-08-05,Steel,12380.4,9861.8,41.54,15,16,Coimbatore
2025-08-06,Steel,12084.0,9780.8,43.95,17,22,Mumbai
2025-08-07,Steel,12679.2,11401.5,41.71,15,14,Bengaluru
2025-08-08,Steel,11874.3,10386.7,40.2,14,14,Surat
2025-08-09,Steel,9856.6,8043.6,42.15,14,11,Delhi
2025-08-10,Steel,7678.6,7127.5,40.9,13,13,Pune
2025-08-11,Steel,12376.2,10724.4,42.39,15,22,Delhi
2025-08-12,Steel,12112.1,9749.2,41.95,13,16,Surat
2025-08-13,Steel,11764.4,9583.4,40.15,14,20,Coimbatore
2025-08-14,Steel,11723.4,9321.0,43.91,17,20,Chennai
2025-08-15,Steel,11571.2,9236.9,43.87,16,14,Delhi
2025-08-16,Steel,9438.4,7350.2,40.84,12,13,Surat
2025-08-17,Steel,7333.0,5578.0,43.64,12,16,Chennai
2025-08-18,Steel,11885.5,9004.9,42.73,13,14,Hyderabad
2025-08-19,Steel,11188.7,8854.1,41.08,13,13,Ahmedabad
2025-08-20,Steel,13039.7,9835.0,42.57,17,19,Kolkata
2025-08-21,Steel,12151.5,10977.5,40.2,15,22,Pune
2025-08-22,Steel,11096.6,9672.1,42.67,14,16,Surat
2025-08-23,Steel,9386.3,8293.3,41.14,13,13,Pune
2025-08-24,Steel,6869.1,5992.1,41.46,10,8,Pune
2025-08-25,Steel,12909.8,10519.4,42.62,17,15,Chennai
2025-08-26,Steel,11205.2,9396.9,41.16,14,20,Mumbai
2025-08-27,Steel,12439.2,11562.4,42.25,17,18,Bengaluru
2025-08-28,Steel,12677.2,11256.5,40.45,16,14,Coimbatore
2025-08-29,Steel,11444.8,10740.7,43.66,16,20,Kolkata
2025-08-30,Steel,9391.5,7351.7,43.09,13,16,Chennai
2025-08-31,Steel,6116.8,5656.4,42.46,8,7,Pune
2025-09-01,Steel,11656.4,9888.0,42.88,15,14,Hyderabad
2025-09-02,Steel,11743.1,8902.1,43.29,14,16,Delhi
2025-09-03,Steel,12147.8,10969.5,43.6,16,15,Kolkata
2025-09-04,Steel,12393.7,11106.4,42.2,15,22,Hyderabad
2025-09-05,Steel,11278.8,10314.5,41.42,13,12,Chennai
2025-09-06,Steel,8304.2,7533.2,43.0,11,16,Mumbai
2025-09-07,Steel,6676.1,5019.9,42.85,12,11,Delhi
2025-09-08,Steel,11871.3,9458.0,42.6,13,16,Chennai
2025-09-09,Steel,11835.1,9293.0,42.91,17,24,Pune
2025-09-10,Steel,11480.3,10259.8,42.67,14,16,Pune
2025-09-11,Steel,11742.5,10176.0,40.16,13,13,Ahmedabad
2025-09-12,Steel,12568.9,10954.5,40.96,15,20,Hyderabad
2025-09-13,Steel,9661.7,8993.6,41.26,14,11,Kolkata
2025-09-14,Steel,6430.4,5980.3,40.27,7,7,Mumbai
2025-09-15,Steel,11338.7,10184.5,42.97,13,13,Kolkata
2025-09-16,Steel,11531.1,10285.9,41.89,14,13,Surat
2025-09-17,Steel,12609.9,10547.9,40.64,17,19,Delhi
2025-09-18,Steel,11513.3,8835.7,41.97,15,21,Chennai
2025-09-19,Steel,11607.3,10488.4,40.53,14,17,Hyderabad
2025-09-20,Steel,9113.9,7751.4,44.07,10,9,Surat
2025-09-21,Steel,7295.4,6725.3,42.25,9,11,Surat
2025-09-22,Steel,12786.6,9719.7,42.19,18,23,Surat
2025-09-23,Steel,11879.4,9812.0,41.63,15,14,Chennai
2025-09-24,Steel,11657.6,10665.5,40.35,17,24,Coimbatore
2025-09-25,Steel,11629.6,9915.7,40.19,14,13,Delhi
2025-09-26,Steel,10177.1,9595.4,42.95,12,10,Bengaluru
2025-09-27,Steel,9844.4,7843.0,41.71,14,16,Mumbai
2025-09-28,Steel,6714.7,6343.8,42.89,8,12,Chennai
2025-09-29,Steel,11868.7,8928.5,42.65,17,24,Chennai
2025-09-30,Steel,11187.4,9774.2,43.63,15,15,Pune
2025-10-01,Steel,11386.8,10391.9,40.03,13,17,Bengaluru
2025-10-02,Steel,11374.6,8583.1,43.63,13,13,Mumbai
2025-10-03,Steel,12238.6,10629.1,41.71,16,14,Kolkata
2025-10-04,Steel,9188.0,7763.4,41.54,10,14,Ahmedabad
2025-10-05,Steel,7898.9,6641.1,43.05,10,11,Ahmedabad
2025-10-06,Steel,11901.0,9287.6,40.22,16,21,Hyderabad
2025-10-07,Steel,10883.9,8419.1,40.01,13,16,Kolkata
2025-10-08,Steel,11579.6,10370.9,40.29,13,13,Ahmedabad
2025-10-09,Steel,11273.7,10657.1,43.98,13,17,Surat
2025-10-10,Steel,10356.7,9035.3,43.51,12,10,Delhi
2025-10-11,Steel,10417.0,9624.6,40.0,13,16,Mumbai
2025-10-12,Steel,7103.3,5899.4,42.41,11,12,Surat
2025-10-13,Steel,12022.8,9607.6,42.91,14,13,Ahmedabad
2025-10-14,Steel,11813.2,8999.9,41.97,15,17,Coimbatore
2025-10-15,Steel,10896.4,9875.1,42.34,12,12,Coimbatore
2025-10-16,Steel,11447.7,9866.6,40.73,13,12,Hyderabad
2025-10-17,Steel,12255.8,11261.6,43.26,16,17,Kolkata
2025-10-18,Steel,8892.6,8053.7,41.13,14,18,Kolkata
2025-10-19,Steel,5211.3,4109.3,43.58,7,7,Pune
2025-10-20,Steel,11656.5,10140.6,39.92,17,19,Bengaluru
2025-10-21,Steel,11722.9,10022.1,43.64,17,24,Bengaluru
2025-10-22,Steel,11905.1,10562.0,42.21,15,20,Pune
2025-10-23,Steel,12277.2,9984.7,43.56,14,17,Chennai
2025-10-24,Steel,12239.6,11368.5,43.91,13,19,Mumbai
2025-10-25,Steel,9767.9,8340.6,40.59,12,13,Kolkata
2025-10-26,Steel,7513.1,6477.5,40.77,12,11,Surat
2025-10-27,Steel,10999.8,10100.4,40.71,13,15,Coimbatore
2025-10-28,Steel,12233.1,9806.3,40.89,15,17,Kolkata
2025-10-29,Steel,12326.0,10011.7,41.67,15,17,Ahmedabad
2025-10-30,Steel,11226.7,10539.0,41.02,15,14,Chennai
2025-10-31,Steel,11089.5,8606.0,41.58,12,13,Pune
2025-11-01,Steel,9276.9,8609.4,42.32,13,14,Chennai
2025-11-02,Steel,6480.0,5197.2,42.06,7,8,Chennai
2025-11-03,Steel,12509.0,11256.3,41.03,14,15,Bengaluru
2025-11-04,Steel,11711.2,10057.7,42.87,14,18,Chennai
2025-11-05,Steel,11589.6,8860.7,42.16,13,11,Delhi
2025-11-06,Steel,11760.5,10978.3,43.51,16,14,Kolkata
2025-11-07,Steel,12823.2,11175.6,41.58,14,19,Pune
2025-11-08,Steel,9865.4,8069.5,42.55,14,21,Mumbai
2025-11-09,Steel,6865.3,5389.9,41.57,9,10,Mumbai
2025-11-10,Steel,12162.5,11371.7,43.86,14,16,Chennai
2025-11-11,Steel,13030.3,12349.2,43.29,15,15,Mumbai
2025-11-12,Steel,11832.5,10369.7,41.22,15,21,Pune
2025-11-13,Steel,13098.8,11591.3,43.21,14,11,Coimbatore
2025-11-14,Steel,12463.7,11469.7,40.29,16,20,Bengaluru
2025-11-15,Steel,9914.1,7737.3,43.16,12,18,Delhi
2025-11-16,Steel,8583.2,7810.5,41.88,12,15,Chennai
2025-11-17,Steel,11790.5,10379.5,42.95,16,21,Hyderabad
2025-11-18,Steel,12241.4,10137.3,42.13,17,18,Coimbatore
2025-11-19,Steel,11744.3,11021.6,41.26,16,13,Surat
2025-11-20,Steel,13085.8,10321.2,40.02,18,22,Delhi
2025-11-21,Steel,13558.8,12021.1,43.71,15,18,Chennai
2025-11-22,Steel,11183.1,8810.0,43.27,14,20,Coimbatore
2025-11-23,Steel,7939.2,6336.4,43.33,11,13,Hyderabad
2025-11-24,Steel,12522.1,11574.4,43.94,17,14,Delhi
2025-11-25,Steel,12454.1,9770.8,41.95,17,18,Surat
2025-11-26,Steel,11703.4,9562.6,42.88,15,21,Surat
2025-11-27,Steel,13961.0,13136.3,40.97,19,25,Delhi
2025-11-28,Steel,13054.5,11295.0,41.13,14,21,Ahmedabad
2025-11-29,Steel,10072.5,9251.7,42.83,13,18,Bengaluru
2025-11-30,Steel,8134.8,6873.3,40.61,9,13,Chennai
2025-12-01,Steel,12292.5,10239.4,43.81,13,16,Ahmedabad
2025-12-02,Steel,13155.1,10404.9,41.19,18,23,Mumbai
2025-12-03,Steel,12842.9,11422.8,41.24,15,14,Chennai
2025-12-04,Steel,13365.3,12205.5,42.89,18,17,Bengaluru
2025-12-05,Steel,12979.9,10831.9,43.72,18,22,Chennai
2025-12-06,Steel,9697.2,8605.0,42.77,11,9,Ahmedabad
2025-12-07,Steel,7525.8,5663.6,42.24,9,8,Surat
2025-12-08,Steel,13756.8,11098.6,42.66,18,20,Chennai
2025-12-09,Steel,13146.9,11799.8,40.91,16,23,Surat
2025-12-10,Steel,13666.8,11074.9,41.08,17,16,Hyderabad
2025-12-11,Steel,12611.9,10249.4,41.37,15,20,Kolkata
2025-12-12,Steel,13261.2,10481.6,40.8,15,19,Ahmedabad
2025-12-13,Steel,10404.0,9286.5,43.51,14,17,Kolkata
2025-12-14,Steel,8078.5,6260.3,40.77,10,11,Pune
2025-12-15,Steel,13410.3,11072.5,42.58,17,15,Chennai
2025-12-16,Steel,13843.9,11328.9,42.25,15,21,Ahmedabad
2025-12-17,Steel,14121.2,13301.6,42.74,19,26,Mumbai
2025-12-18,Steel,13922.5,10645.1,42.93,15,17,Surat
2025-12-19,Steel,13710.4,10614.1,44.05,15,13,Delhi
2025-12-20,Steel,10399.0,8335.4,41.5,11,16,Surat
2025-12-21,Steel,7784.1,7171.1,40.91,13,15,Mumbai
2025-12-22,Steel,13344.6,10468.7,43.12,17,16,Kolkata
2025-12-23,Steel,13497.6,12599.3,43.5,16,24,Bengaluru
2025-12-24,Steel,13519.0,10791.3,44.1,18,27,Kolkata
2025-12-25,Steel,13195.5,11677.2,43.98,17,19,Coimbatore
2025-12-26,Steel,12648.9,10672.5,42.25,14,17,Pune
2025-12-27,Steel,10821.7,8640.6,41.3,12,11,Kolkata
2025-12-28,Steel,8060.7,7380.9,42.21,10,13,Delhi
2025-12-29,Steel,13134.4,11119.8,43.98,14,17,Delhi
2025-12-30,Steel,13992.8,11647.4,39.98,19,21,Hyderabad
2025-12-31,Steel,15163.6,13038.6,40.8,20,25,Pune
2025-01-01,Plastic,9382.8,7806.2,34.66,18,16,Chennai
2025-01-02,Plastic,9674.6,8743.0,33.25,15,14,Ahmedabad
2025-01-03,Plastic,9170.4,6895.5,35.9,18,25,Coimbatore
2025-01-04,Plastic,7808.0,6554.1,36.09,15,17,Coimbatore
2025-01-05,Plastic,4869.6,4166.2,35.04,11,16,Delhi
2025-01-06,Plastic,8814.5,7935.6,36.54,14,13,Ahmedabad
2025-01-07,Plastic,7952.3,7237.5,36.03,12,14,Kolkata
2025-01-08,Plastic,9648.6,7689.1,35.02,19,17,Delhi
2025-01-09,Plastic,9827.1,8336.7,34.32,18,25,Bengaluru
2025-01-10,Plastic,8965.3,7827.9,34.47,17,23,Mumbai
2025-01-11,Plastic,7362.6,6717.7,34.63,14,13,Ahmedabad
2025-01-12,Plastic,4968.9,4119.4,35.62,8,11,Kolkata
2025-01-13,Plastic,9446.6,7387.5,33.61,18,18,Ahmedabad
2025-01-14,Plastic,9789.9,8473.0,33.26,15,14,Pune
2025-01-15,Plastic,8598.8,7764.2,35.89,13,12,Bengaluru
2025-01-16,Plastic,9541.1,7913.8,36.72,15,13,Bengaluru
2025-01-17,Plastic,9277.0,8525.9,34.61,16,17,Pune
2025-01-18,Plastic,7675.5,7218.7,34.03,12,15,Coimbatore
2025-01-19,Plastic,5594.7,5314.0,34.87,11,15,Coimbatore
2025-01-20,Plastic,9396.6,8423.9,34.04,14,15,Pune
2025-01-21,Plastic,9459.6,7372.1,33.77,17,18,Ahmedabad
2025-01-22,Plastic,9439.8,7774.8,33.69,18,17,Surat
2025-01-23,Plastic,9969.9,8661.0,33.34,17,24,Hyderabad
2025-01-24,Plastic,9762.2,8101.5,36.48,18,22,Hyderabad
2025-01-25,Plastic,7874.0,6211.2,34.97,13,12,Mumbai
2025-01-26,Plastic,4966.9,3853.8,35.11,10,13,Bengaluru
2025-01-27,Plastic,9502.7,8596.8,35.95,15,17,Hyderabad
2025-01-28,Plastic,10071.7,8555.5,33.87,17,23,Hyderabad
2025-01-29,Plastic,9731.8,7497.4,34.07,16,21,Coimbatore
2025-01-30,Plastic,10021.9,7530.3,35.68,17,15,Hyderabad
2025-01-31,Plastic,10518.0,8416.5,36.39,17,22,Coimbatore
2025-02-01,Plastic,8368.8,6723.7,33.92,14,18,Kolkata
2025-02-02,Plastic,5649.9,5240.0,35.05,13,13,Delhi
2025-02-03,Plastic,9625.9,8441.2,36.64,16,17,Ahmedabad
2025-02-04,Plastic,8782.6,8151.7,35.44,13,13,Hyderabad
2025-02-05,Plastic,9821.0,8229.8,35.32,17,23,Chennai
2025-02-06,Plastic,9778.5,8267.8,34.72,18,21,Delhi
2025-02-07,Plastic,10107.1,8178.2,36.2,17,17,Bengaluru
2025-02-08,Plastic,8001.7,6154.7,34.96,16,22,Ahmedabad
2025-02-09,Plastic,5571.8,4870.6,33.8,11,9,Hyderabad
2025-02-10,Plastic,9256.3,8262.7,35.45,17,16,Surat
2025-02-11,Plastic,9636.4,8053.5,35.1,19,18,Bengaluru
2025-02-12,Plastic,10261.5,8776.0,35.2,19,16,Surat
2025-02-13,Plastic,10810.9,9095.9,36.44,19,27,Kolkata
2025-02-14,Plastic,10062.7,9282.9,35.62,15,19,Coimbatore
2025-02-15,Plastic,8336.9,6649.5,33.58,17,18,Surat
2025-02-16,Plastic,6203.9,5675.7,34.72,12,16,Chennai
2025-02-17,Plastic,9825.5,8707.2,35.8,16,17,Delhi
2025-02-18,Plastic,10347.5,8662.7,36.32,20,22,Coimbatore
2025-02-19,Plastic,9898.0,8221.8,34.85,17,19,Ahmedabad
2025-02-20,Plastic,10601.1,8149.3,34.29,20,24,Kolkata
2025-02-21,Plastic,10318.5,8623.3,33.75,20,21,Surat
2025-02-22,Plastic,8444.2,6483.5,35.81,14,16,Bengaluru
2025-02-23,Plastic,5549.9,4507.0,36.25,12,11,Chennai
2025-02-24,Plastic,10614.4,8651.3,35.23,19,18,Ahmedabad
2025-02-25,Plastic,11219.3,9076.3,35.25,20,19,Surat
2025-02-26,Plastic,9923.9,7953.4,34.43,19,19,Hyderabad
2025-02-27,Plastic,10226.5,8807.7,34.47,17,19,Delhi
2025-02-28,Plastic,10487.7,9499.1,35.54,17,14,Coimbatore
2025-03-01,Plastic,8759.2,7469.1,34.01,13,12,Chennai
2025-03-02,Plastic,5719.3,4307.4,33.76,12,17,Delhi
2025-03-03,Plastic,9238.2,8169.3,34.03,15,16,Delhi
2025-03-04,Plastic,11036.9,9727.5,34.86,18,17,Hyderabad
2025-03-05,Plastic,10799.1,8715.0,35.02,18,22,Surat
2025-03-06,Plastic,9751.4,9224.2,34.74,18,14,Chennai
2025-03-07,Plastic,10249.8,8876.9,33.37,15,15,Kolkata
2025-03-08,Plastic,9185.6,7680.6,35.77,14,19,Hyderabad
2025-03-09,Plastic,6637.5,6274.0,35.86,13,13,Ahmedabad
2025-03-10,Plastic,10952.5,9908.8,35.2,20,25,Hyderabad
2025-03-11,Plastic,10493.2,9264.4,35.05,20,21,Mumbai
2025-03-12,Plastic,10617.4,8157.1,36.72,16,22,Surat
2025-03-13,Plastic,10540.1,9319.3,35.35,19,16,Delhi
2025-03-14,Plastic,11088.6,8965.4,36.53,19,24,Kolkata
2025-03-15,Plastic,8226.5,6346.6,34.25,16,22,Mumbai
2025-03-16,Plastic,5734.4,4780.7,36.61,11,11,Ahmedabad
2025-03-17,Plastic,11076.1,10063.2,35.66,18,21,Kolkata
2025-03-18,Plastic,10639.6,9856.9,35.85,18,16,Surat
2025-03-19,Plastic,11255.7,8509.3,34.41,20,21,Chennai
2025-03-20,Plastic,10395.4,8946.5,34.8,18,24,Ahmedabad
2025-03-21,Plastic,10668.0,8194.2,35.1,20,23,Ahmedabad
2025-03-22,Plastic,8271.1,6655.7,36.1,15,12,Delhi
2025-03-23,Plastic,6123.8,5215.2,35.42,14,12,Bengaluru
2025-03-24,Plastic,10092.2,9076.7,33.45,16,13,Surat
2025-03-25,Plastic,10522.3,9248.9,36.15,19,19,Surat
2025-03-26,Plastic,10127.7,9524.7,33.83,16,16,Hyderabad
2025-03-27,Plastic,11041.1,9072.1,35.1,21,22,Chennai
2025-03-28,Plastic,11058.5,8706.7,33.61,19,20,Hyderabad
2025-03-29,Plastic,7976.1,6786.7,33.47,16,19,Hyderabad
2025-03-30,Plastic,6720.1,5483.8,34.34,14,14,Delhi
2025-03-31,Plastic,11836.0,8878.6,34.3,18,17,Delhi
2025-04-01,Plastic,10800.2,8660.8,34.22,19,25,Surat
2025-04-02,Plastic,10513.8,8143.0,35.85,16,18,Bengaluru
2025-04-03,Plastic,11991.8,9419.4,36.09,18,27,Hyderabad
2025-04-04,Plastic,10235.7,9165.1,36.11,18,23,Pune
2025-04-05,Plastic,8751.9,7528.8,34.68,17,22,Chennai
2025-04-06,Plastic,6250.4,5485.9,36.41,10,8,Mumbai
2025-04-07,Plastic,11379.9,8814.0,35.07,18,17,Pune
2025-04-08,Plastic,10964.2,8510.5,35.15,19,15,Hyderabad
2025-04-09,Plastic,10602.1,9044.9,34.35,16,21,Coimbatore
2025-04-10,Plastic,10412.1,8157.6,34.44,19,18,Kolkata
2025-04-11,Plastic,10672.9,8029.4,36.72,16,14,Mumbai
2025-04-12,Plastic,8330.8,7598.8,36.25,13,19,Chennai
2025-04-13,Plastic,6203.6,5783.3,35.21,13,17,Chennai
2025-04-14,Plastic,10581.5,9201.1,35.38,20,18,Delhi
2025-04-15,Plastic,10186.6,8914.2,35.78,15,21,Pune
2025-04-16,Plastic,11354.8,8790.5,33.58,21,20,Surat
2025-04-17,Plastic,10609.2,8830.6,34.78,20,22,Ahmedabad
2025-04-18,Plastic,10280.7,7868.4,33.28,16,20,Surat
2025-04-19,Plastic,8686.1,8161.3,35.34,14,18,Kolkata
2025-04-20,Plastic,6209.9,5784.1,36.59,12,10,Chennai
2025-04-21,Plastic,10071.9,8762.9,33.54,19,18,Bengaluru
2025-04-22,Plastic,10952.4,8376.9,33.93,20,21,Bengaluru
2025-04-23,Plastic,10363.4,7859.8,36.3,18,15,Coimbatore
2025-04-24,Plastic,11532.2,10825.7,36.14,20,28,Chennai
2025-04-25,Plastic,11023.8,10330.7,34.9,19,22,Pune
2025-04-26,Plastic,8570.3,7088.2,35.76,15,18,Delhi
2025-04-27,Plastic,5850.3,4855.1,33.49,10,14,Bengaluru
2025-04-28,Plastic,10742.5,9605.5,35.52,16,24,Surat
2025-04-29,Plastic,11042.1,10482.6,34.55,17,19,Ahmedabad
2025-04-30,Plastic,10765.0,9524.4,33.84,16,19,Coimbatore
2025-05-01,Plastic,10677.4,9783.6,33.47,16,23,Bengaluru
2025-05-02,Plastic,10787.9,9954.0,35.74,17,24,Surat
2025-05-03,Plastic,8450.7,7764.1,36.49,14,12,Pune
2025-05-04,Plastic,5996.3,4925.6,36.31,13,17,Surat
2025-05-05,Plastic,9854.5,8811.2,33.72,18,24,Hyderabad
2025-05-06,Plastic,11146.8,8616.5,34.25,19,23,Kolkata
2025-05-07,Plastic,10851.5,9566.9,35.02,20,30,Chennai
2025-05-08,Plastic,10386.9,9547.3,36.34,19,24,Surat
2025-05-09,Plastic,11513.4,10391.6,36.26,17,25,Pune
2025-05-10,Plastic,8696.4,6575.9,33.82,13,12,Coimbatore
2025-05-11,Plastic,5666.5,5204.7,36.02,9,10,Delhi
2025-05-12,Plastic,11041.0,10016.4,35.97,21,28,Mumbai
2025-05-13,Plastic,10835.4,8679.4,36.04,19,26,Kolkata
2025-05-14,Plastic,10823.1,9635.7,35.67,19,27,Mumbai
2025-05-15,Plastic,10463.2,7927.2,35.96,17,17,Surat
2025-05-16,Plastic,10824.0,8823.0,34.23,18,15,Delhi
2025-05-17,Plastic,8486.4,6384.4,35.63,15,21,Kolkata
2025-05-18,Plastic,6298.3,4767.5,36.15,13,13,Delhi
2025-05-19,Plastic,9786.3,8185.6,35.2,19,24,Pune
2025-05-20,Plastic,10398.7,8987.6,33.39,18,16,Mumbai
2025-05-21,Plastic,11301.9,8653.1,33.75,21,26,Mumbai
2025-05-22,Plastic,10230.5,8942.1,34.84,18,26,Bengaluru
2025-05-23,Plastic,10286.2,8365.1,33.92,20,20,Delhi
2025-05-24,Plastic,8332.9,7504.2,35.37,17,23,Hyderabad
2025-05-25,Plastic,5492.0,4168.3,34.62,11,13,Kolkata
2025-05-26,Plastic,9561.4,9045.9,34.65,17,25,Delhi
2025-05-27,Plastic,10387.0,9639.4,34.37,16,14,Delhi
2025-05-28,Plastic,10527.6,8168.3,36.07,19,16,Delhi
2025-05-29,Plastic,10432.2,8631.5,35.94,20,22,Coimbatore
2025-05-30,Plastic,10377.3,9376.9,34.33,20,18,Delhi
2025-05-31,Plastic,8455.9,7823.6,35.33,16,18,Coimbatore
2025-06-01,Plastic,6381.5,4945.6,34.54,11,15,Ahmedabad
2025-06-02,Plastic,10309.5,9426.0,34.28,17,14,Pune
2025-06-03,Plastic,10129.9,9262.5,34.99,16,15,Bengaluru
2025-06-04,Plastic,10237.5,8338.0,34.21,16,17,Pune
2025-06-05,Plastic,10586.2,9692.3,34.62,16,13,Pune
2025-06-06,Plastic,10922.8,9819.9,35.08,20,20,Delhi
2025-06-07,Plastic,8075.4,7475.5,34.83,12,13,Coimbatore
2025-06-08,Plastic,5920.7,4842.5,33.78,11,16,Hyderabad
2025-06-09,Plastic,10413.5,8498.4,35.94,17,22,Kolkata
2025-06-10,Plastic,9829.8,7907.5,36.46,15,15,Surat
2025-06-11,Plastic,10242.1,8152.6,35.57,16,14,Chennai
2025-06-12,Plastic,9592.1,7206.8,33.55,16,23,Surat
2025-06-13,Plastic,9444.6,7595.1,34.15,15,20,Mumbai
2025-06-14,Plastic,8395.0,7822.1,35.49,13,13,Coimbatore
2025-06-15,Plastic,5641.9,5142.5,35.13,12,14,Mumbai
2025-06-16,Plastic,10225.8,9090.1,36.05,16,20,Ahmedabad
2025-06-17,Plastic,10113.0,9356.4,34.94,19,17,Mumbai
2025-06-18,Plastic,9686.3,7352.2,33.77,15,16,Kolkata
2025-06-19,Plastic,10062.6,7843.3,33.57,18,22,Surat
2025-06-20,Plastic,9538.3,8804.8,36.4,18,15,Chennai
2025-06-21,Plastic,8720.9,7679.9,36.61,17,18,Mumbai
2025-06-22,Plastic,5151.1,4030.9,34.68,11,13,Surat
2025-06-23,Plastic,9919.8,8937.4,34.77,16,20,Pune
2025-06-24,Plastic,9540.1,8116.6,34.83,16,21,Pune
2025-06-25,Plastic,10205.5,9423.4,34.71,17,20,Kolkata
2025-06-26,Plastic,9802.1,7633.3,35.87,18,25,Bengaluru
2025-06-27,Plastic,9702.4,7887.2,34.28,16,14,Pune
2025-06-28,Plastic,8379.0,6623.8,33.66,16,24,Kolkata
2025-06-29,Plastic,5659.5,5101.7,35.19,11,9,Hyderabad
2025-06-30,Plastic,10081.6,8068.8,34.53,19,25,Bengaluru
2025-07-01,Plastic,9424.6,8031.2,34.9,14,21,Ahmedabad
2025-07-02,Plastic,9224.2,7650.0,34.77,17,22,Kolkata
2025-07-03,Plastic,9846.4,7637.9,35.16,18,18,Kolkata
2025-07-04,Plastic,9644.9,8095.4,35.78,16,13,Ahmedabad
2025-07-05,Plastic,8167.1,6637.2,33.5,14,18,Delhi
2025-07-06,Plastic,5531.5,4763.1,35.36,9,10,Bengaluru
2025-07-07,Plastic,9806.2,8131.6,33.58,15,17,Mumbai
2025-07-08,Plastic,9008.7,8039.1,36.54,16,22,Mumbai
2025-07-09,Plastic,10480.9,8321.6,35.47,16,13,Delhi
2025-07-10,Plastic,9588.1,7347.6,36.48,17,15,Surat
2025-07-11,Plastic,9934.1,8209.4,34.32,18,18,Hyderabad
2025-07-12,Plastic,7430.1,5889.9,35.33,15,21,Chennai
2025-07-13,Plastic,5615.0,5121.7,35.64,11,11,Hyderabad
2025-07-14,Plastic,9023.3,8368.5,36.0,17,16,Delhi
2025-07-15,Plastic,9749.0,8953.5,34.89,15,12,Coimbatore
2025-07-16,Plastic,9385.6,8440.1,36.02,16,15,Mumbai
2025-07-17,Plastic,9529.3,8290.0,34.99,18,23,Kolkata
2025-07-18,Plastic,9793.7,8749.6,35.44,19,22,Chennai
2025-07-19,Plastic,7148.3,6559.1,34.92,14,12,Bengaluru
2025-07-20,Plastic,5113.5,3953.4,35.25,9,10,Mumbai
2025-07-21,Plastic,9632.6,7643.2,34.78,16,19,Ahmedabad
2025-07-22,Plastic,10310.6,9595.1,35.29,16,23,Hyderabad
2025-07-23,Plastic,9340.9,7406.2,33.81,15,14,Surat
2025-07-24,Plastic,9631.6,7843.0,35.2,18,15,Ahmedabad
2025-07-25,Plastic,9316.0,7372.2,33.66,16,21,Kolkata
2025-07-26,Plastic,8388.5,6657.7,34.64,16,16,Ahmedabad
2025-07-27,Plastic,4585.4,4102.2,34.99,7,8,Hyderabad
2025-07-28,Plastic,9345.6,7761.9,34.69,16,17,Coimbatore
2025-07-29,Plastic,8596.2,7602.8,34.82,14,13,Kolkata
2025-07-30,Plastic,8203.6,7551.4,33.67,14,19,Kolkata
2025-07-31,Plastic,9377.3,7271.3,35.28,15,21,Kolkata
2025-08-01,Plastic,9292.4,7741.2,36.6,15,17,Mumbai
2025-08-02,Plastic,7339.1,6623.6,33.72,13,17,Hyderabad
2025-08-03,Plastic,5210.9,4532.1,33.94,8,11,Pune
2025-08-04,Plastic,10497.7,9225.1,36.74,19,23,Coimbatore
2025-08-05,Plastic,9054.3,8420.7,34.65,17,14,Mumbai
2025-08-06,Plastic,9364.1,8040.2,36.71,14,13,Mumbai
2025-08-07,Plastic,8854.8,7798.3,34.18,16,19,Mumbai
2025-08-08,Plastic,9240.0,7998.7,36.75,14,12,Kolkata
2025-08-09,Plastic,7264.3,6404.0,36.69,14,15,Bengaluru
2025-08-10,Plastic,5015.7,4731.7,33.88,8,11,Hyderabad
2025-08-11,Plastic,9840.4,8300.7,35.64,18,24,Coimbatore
2025-08-12,Plastic,9552.4,7750.7,35.74,15,20,Mumbai
2025-08-13,Plastic,9095.3,7960.1,35.1,14,18,Pune
2025-08-14,Plastic,8043.2,6964.4,36.49,16,22,Pune
2025-08-15,Plastic,8854.7,7655.3,34.15,14,17,Ahmedabad
2025-08-16,Plastic,8429.7,7289.7,33.94,13,12,Delhi
2025-08-17,Plastic,5033.6,3969.9,35.66,10,12,Bengaluru
2025-08-18,Plastic,9435.7,7999.3,34.86,18,21,Ahmedabad
2025-08-19,Plastic,9566.4,7875.3,33.98,19,21,Hyderabad
2025-08-20,Plastic,9033.8,8281.2,34.33,17,17,Surat
2025-08-21,Plastic,8570.4,6552.9,34.46,17,14,Kolkata
2025-08-22,Plastic,7881.0,6939.0,36.05,13,14,Ahmedabad
2025-08-23,Plastic,7498.9,6906.4,33.92,16,20,Ahmedabad
2025-08-24,Plastic,4735.2,4355.9,33.65,8,7,Chennai
2025-08-25,Plastic,8956.2,6864.0,35.38,16,16,Coimbatore
2025-08-26,Plastic,8339.3,6767.9,33.89,14,15,Mumbai
2025-08-27,Plastic,8747.2,7434.1,33.8,13,13,Surat
2025-08-28,Plastic,8864.2,7718.4,33.55,18,26,Chennai
2025-08-29,Plastic,8954.2,8148.7,34.6,16,22,Surat
2025-08-30,Plastic,6674.8,5030.9,36.19,14,17,Chennai
2025-08-31,Plastic,5549.6,4542.5,36.42,10,12,Coimbatore
2025-09-01,Plastic,8559.2,7072.3,35.4,17,18,Hyderabad
2025-09-02,Plastic,8092.9,6696.2,33.89,12,15,Delhi
2025-09-03,Plastic,8750.3,6769.5,36.05,14,16,Delhi
2025-09-04,Plastic,8803.8,7140.9,35.61,13,14,Delhi
2025-09-05,Plastic,8850.3,7642.4,34.79,14,20,Pune
2025-09-06,Plastic,7682.7,6715.4,34.89,14,15,Ahmedabad
2025-09-07,Plastic,4910.3,4289.7,33.8,11,12,Chennai
2025-09-08,Plastic,8712.2,6735.6,34.42,17,15,Ahmedabad
2025-09-09,Plastic,8288.6,7336.9,33.97,14,18,Delhi
2025-09-10,Plastic,9101.1,6834.2,36.63,17,20,Delhi
2025-09-11,Plastic,8826.0,7516.9,35.66,17,19,Chennai
2025-09-12,Plastic,8564.9,6483.5,35.9,15,19,Ahmedabad
2025-09-13,Plastic,6265.4,4950.3,34.46,13,19,Ahmedabad
2025-09-14,Plastic,5606.0,5171.0,36.11,13,13,Hyderabad
2025-09-15,Plastic,8211.4,7716.9,36.46,16,16,Ahmedabad
2025-09-16,Plastic,8479.3,6446.1,34.59,14,16,Ahmedabad
2025-09-17,Plastic,8880.7,7829.0,36.35,16,19,Mumbai
2025-09-18,Plastic,8218.2,7372.3,35.06,16,17,Mumbai
2025-09-19,Plastic,8090.7,7393.7,35.47,15,20,Pune
2025-09-20,Plastic,6160.1,5055.7,35.45,11,11,Ahmedabad
2025-09-21,Plastic,5291.7,4928.8,36.27,8,10,Bengaluru
2025-09-22,Plastic,8492.6,6799.5,35.96,14,16,Bengaluru
2025-09-23,Plastic,9968.9,8674.0,33.27,17,22,Kolkata
2025-09-24,Plastic,8303.2,7242.3,34.35,14,17,Mumbai
2025-09-25,Plastic,8335.6,6806.5,33.34,16,22,Pune
2025-09-26,Plastic,8488.7,6841.3,36.28,13,17,Ahmedabad
2025-09-27,Plastic,7171.6,6131.7,34.56,15,14,Kolkata
2025-09-28,Plastic,4791.1,3949.7,34.66,9,8,Surat
2025-09-29,Plastic,8997.6,6965.7,34.67,17,17,Kolkata
2025-09-30,Plastic,8325.1,6315.3,36.47,13,15,Ahmedabad
2025-10-01,Plastic,8158.0,6459.6,36.64,15,13,Coimbatore
2025-10-02,Plastic,7985.5,7141.8,34.6,13,18,Mumbai
2025-10-03,Plastic,7809.8,7166.9,34.35,12,16,Bengaluru
2025-10-04,Plastic,6871.5,5713.8,35.06,15,17,Surat
2025-10-05,Plastic,4881.4,4082.7,33.96,10,14,Ahmedabad
2025-10-06,Plastic,8504.3,6856.4,34.74,16,22,Coimbatore
2025-10-07,Plastic,9308.0,7442.0,36.23,15,21,Hyderabad
2025-10-08,Plastic,9308.8,8512.4,35.25,17,17,Pune
2025-10-09,Plastic,8652.4,7518.3,35.99,17,17,Chennai
2025-10-10,Plastic,8040.5,6116.2,33.56,13,16,Delhi
2025-10-11,Plastic,6892.4,5231.2,36.06,11,14,Surat
2025-10-12,Plastic,4785.5,3903.0,34.62,12,12,Ahmedabad
2025-10-13,Plastic,8551.2,7227.1,35.47,14,16,Hyderabad
2025-10-14,Plastic,8544.0,7882.8,33.33,13,13,Hyderabad
2025-10-15,Plastic,8573.3,7955.1,34.82,15,15,Ahmedabad
2025-10-16,Plastic,8697.8,7442.0,33.99,15,12,Pune
2025-10-17,Plastic,8603.4,7603.1,35.94,14,15,Bengaluru
2025-10-18,Plastic,7281.5,6568.7,33.35,14,20,Ahmedabad
2025-10-19,Plastic,5237.6,4278.2,35.9,8,9,Kolkata
2025-10-20,Plastic,8523.5,7552.2,33.67,14,17,Hyderabad
2025-10-21,Plastic,9463.9,8769.3,34.65,14,20,Surat
2025-10-22,Plastic,8520.9,6577.8,33.91,16,16,Surat
2025-10-23,Plastic,8264.0,7263.4,35.07,15,22,Chennai
2025-10-24,Plastic,9127.9,8123.6,36.63,15,17,Kolkata
2025-10-25,Plastic,6923.0,5809.6,34.42,15,20,Coimbatore
2025-10-26,Plastic,5277.4,4474.5,33.48,8,10,Delhi
2025-10-27,Plastic,7990.8,7343.6,34.52,12,16,Mumbai
2025-10-28,Plastic,9620.4,7293.9,33.38,18,21,Kolkata
2025-10-29,Plastic,9331.0,8268.6,34.3,18,24,Kolkata
2025-10-30,Plastic,8424.7,7951.2,36.07,14,14,Pune
2025-10-31,Plastic,8451.5,7120.3,34.77,15,19,Coimbatore
2025-11-01,Plastic,8075.7,7458.7,36.32,16,14,Bengaluru
2025-11-02,Plastic,4895.9,4175.3,35.4,9,8,Ahmedabad
2025-11-03,Plastic,8780.6,7558.5,36.12,14,19,Delhi
2025-11-04,Plastic,8191.2,7459.9,34.15,13,14,Kolkata
2025-11-05,Plastic,9024.8,7356.3,35.43,16,23,Mumbai
2025-11-06,Plastic,9097.1,8439.8,35.18,18,26,Surat
2025-11-07,Plastic,9518.3,7549.2,33.95,15,22,Coimbatore
2025-11-08,Plastic,6881.3,5795.7,36.36,14,11,Pune
2025-11-09,Plastic,4643.1,3625.8,35.42,8,7,Pune
2025-11-10,Plastic,9469.3,7403.0,36.17,14,20,Surat
2025-11-11,Plastic,9727.4,9139.0,35.55,18,19,Hyderabad
2025-11-12,Plastic,8654.1,6527.5,35.35,14,20,Pune
2025-11-13,Plastic,9804.1,9019.2,34.65,17,25,Hyderabad
2025-11-14,Plastic,9383.5,7092.7,35.34,18,16,Pune
2025-11-15,Plastic,8066.1,6493.5,36.03,12,16,Ahmedabad
2025-11-16,Plastic,5349.9,4235.5,33.82,9,8,Surat
2025-11-17,Plastic,8366.6,6872.8,33.58,15,12,Mumbai
2025-11-18,Plastic,9398.4,7289.4,33.52,18,16,Coimbatore
2025-11-19,Plastic,9938.3,8960.5,35.68,18,26,Bengaluru
2025-11-20,Plastic,9132.9,8325.1,33.44,18,25,Coimbatore
2025-11-21,Plastic,9373.3,8092.2,36.44,14,20,Pune
2025-11-22,Plastic,7667.3,6206.4,34.26,15,14,Kolkata
2025-11-23,Plastic,4247.6,3490.6,35.9,10,12,Hyderabad
2025-11-24,Plastic,10326.5,8957.0,35.09,17,17,Pune
2025-11-25,Plastic,9259.7,8126.5,34.4,18,25,Pune
2025-11-26,Plastic,9884.6,9109.7,35.13,18,16,Hyderabad
2025-11-27,Plastic,9660.1,8722.5,36.3,18,26,Bengaluru
2025-11-28,Plastic,10258.9,8898.3,36.29,15,17,Bengaluru
2025-11-29,Plastic,8067.2,7455.4,34.53,15,19,Kolkata
2025-11-30,Plastic,5488.8,4976.6,35.56,9,9,Pune
2025-12-01,Plastic,9428.7,8187.4,34.1,18,16,Delhi
2025-12-02,Plastic,10176.1,9113.6,36.23,19,20,Mumbai
2025-12-03,Plastic,9069.5,7277.0,35.01,17,15,Pune
2025-12-04,Plastic,10169.3,7657.3,35.73,17,20,Mumbai
2025-12-05,Plastic,9456.9,8199.5,33.65,16,21,Kolkata
2025-12-06,Plastic,8589.8,7425.2,35.54,15,16,Mumbai
2025-12-07,Plastic,5773.3,4377.4,36.46,9,10,Delhi
2025-12-08,Plastic,10286.9,8940.7,34.51,18,22,Hyderabad
2025-12-09,Plastic,10078.1,8300.9,34.41,19,16,Coimbatore
2025-12-10,Plastic,9328.8,7944.0,35.74,15,17,Pune
2025-12-11,Plastic,9738.3,7888.1,35.94,18,22,Ahmedabad
2025-12-12,Plastic,10420.6,8381.3,35.26,17,18,Chennai
2025-12-13,Plastic,8300.2,6434.6,35.05,14,20,Surat
2025-12-14,Plastic,6328.6,5774.5,34.12,14,16,Coimbatore
2025-12-15,Plastic,10399.3,7834.9,33.47,18,25,Pune
2025-12-16,Plastic,9848.5,8567.9,34.24,17,20,Delhi
2025-12-17,Plastic,9952.5,8383.7,34.18,15,17,Bengaluru
2025-12-18,Plastic,10366.2,8184.1,35.22,19,24,Ahmedabad
2025-12-19,Plastic,9370.8,7248.2,34.4,18,17,Coimbatore
2025-12-20,Plastic,9119.0,8535.6,35.97,17,19,Surat
2025-12-21,Plastic,6141.0,5507.5,33.32,12,11,Bengaluru
2025-12-22,Plastic,10971.8,10228.5,36.7,19,17,Ahmedabad
2025-12-23,Plastic,9810.7,8137.6,33.94,15,22,Pune
2025-12-24,Plastic,11043.7,10377.6,35.68,18,18,Ahmedabad
2025-12-25,Plastic,11495.6,10705.6,35.48,17,14,Mumbai
2025-12-26,Plastic,10018.3,9438.0,34.43,16,22,Pune
2025-12-27,Plastic,8918.7,7323.4,36.62,16,23,Bengaluru
2025-12-28,Plastic,6083.2,5728.2,34.73,14,21,Hyderabad
2025-12-29,Plastic,10021.0,7923.7,36.03,18,23,Delhi
2025-12-30,Plastic,10919.6,9095.5,33.44,20,21,Coimbatore
2025-12-31,Plastic,11097.1,8992.0,36.06,21,18,Kolkata
2025-01-01,Paper,7158.6,6396.3,11.75,13,15,Pune
2025-01-02,Paper,7800.8,7271.5,12.22,18,18,Bengaluru
2025-01-03,Paper,6833.1,5252.6,12.26,16,19,Hyderabad
2025-01-04,Paper,5499.8,4554.9,11.86,10,13,Surat
2025-01-05,Paper,4312.9,3822.7,11.69,8,10,Delhi
2025-01-06,Paper,7496.6,5676.5,12.09,18,27,Kolkata
2025-01-07,Paper,7260.6,5954.1,12.22,13,11,Pune
2025-01-08,Paper,7818.5,7099.3,12.06,18,15,Chennai
2025-01-09,Paper,7744.6,6380.7,11.65,14,13,Mumbai
2025-01-10,Paper,7882.9,5988.6,12.13,16,20,Hyderabad
2025-01-11,Paper,6114.3,5451.0,12.53,14,14,Surat
2025-01-12,Paper,4570.8,3467.0,12.49,10,12,Ahmedabad
2025-01-13,Paper,7497.3,6400.8,12.53,14,17,Surat
2025-01-14,Paper,8395.7,6651.5,11.76,18,21,Delhi
2025-01-15,Paper,7415.9,6708.3,11.92,15,20,Mumbai
2025-01-16,Paper,8460.5,7835.6,12.37,16,19,Mumbai
2025-01-17,Paper,7759.2,6614.7,11.51,16,15,Delhi
2025-01-18,Paper,5808.8,4861.9,11.98,12,16,Delhi
2025-01-19,Paper,4932.2,4001.9,12.42,11,12,Kolkata
2025-01-20,Paper,7860.6,6200.6,12.22,15,20,Surat
2025-01-21,Paper,8137.4,7438.3,11.89,18,22,Pune
2025-01-22,Paper,8290.8,7077.5,12.22,19,22,Mumbai
2025-01-23,Paper,8003.5,6439.0,12.08,17,18,Ahmedabad
2025-01-24,Paper,7700.7,6797.8,11.77,16,17,Surat
2025-01-25,Paper,6761.5,5364.9,12.35,17,22,Hyderabad
2025-01-26,Paper,4544.9,3492.2,11.79,12,13,Bengaluru
2025-01-27,Paper,8215.5,6483.6,11.73,16,20,Surat
2025-01-28,Paper,7243.8,6532.5,12.42,17,23,Mumbai
2025-01-29,Paper,8176.2,7384.2,12.11,18,20,Kolkata
2025-01-30,Paper,7818.2,5963.5,12.48,18,17,Bengaluru
2025-01-31,Paper,8642.2,7478.2,12.35,17,22,Bengaluru
2025-02-01,Paper,6763.2,5432.6,12.07,14,13,Coimbatore
2025-02-02,Paper,4716.4,3751.0,11.65,12,16,Mumbai
2025-02-03,Paper,8298.3,6312.1,11.86,15,14,Delhi
2025-02-04,Paper,7799.8,6617.3,11.76,18,27,Ahmedabad
2025-02-05,Paper,8738.4,7430.2,11.46,18,24,Pune
2025-02-06,Paper,8888.1,7704.4,12.22,18,23,Ahmedabad
2025-02-07,Paper,8349.3,7368.4,12.18,17,23,Ahmedabad
2025-02-08,Paper,7220.9,6141.3,12.07,13,11,Pune
2025-02-09,Paper,4516.6,3692.2,12.42,10,14,Ahmedabad
2025-02-10,Paper,7993.7,7037.1,11.71,17,25,Mumbai
2025-02-11,Paper,8306.9,6587.1,11.9,16,15,Coimbatore
2025-02-12,Paper,8464.5,6970.8,11.53,19,20,Mumbai
2025-02-13,Paper,8193.9,7455.9,11.61,15,15,Chennai
2025-02-14,Paper,8539.3,8079.3,12.01,19,19,Chennai
2025-02-15,Paper,6883.1,6353.7,11.56,14,14,Surat
2025-02-16,Paper,4444.3,3415.6,12.57,11,14,Coimbatore
2025-02-17,Paper,8589.2,7823.8,11.89,16,15,Pune
2025-02-18,Paper,8728.2,8080.8,12.06,16,19,Mumbai
2025-02-19,Paper,8504.2,8060.1,12.49,17,22,Kolkata
2025-02-20,Paper,8865.5,8188.2,11.97,19,21,Hyderabad
2025-02-21,Paper,8053.6,6340.1,11.99,19,24,Coimbatore
2025-02-22,Paper,7042.4,6379.6,11.55,14,17,Coimbatore
2025-02-23,Paper,4455.7,3700.2,12.5,13,16,Chennai
2025-02-24,Paper,8141.3,7305.5,11.99,15,16,Bengaluru
2025-02-25,Paper,8327.0,7249.7,12.03,17,19,Mumbai
2025-02-26,Paper,8234.5,7131.7,12.32,17,21,Coimbatore
2025-02-27,Paper,8388.6,6851.4,11.56,15,19,Pune
2025-02-28,Paper,8521.2,7441.4,11.92,16,22,Hyderabad
2025-03-01,Paper,7264.4,5908.2,12.58,14,12,Coimbatore
2025-03-02,Paper,4817.3,4217.6,11.97,11,10,Coimbatore
2025-03-03,Paper,8087.1,6757.8,11.41,16,23,Bengaluru
2025-03-04,Paper,9055.8,6988.8,12.06,20,20,Hyderabad
2025-03-05,Paper,8378.2,7662.9,11.53,18,17,Bengaluru
2025-03-06,Paper,8664.8,6574.4,11.69,20,18,Mumbai
2025-03-07,Paper,8855.5,7082.5,11.5,19,21,Pune
2025-03-08,Paper,7123.1,5909.5,11.45,14,13,Chennai
2025-03-09,Paper,5369.3,4998.1,12.56,12,14,Delhi
2025-03-10,Paper,8906.6,8038.8,11.7,18,19,Bengaluru
2025-03-11,Paper,8450.1,7049.1,12.53,15,19,Delhi
2025-03-12,Paper,9526.4,8343.3,11.97,17,15,Pune
2025-03-13,Paper,8844.0,6832.4,11.41,18,26,Delhi
2025-03-14,Paper,8736.1,7512.8,11.45,20,16,Ahmedabad
2025-03-15,Paper,7460.4,7023.1,12.33,15,13,Kolkata
2025-03-16,Paper,5121.6,3934.7,11.86,14,13,Bengaluru
2025-03-17,Paper,8960.6,8462.1,11.84,17,20,Hyderabad
2025-03-18,Paper,9703.5,8753.0,12.5,18,22,Pune
2025-03-19,Paper,8745.0,7035.6,11.74,20,26,Chennai
2025-03-20,Paper,8739.9,8077.2,11.9,19,26,Ahmedabad
2025-03-21,Paper,8901.3,7711.5,11.63,16,21,Hyderabad
2025-03-22,Paper,7555.2,5714.9,11.73,17,22,Delhi
2025-03-23,Paper,4546.1,4091.4,12.34,11,14,Surat
2025-03-24,Paper,8198.9,6189.4,12.26,17,14,Chennai
2025-03-25,Paper,8689.4,7078.4,11.77,20,16,Pune
2025-03-26,Paper,8330.8,6412.3,12.13,16,16,Pune
2025-03-27,Paper,8761.4,7838.7,11.67,19,18,Hyderabad
2025-03-28,Paper,9093.0,6831.6,11.98,19,25,Hyderabad
2025-03-29,Paper,6912.3,5827.7,12.44,13,16,Kolkata
2025-03-30,Paper,4603.6,4281.1,11.54,11,11,Ahmedabad
2025-03-31,Paper,8960.6,6779.6,12.18,16,22,Coimbatore
2025-04-01,Paper,9243.9,8464.6,12.3,20,17,Bengaluru
2025-04-02,Paper,8354.1,6835.3,12.24,19,17,Hyderabad
2025-04-03,Paper,9239.4,8523.5,12.5,21,28,Chennai
2025-04-04,Paper,9243.1,7762.5,12.41,21,22,Kolkata
2025-04-05,Paper,7588.3,5855.8,11.85,17,18,Pune
2025-04-06,Paper,5549.5,4832.8,11.99,12,18,Surat
2025-04-07,Paper,9739.6,7770.2,12.32,18,27,Pune
2025-04-08,Paper,8847.5,7911.6,12.47,20,17,Delhi
2025-04-09,Paper,9013.4,7853.5,12.06,17,22,Chennai
2025-04-10,Paper,8831.9,7486.1,11.65,19,19,Ahmedabad
2025-04-11,Paper,8980.6,6785.6,12.12,18,24,Coimbatore
2025-04-12,Paper,7807.5,6457.9,12.25,16,23,Pune
2025-04-13,Paper,4662.6,4269.1,12.57,11,13,Pune
2025-04-14,Paper,8683.1,7323.5,12.2,19,27,Coimbatore
2025-04-15,Paper,9467.4,8192.2,11.87,17,19,Pune
2025-04-16,Paper,9342.9,7802.0,12.18,18,20,Surat
2025-04-17,Paper,8858.9,7816.5,11.59,16,21,Delhi
2025-04-18,Paper,9284.9,8426.3,12.38,17,15,Delhi
2025-04-19,Paper,7393.2,6302.8,12.44,14,11,Surat
2025-04-20,Paper,5659.0,5247.2,12.35,14,19,Surat
2025-04-21,Paper,9009.3,7927.0,12.11,20,16,Kolkata
2025-04-22,Paper,9340.6,7131.1,11.96,17,24,Bengaluru
2025-04-23,Paper,9904.5,8418.0,11.89,19,22,Pune
2025-04-24,Paper,9186.9,8597.2,12.36,21,24,Ahmedabad
2025-04-25,Paper,8992.3,8275.0,12.34,16,16,Surat
2025-04-26,Paper,7516.0,6334.7,12.24,18,16,Chennai
2025-04-27,Paper,4997.2,3853.0,11.8,14,20,Mumbai
2025-04-28,Paper,9801.2,8201.7,12.56,21,20,Pune
2025-04-29,Paper,9024.5,8504.2,11.83,20,26,Surat
2025-04-30,Paper,8861.8,8095.1,11.58,18,25,Chennai
2025-05-01,Paper,8660.3,8176.9,11.84,17,24,Surat
2025-05-02,Paper,9332.0,8741.8,12.2,19,25,Surat
2025-05-03,Paper,7542.9,5920.7,11.45,17,18,Delhi
2025-05-04,Paper,4933.0,4160.5,11.72,13,14,Ahmedabad
2025-05-05,Paper,9133.4,7195.5,12.05,21,19,Chennai
2025-05-06,Paper,8397.5,7121.2,12.0,19,21,Mumbai
2025-05-07,Paper,8983.9,7634.7,12.13,18,25,Surat
2025-05-08,Paper,9070.9,8487.7,12.2,19,24,Mumbai
2025-05-09,Paper,9503.0,7538.1,11.68,20,24,Surat
2025-05-10,Paper,6933.5,5851.4,11.55,15,14,Coimbatore
2025-05-11,Paper,4632.9,4255.2,12.13,9,12,Mumbai
2025-05-12,Paper,8569.3,7156.7,12.09,17,18,Ahmedabad
2025-05-13,Paper,8406.8,6493.3,11.51,18,27,Surat
2025-05-14,Paper,9334.0,7353.6,11.84,17,16,Chennai
2025-05-15,Paper,9399.5,7510.8,12.07,21,20,Pune
2025-05-16,Paper,8960.5,7869.8,12.04,20,27,Ahmedabad
2025-05-17,Paper,7583.0,6254.3,11.68,16,15,Bengaluru
2025-05-18,Paper,5092.4,3873.5,12.12,12,16,Ahmedabad
2025-05-19,Paper,8786.6,7035.6,12.01,16,15,Bengaluru
2025-05-20,Paper,8693.3,7221.1,12.43,20,19,Pune
2025-05-21,Paper,8690.9,6730.6,11.68,17,23,Bengaluru
2025-05-22,Paper,8247.2,7140.4,11.5,18,21,Pune
2025-05-23,Paper,8870.6,8259.7,11.41,17,20,Mumbai
2025-05-24,Paper,7083.0,6283.6,12.37,16,17,Coimbatore
2025-05-25,Paper,5264.2,4281.1,12.56,13,17,Surat
2025-05-26,Paper,8777.0,6721.2,11.76,16,23,Mumbai
2025-05-27,Paper,8675.6,6874.0,12.17,17,18,Kolkata
2025-05-28,Paper,8415.6,7868.6,11.49,17,19,Coimbatore
2025-05-29,Paper,8733.6,8047.2,11.57,19,17,Surat
2025-05-30,Paper,8954.3,7202.3,11.44,17,18,Pune
2025-05-31,Paper,6629.2,5569.5,11.82,15,14,Surat
2025-06-01,Paper,4985.2,3994.7,11.64,10,11,Delhi
2025-06-02,Paper,8739.0,8109.6,12.35,16,22,Kolkata
2025-06-03,Paper,8392.9,6824.1,11.42,19,25,Hyderabad
2025-06-04,Paper,8425.0,7623.0,12.1,17,17,Chennai
2025-06-05,Paper,8697.9,6628.6,12.26,16,16,Ahmedabad
2025-06-06,Paper,8206.7,7434.5,12.11,17,21,Pune
2025-06-07,Paper,7075.8,5700.8,12.1,13,19,Coimbatore
2025-06-08,Paper,4586.8,3538.1,12.03,9,10,Surat
2025-06-09,Paper,8933.0,7442.4,12.47,20,25,Hyderabad
2025-06-10,Paper,9364.8,8820.5,12.32,21,20,Ahmedabad
2025-06-11,Paper,8230.7,7771.6,11.79,19,19,Kolkata
2025-06-12,Paper,8704.2,8073.6,11.49,16,16,Ahmedabad
2025-06-13,Paper,8247.9,6247.9,11.63,18,19,Coimbatore
2025-06-14,Paper,7235.0,6356.7,12.44,16,16,Bengaluru
2025-06-15,Paper,4398.4,3636.9,11.76,11,16,Mumbai
2025-06-16,Paper,8625.0,7186.7,11.6,17,25,Hyderabad
2025-06-17,Paper,8135.9,6657.9,11.7,18,22,Bengaluru
2025-06-18,Paper,8353.5,6505.8,11.7,17,14,Chennai
2025-06-19,Paper,8049.4,7245.7,11.7,17,16,Delhi
2025-06-20,Paper,8682.4,7176.9,11.47,20,29,Mumbai
2025-06-21,Paper,6489.8,5480.4,11.46,12,13,Hyderabad
2025-06-22,Paper,4971.9,4650.1,12.03,10,8,Surat
2025-06-23,Paper,8226.4,7807.2,11.83,18,17,Bengaluru
2025-06-24,Paper,8290.7,6341.7,12.16,15,20,Coimbatore
2025-06-25,Paper,8366.3,7801.8,11.6,15,17,Delhi
2025-06-26,Paper,8031.8,6132.1,12.02,19,20,Mumbai
2025-06-27,Paper,8355.8,7377.3,11.5,17,17,Hyderabad
2025-06-28,Paper,7227.0,5735.8,11.64,16,17,Coimbatore
2025-06-29,Paper,4441.6,3456.0,11.81,13,18,Chennai
2025-06-30,Paper,8643.2,7050.7,11.92,18,21,Ahmedabad
2025-07-01,Paper,8741.0,7686.5,11.52,18,24,Kolkata
2025-07-02,Paper,7914.5,6205.7,11.47,17,16,Mumbai
2025-07-03,Paper,7674.4,6665.4,11.6,18,25,Chennai
2025-07-04,Paper,8272.9,7280.8,11.59,19,27,Mumbai
2025-07-05,Paper,6406.6,5450.4,11.75,14,11,Chennai
2025-07-06,Paper,5302.1,4206.0,12.02,12,15,Delhi
2025-07-07,Paper,8129.8,7562.8,12.1,19,17,Bengaluru
2025-07-08,Paper,7820.4,6510.0,11.58,14,19,Coimbatore
2025-07-09,Paper,7683.2,5928.5,11.76,14,13,Surat
2025-07-10,Paper,8449.7,7861.9,12.18,17,19,Kolkata
2025-07-11,Paper,7851.9,6695.3,12.02,17,18,Mumbai
2025-07-12,Paper,6520.2,5599.2,12.23,13,15,Surat
2025-07-13,Paper,4916.8,3810.2,12.19,12,17,Pune
2025-07-14,Paper,7833.2,7362.3,12.54,17,17,Mumbai
2025-07-15,Paper,7970.4,7083.9,12.09,17,16,Bengaluru
2025-07-16,Paper,7964.5,7119.2,12.07,15,21,Chennai
2025-07-17,Paper,8193.3,6457.4,12.02,16,15,Pune
2025-07-18,Paper,8144.9,6764.6,12.45,16,23,Hyderabad
2025-07-19,Paper,6336.1,5119.3,12.05,12,16,Bengaluru
2025-07-20,Paper,4540.1,4205.4,12.45,11,12,Delhi
2025-07-21,Paper,7760.4,6560.0,11.5,15,22,Bengaluru
2025-07-22,Paper,7357.6,5533.0,11.57,15,22,Mumbai
2025-07-23,Paper,7949.4,6214.7,12.04,18,24,Ahmedabad
2025-07-24,Paper,8506.0,7186.0,11.44,17,21,Hyderabad
2025-07-25,Paper,7519.1,6619.5,12.16,18,24,Ahmedabad
2025-07-26,Paper,6054.4,5315.5,12.49,14,18,Ahmedabad
2025-07-27,Paper,4151.3,3364.5,12.57,11,13,Bengaluru
2025-07-28,Paper,8036.7,6148.1,11.94,17,16,Mumbai
2025-07-29,Paper,7925.2,7279.8,11.46,16,22,Coimbatore
2025-07-30,Paper,7698.1,7132.2,11.84,14,11,Surat
2025-07-31,Paper,7417.7,6623.5,11.99,15,15,Ahmedabad
2025-08-01,Paper,7757.0,7065.6,11.57,16,15,Pune
2025-08-02,Paper,5694.2,4600.2,11.48,15,18,Hyderabad
2025-08-03,Paper,4448.1,3864.1,11.98,12,16,Hyderabad
2025-08-04,Paper,7987.6,6918.7,11.78,16,15,Chennai
2025-08-05,Paper,7230.9,6587.3,11.6,17,20,Delhi
2025-08-06,Paper,7119.0,6262.0,12.56,14,19,Ahmedabad
2025-08-07,Paper,8194.9,7046.4,11.91,15,17,Coimbatore
2025-08-08,Paper,7414.9,5967.8,12.18,15,16,Ahmedabad
2025-08-09,Paper,6563.0,5937.2,11.68,16,20,Pune
2025-08-10,Paper,4290.9,3714.9,11.48,8,10,Surat
2025-08-11,Paper,7534.3,6544.6,12.21,15,15,Mumbai
2025-08-12,Paper,7732.2,6892.7,12.26,16,13,Ahmedabad
2025-08-13,Paper,7257.3,6870.3,12.6,13,15,Pune
2025-08-14,Paper,7601.3,5710.3,12.07,16,19,Surat
2025-08-15,Paper,7409.8,6460.5,12.35,17,16,Pune
2025-08-16,Paper,5635.2,4740.4,12.01,14,12,Chennai
2025-08-17,Paper,4415.8,3521.8,12.52,11,16,Pune
2025-08-18,Paper,7418.0,5671.7,12.34,16,19,Pune
2025-08-19,Paper,7444.7,5997.3,11.61,16,19,Pune
2025-08-20,Paper,7065.8,5441.8,12.38,14,18,Pune
2025-08-21,Paper,8036.3,7011.4,11.82,15,18,Hyderabad
2025-08-22,Paper,7776.4,6857.9,11.83,14,11,Delhi
2025-08-23,Paper,6376.6,5417.4,11.81,13,19,Delhi
2025-08-24,Paper,4150.8,3303.5,12.31,12,10,Pune
2025-08-25,Paper,6836.8,6131.2,11.7,16,15,Bengaluru
2025-08-26,Paper,8116.9,6316.0,11.71,18,25,Ahmedabad
2025-08-27,Paper,7403.6,6801.4,12.34,17,24,Coimbatore
2025-08-28,Paper,7154.9,6787.2,11.64,14,13,Kolkata
2025-08-29,Paper,7555.2,5835.7,12.02,17,14,Kolkata
2025-08-30,Paper,6400.5,5844.9,12.18,16,21,Pune
2025-08-31,Paper,4217.5,3959.8,11.77,11,15,Pune
2025-09-01,Paper,7835.4,7251.4,12.55,14,12,Bengaluru
2025-09-02,Paper,7760.5,6505.2,11.78,18,20,Ahmedabad
2025-09-03,Paper,6998.6,6496.3,11.66,13,13,Hyderabad
2025-09-04,Paper,7133.6,5690.6,12.59,13,19,Kolkata
2025-09-05,Paper,7699.1,6394.5,12.57,14,19,Pune
2025-09-06,Paper,5007.7,4538.4,12.1,12,15,Coimbatore
2025-09-07,Paper,4149.9,3134.6,12.38,12,10,Coimbatore
2025-09-08,Paper,6848.6,5469.9,11.9,17,25,Chennai
2025-09-09,Paper,7178.4,6356.5,12.5,14,12,Bengaluru
2025-09-10,Paper,7236.8,5868.4,12.25,13,15,Ahmedabad
2025-09-11,Paper,7212.6,5475.1,12.02,16,14,Kolkata
2025-09-12,Paper,7141.5,6028.3,11.93,14,13,Chennai
2025-09-13,Paper,5551.5,4476.2,12.13,14,20,Coimbatore
2025-09-14,Paper,4990.5,3952.1,11.55,10,10,Mumbai
2025-09-15,Paper,7981.2,7046.3,11.71,16,16,Bengaluru
2025-09-16,Paper,6919.2,5334.0,11.89,13,18,Coimbatore
2025-09-17,Paper,7878.3,6372.3,11.87,15,12,Mumbai
2025-09-18,Paper,7183.8,5546.6,11.55,15,16,Ahmedabad
2025-09-19,Paper,7368.2,6367.9,11.56,17,23,Bengaluru
2025-09-20,Paper,5905.8,5238.0,11.55,12,15,Pune
2025-09-21,Paper,3953.6,3299.9,12.43,11,10,Chennai
2025-09-22,Paper,7667.7,6500.9,12.35,14,18,Surat
2025-09-23,Paper,7368.3,6839.6,12.07,18,21,Kolkata
2025-09-24,Paper,7158.7,6666.5,12.39,16,18,Ahmedabad
2025-09-25,Paper,6870.6,6414.2,12.44,14,16,Ahmedabad
2025-09-26,Paper,7016.4,6183.2,11.55,14,17,Chennai
2025-09-27,Paper,5360.6,4591.9,12.09,14,16,Bengaluru
2025-09-28,Paper,4195.3,3181.5,12.01,9,7,Pune
2025-09-29,Paper,6918.7,5350.8,11.7,15,20,Delhi
2025-09-30,Paper,7248.1,6783.3,12.37,13,16,Ahmedabad
2025-10-01,Paper,7824.5,7164.6,11.67,14,16,Coimbatore
2025-10-02,Paper,7769.0,6601.5,12.57,17,23,Coimbatore
2025-10-03,Paper,7342.7,5871.2,12.16,14,15,Ahmedabad
2025-10-04,Paper,5926.9,5399.2,12.01,15,14,Surat
2025-10-05,Paper,4866.3,3752.9,12.58,11,11,Delhi
2025-10-06,Paper,7552.6,6752.5,11.44,16,22,Surat
2025-10-07,Paper,7261.9,5724.1,11.68,14,16,Surat
2025-10-08,Paper,6884.1,5598.4,11.44,16,15,Pune
2025-10-09,Paper,7528.1,6922.0,12.48,14,13,Coimbatore
2025-10-10,Paper,7687.9,6902.0,12.56,14,19,Hyderabad
2025-10-11,Paper,5773.8,4860.0,12.19,12,10,Pune
2025-10-12,Paper,4338.2,3565.2,12.18,10,13,Pune
2025-10-13,Paper,7294.9,5860.7,12.52,14,16,Kolkata
2025-10-14,Paper,7366.6,6568.4,12.21,17,19,Kolkata
2025-10-15,Paper,6569.6,6076.3,12.05,16,23,Bengaluru
2025-10-16,Paper,7372.4,6479.4,12.48,15,22,Chennai
2025-10-17,Paper,7799.4,7038.6,11.44,14,16,Bengaluru
2025-10-18,Paper,5826.6,5161.4,11.41,13,11,Surat
2025-10-19,Paper,4293.5,3486.6,12.31,8,12,Bengaluru
2025-10-20,Paper,7228.0,5847.5,11.53,16,17,Ahmedabad
2025-10-21,Paper,7630.3,6542.9,11.42,16,14,Coimbatore
2025-10-22,Paper,7440.4,6997.8,12.58,18,20,Ahmedabad
2025-10-23,Paper,7199.7,5517.6,11.9,15,14,Delhi
2025-10-24,Paper,8007.6,6207.6,11.75,18,15,Mumbai
2025-10-25,Paper,6440.4,5555.4,11.9,12,11,Coimbatore
2025-10-26,Paper,4112.7,3890.3,12.0,11,15,Hyderabad
2025-10-27,Paper,7755.7,6192.4,11.79,14,18,Mumbai
2025-10-28,Paper,7783.7,6186.7,12.31,17,17,Mumbai
2025-10-29,Paper,7834.9,7192.6,12.19,18,22,Surat
2025-10-30,Paper,7032.0,6504.4,12.19,15,18,Coimbatore
2025-10-31,Paper,7992.5,7200.9,12.17,15,15,Hyderabad
2025-11-01,Paper,5998.1,5114.5,11.52,14,16,Surat
2025-11-02,Paper,4258.6,3942.1,12.0,12,14,Mumbai
2025-11-03,Paper,8611.2,7154.1,12.09,18,20,Mumbai
2025-11-04,Paper,7810.2,7193.3,11.55,15,13,Kolkata
2025-11-05,Paper,7586.3,6336.1,12.57,15,13,Chennai
2025-11-06,Paper,6966.9,6359.5,12.51,16,22,Chennai
2025-11-07,Paper,8242.8,7023.0,11.55,18,19,Chennai
2025-11-08,Paper,5822.7,5412.2,11.97,11,11,Hyderabad
2025-11-09,Paper,4101.7,3817.5,11.95,9,12,Bengaluru
2025-11-10,Paper,7695.2,6316.4,11.86,17,17,Pune
2025-11-11,Paper,8325.8,6594.0,11.57,15,21,Bengaluru
2025-11-12,Paper,8120.0,6423.7,11.49,17,17,Chennai
2025-11-13,Paper,7813.6,6037.6,12.4,14,17,Coimbatore
2025-11-14,Paper,7996.6,6603.9,11.99,16,21,Surat
2025-11-15,Paper,6192.2,4896.7,12.34,14,20,Bengaluru
2025-11-16,Paper,4579.9,3504.0,12.21,11,10,Delhi
2025-11-17,Paper,7975.6,7232.6,11.93,16,21,Pune
2025-11-18,Paper,8310.1,7589.3,12.07,16,16,Delhi
2025-11-19,Paper,8330.8,6447.9,12.4,15,22,Pune
2025-11-20,Paper,8186.8,7234.0,12.15,19,19,Bengaluru
2025-11-21,Paper,7908.9,6585.1,12.24,19,19,Pune
2025-11-22,Paper,6782.7,5513.8,11.93,15,18,Bengaluru
2025-11-23,Paper,4585.1,3807.0,11.55,13,14,Kolkata
2025-11-24,Paper,7724.2,5957.6,12.42,18,25,Mumbai
2025-11-25,Paper,7984.6,7533.4,11.62,16,14,Pune
2025-11-26,Paper,8178.5,7042.0,12.11,17,20,Hyderabad
2025-11-27,Paper,8490.9,7979.8,12.28,18,25,Bengaluru
2025-11-28,Paper,8131.7,6924.9,11.44,15,22,Ahmedabad
2025-11-29,Paper,6230.9,5067.2,12.45,16,14,Ahmedabad
2025-11-30,Paper,4730.7,4312.8,11.83,11,16,Pune
2025-12-01,Paper,8308.0,6531.5,12.24,18,21,Ahmedabad
2025-12-02,Paper,8357.8,6691.4,12.33,17,20,Mumbai
2025-12-03,Paper,8639.5,7852.1,11.69,18,20,Coimbatore
2025-12-04,Paper,8699.1,6609.2,11.41,20,23,Kolkata
2025-12-05,Paper,8159.7,7627.6,11.87,19,21,Ahmedabad
2025-12-06,Paper,6578.7,5413.2,11.84,13,15,Surat
2025-12-07,Paper,4446.5,3537.5,12.46,13,14,Mumbai
2025-12-08,Paper,8688.8,7651.7,11.86,20,17,Chennai
2025-12-09,Paper,8977.2,6772.6,12.42,16,18,Pune
2025-12-10,Paper,8385.9,6714.2,12.57,16,20,Coimbatore
2025-12-11,Paper,8437.9,6484.7,11.92,19,26,Surat
2025-12-12,Paper,9062.2,8345.3,12.38,18,25,Mumbai
2025-12-13,Paper,7118.9,6006.6,11.93,14,15,Bengaluru
2025-12-14,Paper,5068.1,4166.6,12.53,10,13,Mumbai
2025-12-15,Paper,8212.1,6489.7,12.22,15,14,Pune
2025-12-16,Paper,8893.4,6774.5,12.39,20,20,Surat
2025-12-17,Paper,8357.7,7118.3,12.04,17,25,Ahmedabad
2025-12-18,Paper,8313.2,7160.7,11.83,16,18,Ahmedabad
2025-12-19,Paper,8616.1,7481.4,11.72,19,25,Pune
2025-12-20,Paper,6890.3,6444.4,11.77,15,19,Pune
2025-12-21,Paper,4946.6,4543.7,12.28,9,8,Hyderabad
2025-12-22,Paper,8315.6,7443.5,11.99,17,22,Bengaluru
2025-12-23,Paper,9183.3,7694.6,11.53,18,16,Bengaluru
2025-12-24,Paper,9270.1,8680.1,11.74,17,16,Surat
2025-12-25,Paper,8221.7,7753.0,11.87,16,18,Chennai
2025-12-26,Paper,9273.7,7811.6,12.5,19,25,Mumbai
2025-12-27,Paper,6969.0,6590.6,11.73,16,17,Pune
2025-12-28,Paper,5435.5,4184.6,11.6,13,13,Chennai
2025-12-29,Paper,8991.3,8464.4,12.56,18,14,Bengaluru
2025-12-30,Paper,9053.5,8070.9,12.37,21,27,Bengaluru
2025-12-31,Paper,9006.7,6823.2,12.33,18,23,Pune
2025-01-01,Glass,4453.3,3491.1,8.36,18,27,Bengaluru
2025-01-02,Glass,3979.6,3336.8,8.35,16,18,Mumbai
2025-01-03,Glass,4365.8,3433.8,8.1,16,21,Hyderabad
2025-01-04,Glass,3669.6,3420.5,7.78,15,14,Bengaluru
2025-01-05,Glass,2587.6,2311.0,8.02,10,12,Surat
2025-01-06,Glass,4759.4,3747.7,8.26,17,15,Coimbatore
2025-01-07,Glass,4205.4,3270.1,7.6,17,23,Chennai
2025-01-08,Glass,4519.4,3622.3,8.32,17,25,Kolkata
2025-01-09,Glass,4323.5,3575.9,8.3,17,25,Pune
2025-01-10,Glass,4608.2,3655.8,8.0,17,24,Ahmedabad
2025-01-11,Glass,3542.8,2833.3,8.38,14,13,Kolkata
2025-01-12,Glass,2433.9,2101.8,7.76,12,13,Coimbatore
2025-01-13,Glass,4673.0,4126.5,8.05,17,14,Surat
2025-01-14,Glass,4330.2,3429.2,7.79,17,24,Hyderabad
2025-01-15,Glass,4162.7,3209.8,7.7,16,24,Mumbai
2025-01-16,Glass,4358.5,4089.4,8.19,18,19,Bengaluru
2025-01-17,Glass,4602.4,4081.7,7.96,17,21,Coimbatore
2025-01-18,Glass,3917.4,3349.8,7.93,13,10,Coimbatore
2025-01-19,Glass,2600.4,2195.8,7.74,13,16,Ahmedabad
2025-01-20,Glass,4792.1,3675.9,7.73,15,17,Mumbai
2025-01-21,Glass,4273.4,3501.8,7.8,16,19,Coimbatore
2025-01-22,Glass,4472.9,3472.2,7.77,16,22,Surat
2025-01-23,Glass,4520.3,3856.8,7.97,17,15,Pune
2025-01-24,Glass,4571.5,3835.9,8.1,16,15,Coimbatore
2025-01-25,Glass,3749.4,3426.2,8.04,16,13,Delhi
2025-01-26,Glass,2782.3,2567.4,8.31,11,16,Ahmedabad
2025-01-27,Glass,4554.4,3722.1,7.74,17,15,Hyderabad
2025-01-28,Glass,4687.4,4390.0,7.64,19,24,Delhi
2025-01-29,Glass,4666.7,3960.7,7.88,18,18,Kolkata
2025-01-30,Glass,4506.6,3684.7,8.39,19,20,Chennai
2025-01-31,Glass,4685.1,3798.4,7.63,19,26,Ahmedabad
2025-02-01,Glass,3795.3,2980.1,7.8,15,19,Delhi
2025-02-02,Glass,2675.3,2074.9,7.74,12,18,Chennai
2025-02-03,Glass,4761.7,4085.7,7.7,16,13,Hyderabad
2025-02-04,Glass,4786.2,4213.1,7.82,17,24,Mumbai
2025-02-05,Glass,4700.2,4377.5,7.72,18,25,Mumbai
2025-02-06,Glass,5056.7,4462.4,8.34,20,28,Surat
2025-02-07,Glass,4583.7,4266.7,7.69,18,20,Coimbatore
2025-02-08,Glass,3768.2,3159.0,8.32,16,20,Delhi
2025-02-09,Glass,3326.4,2869.8,8.19,13,15,Ahmedabad
2025-02-10,Glass,4655.7,3743.9,7.66,15,13,Delhi
2025-02-11,Glass,4607.6,3877.5,7.72,18,18,Chennai
2025-02-12,Glass,5040.1,4288.1,8.1,20,22,Surat
2025-02-13,Glass,4492.6,4171.6,7.77,17,14,Bengaluru
2025-02-14,Glass,4875.7,3928.6,7.77,16,18,Mumbai
2025-02-15,Glass,4426.0,3635.0,8.14,18,27,Mumbai
2025-02-16,Glass,2520.6,2385.6,8.39,12,14,Mumbai
2025-02-17,Glass,4569.7,3829.8,7.83,18,22,Hyderabad
2025-02-18,Glass,4680.5,3874.5,7.65,19,26,Pune
2025-02-19,Glass,5174.1,4288.2,8.06,20,29,Surat
2025-02-20,Glass,5233.3,4071.0,7.64,18,23,Bengaluru
2025-02-21,Glass,4919.6,4151.8,7.77,18,24,Chennai
2025-02-22,Glass,4213.3,3278.8,7.91,17,25,Chennai
2025-02-23,Glass,3163.4,2470.2,7.8,10,12,Pune
2025-02-24,Glass,5420.2,4561.5,8.0,21,22,Surat
2025-02-25,Glass,5026.7,3885.8,7.79,18,17,Delhi
2025-02-26,Glass,4628.8,3824.0,7.61,19,26,Coimbatore
2025-02-27,Glass,4937.8,4567.9,7.87,19,26,Hyderabad
2025-02-28,Glass,5029.5,4181.8,8.08,17,14,Mumbai
2025-03-01,Glass,4099.0,3134.2,8.33,14,19,Delhi
2025-03-02,Glass,2899.5,2370.9,7.75,14,16,Delhi
2025-03-03,Glass,5376.0,4819.3,8.03,21,30,Surat
2025-03-04,Glass,5419.3,5146.1,7.96,20,27,Coimbatore
2025-03-05,Glass,5142.1,4613.9,8.24,19,16,Ahmedabad
2025-03-06,Glass,5407.9,4350.5,7.9,19,26,Hyderabad
2025-03-07,Glass,5271.4,4872.8,7.63,17,23,Surat
2025-03-08,Glass,4231.6,3240.9,8.29,17,25,Mumbai
2025-03-09,Glass,3165.7,2499.0,8.05,10,13,Delhi
2025-03-10,Glass,5248.3,4186.4,8.33,20,22,Chennai
2025-03-11,Glass,5656.3,5267.8,8.31,21,29,Coimbatore
2025-03-12,Glass,4967.8,4460.1,7.8,18,25,Delhi
2025-03-13,Glass,5163.1,4315.4,8.02,18,24,Ahmedabad
2025-03-14,Glass,5251.2,4261.5,7.82,20,23,Hyderabad
2025-03-15,Glass,4367.6,3824.1,7.8,18,21,Ahmedabad
2025-03-16,Glass,3280.3,2573.8,7.77,13,17,Bengaluru
2025-03-17,Glass,5301.7,4063.4,7.73,18,23,Surat
2025-03-18,Glass,5031.8,4648.9,8.27,20,29,Bengaluru
2025-03-19,Glass,5494.2,4255.4,8.05,17,14,Chennai
2025-03-20,Glass,5486.0,4346.7,8.38,17,17,Mumbai
2025-03-21,Glass,4955.7,4656.5,7.81,18,20,Ahmedabad
2025-03-22,Glass,4332.6,3311.0,8.26,16,14,Ahmedabad
2025-03-23,Glass,2745.8,2416.3,7.9,9,9,Delhi
2025-03-24,Glass,5237.2,4502.0,8.27,21,18,Chennai
2025-03-25,Glass,5197.8,4316.1,8.26,19,20,Delhi
2025-03-26,Glass,5548.3,4706.7,8.23,21,28,Delhi
2025-03-27,Glass,5417.7,5073.4,8.25,20,21,Mumbai
2025-03-28,Glass,5144.8,4353.2,7.92,20,21,Coimbatore
2025-03-29,Glass,4555.1,3872.0,8.19,17,24,Bengaluru
2025-03-30,Glass,2808.5,2435.6,7.85,11,16,Chennai
2025-03-31,Glass,5489.7,4656.4,7.65,21,26,Kolkata
2025-04-01,Glass,5267.7,4472.4,7.71,21,24,Bengaluru
2025-04-02,Glass,5364.0,4525.1,7.84,19,17,Coimbatore
2025-04-03,Glass,5544.4,4636.4,8.15,22,23,Coimbatore
2025-04-04,Glass,5554.0,4625.5,8.09,22,30,Ahmedabad
2025-04-05,Glass,4683.9,4247.0,7.79,19,21,Mumbai
2025-04-06,Glass,3104.4,2349.8,7.9,13,12,Delhi
2025-04-07,Glass,5528.4,5098.1,7.95,22,18,Bengaluru
2025-04-08,Glass,5384.9,4900.4,7.67,18,15,Chennai
2025-04-09,Glass,5514.0,4735.4,7.75,22,30,Hyderabad
2025-04-10,Glass,5570.4,4447.2,7.62,18,16,Chennai
2025-04-11,Glass,5467.5,4976.5,8.01,17,18,Mumbai
2025-04-12,Glass,4084.9,3473.6,7.86,17,20,Pune
2025-04-13,Glass,3206.8,2490.7,7.83,12,14,Chennai
2025-04-14,Glass,5572.9,4562.6,7.82,21,26,Mumbai
2025-04-15,Glass,5367.8,4397.8,8.17,21,20,Chennai
2025-04-16,Glass,5250.6,4922.4,8.37,21,20,Kolkata
2025-04-17,Glass,5806.1,4884.4,8.34,19,20,Delhi
2025-04-18,Glass,5612.4,5281.5,8.33,21,31,Hyderabad
2025-04-19,Glass,4420.4,3896.2,7.76,18,23,Surat
2025-04-20,Glass,2926.8,2403.1,8.31,14,15,Mumbai
2025-04-21,Glass,5358.1,4091.8,8.12,18,19,Delhi
2025-04-22,Glass,5785.3,5384.9,8.15,22,27,Surat
2025-04-23,Glass,5554.5,5269.2,8.22,21,19,Delhi
2025-04-24,Glass,5418.7,5076.5,7.85,20,22,Bengaluru
2025-04-25,Glass,5632.5,4891.2,7.91,22,22,Delhi
2025-04-26,Glass,4315.5,3689.9,7.89,14,16,Surat
2025-04-27,Glass,3462.1,2913.4,7.95,15,20,Surat
2025-04-28,Glass,5805.0,5382.9,7.64,18,16,Ahmedabad
2025-04-29,Glass,5442.0,4966.6,8.09,17,22,Surat
2025-04-30,Glass,5410.3,4396.2,8.18,18,25,Hyderabad
2025-05-01,Glass,5012.9,4301.1,8.13,17,15,Bengaluru
2025-05-02,Glass,5240.4,4060.5,8.29,19,24,Surat
2025-05-03,Glass,4214.3,3195.7,7.82,16,21,Delhi
2025-05-04,Glass,3190.9,2502.6,7.84,13,14,Bengaluru
2025-05-05,Glass,5471.1,4268.0,7.68,19,21,Hyderabad
2025-05-06,Glass,5266.7,4615.9,7.79,18,27,Pune
2025-05-07,Glass,5478.8,4149.1,7.72,18,24,Delhi
2025-05-08,Glass,5635.2,4370.9,7.79,22,19,Mumbai
2025-05-09,Glass,5638.6,4245.3,7.64,21,21,Surat
2025-05-10,Glass,4098.1,3693.8,8.27,13,17,Bengaluru
2025-05-11,Glass,3134.4,2389.2,8.31,14,14,Pune
2025-05-12,Glass,5251.8,3990.6,7.82,17,23,Surat
2025-05-13,Glass,5706.9,4522.6,8.29,19,22,Surat
2025-05-14,Glass,5681.3,4987.8,8.31,22,30,Coimbatore
2025-05-15,Glass,5342.6,4156.2,7.82,19,28,Hyderabad
2025-05-16,Glass,5366.6,4117.3,8.33,17,19,Chennai
2025-05-17,Glass,4374.0,3866.0,7.74,16,21,Hyderabad
2025-05-18,Glass,2700.5,2532.4,7.7,12,14,Hyderabad
2025-05-19,Glass,5578.6,4730.1,7.88,20,22,Chennai
2025-05-20,Glass,5453.6,4567.5,7.96,20,29,Pune
2025-05-21,Glass,5698.9,4639.5,8.05,18,18,Chennai
2025-05-22,Glass,5281.7,4151.1,7.91,20,17,Hyderabad
2025-05-23,Glass,5373.9,4653.9,8.24,21,28,Bengaluru
2025-05-24,Glass,4146.2,3613.2,7.74,13,18,Chennai
2025-05-25,Glass,2936.3,2405.3,8.35,10,9,Mumbai
2025-05-26,Glass,5249.4,4809.0,7.78,18,22,Delhi
2025-05-27,Glass,5680.7,4439.6,8.09,22,33,Pune
2025-05-28,Glass,5337.4,4541.3,8.31,20,23,Hyderabad
2025-05-29,Glass,5497.3,4897.9,8.27,17,23,Surat
2025-05-30,Glass,5391.6,4976.3,8.29,18,20,Chennai
2025-05-31,Glass,4168.4,3700.4,7.69,17,18,Hyderabad
2025-06-01,Glass,3085.1,2663.9,8.23,12,13,Chennai
2025-06-02,Glass,5572.4,5236.9,8.24,18,24,Chennai
2025-06-03,Glass,5205.8,4343.1,8.14,18,15,Delhi
2025-06-04,Glass,5603.7,5162.5,8.18,20,24,Coimbatore
2025-06-05,Glass,5266.4,3953.9,7.82,19,18,Mumbai
2025-06-06,Glass,5334.0,4935.6,7.91,19,19,Bengaluru
2025-06-07,Glass,4497.6,4046.7,8.05,17,21,Mumbai
2025-06-08,Glass,2963.8,2310.2,8.15,10,12,Ahmedabad
2025-06-09,Glass,5420.3,4747.4,7.73,20,22,Kolkata
2025-06-10,Glass,5343.7,4263.2,7.73,21,17,Kolkata
2025-06-11,Glass,5426.2,5049.0,8.34,21,21,Ahmedabad
2025-06-12,Glass,4917.8,3793.0,8.08,17,16,Pune
2025-06-13,Glass,5021.5,3985.1,7.61,20,17,Coimbatore
2025-06-14,Glass,4479.1,3955.6,7.77,15,16,Delhi
2025-06-15,Glass,3278.4,2882.0,7.98,14,20,Mumbai
2025-06-16,Glass,5185.3,4306.4,8.04,17,19,Kolkata
2025-06-17,Glass,5311.7,4682.9,8.37,17,16,Mumbai
2025-06-18,Glass,5412.5,4929.1,8.11,18,17,Mumbai
2025-06-19,Glass,5485.2,5013.5,7.88,20,28,Kolkata
2025-06-20,Glass,4933.9,3981.7,8.26,16,17,Delhi
2025-06-21,Glass,4139.3,3712.8,7.87,16,16,Hyderabad
2025-06-22,Glass,2976.3,2418.9,8.39,10,14,Kolkata
2025-06-23,Glass,5458.2,4493.7,8.23,20,22,Delhi
2025-06-24,Glass,5809.9,4774.5,8.25,20,29,Delhi
2025-06-25,Glass,5257.1,4286.9,7.93,17,23,Hyderabad
2025-06-26,Glass,5013.8,4467.6,7.96,18,16,Surat
2025-06-27,Glass,5368.1,4931.1,8.19,21,21,Bengaluru
2025-06-28,Glass,4538.5,3484.0,8.05,16,24,Bengaluru
2025-06-29,Glass,3034.4,2473.7,8.19,12,13,Surat
2025-06-30,Glass,5083.4,4457.0,8.27,17,19,Bengaluru
2025-07-01,Glass,5448.6,4336.9,7.92,17,17,Mumbai
2025-07-02,Glass,5381.9,4191.3,7.94,18,15,Surat
2025-07-03,Glass,5036.2,4629.5,7.64,16,15,Ahmedabad
2025-07-04,Glass,5309.9,4147.3,8.07,18,16,Surat
2025-07-05,Glass,4429.9,4012.7,7.89,15,15,Hyderabad
2025-07-06,Glass,3218.1,2803.7,7.73,13,11,Mumbai
2025-07-07,Glass,5196.8,4487.7,8.32,21,21,Ahmedabad
2025-07-08,Glass,5130.6,4674.2,8.14,20,27,Hyderabad
2025-07-09,Glass,5439.8,4736.4,8.34,20,24,Hyderabad
2025-07-10,Glass,4944.4,4360.2,8.13,19,21,Surat
2025-07-11,Glass,5266.3,3975.1,8.36,20,23,Mumbai
2025-07-12,Glass,3911.8,3171.3,7.94,16,17,Mumbai
2025-07-13,Glass,3163.3,2807.6,7.78,10,13,Surat
2025-07-14,Glass,5103.5,4474.5,7.77,19,22,Pune
2025-07-15,Glass,5401.0,5028.8,7.61,19,20,Bengaluru
2025-07-16,Glass,5237.8,4278.4,8.11,18,22,Bengaluru
2025-07-17,Glass,4887.1,4033.8,8.05,17,16,Bengaluru
2025-07-18,Glass,5408.9,4410.8,8.19,18,21,Mumbai
2025-07-19,Glass,4452.0,3978.2,8.31,18,25,Surat
2025-07-20,Glass,3095.7,2762.4,7.98,10,13,Mumbai
2025-07-21,Glass,4948.8,4174.3,7.75,17,17,Mumbai
2025-07-22,Glass,5032.4,4655.2,8.38,19,20,Coimbatore
2025-07-23,Glass,5115.2,4198.0,8.35,18,22,Delhi
2025-07-24,Glass,4937.9,3789.3,7.64,19,27,Delhi
2025-07-25,Glass,5409.7,4239.9,8.25,20,27,Kolkata
2025-07-26,Glass,4128.3,3670.4,8.36,17,25,Mumbai
2025-07-27,Glass,2348.9,2218.2,8.08,10,14,Hyderabad
2025-07-28,Glass,5117.5,4534.3,8.24,20,21,Kolkata
2025-07-29,Glass,4972.9,4681.6,8.1,18,20,Chennai
2025-07-30,Glass,5020.5,3995.9,7.84,16,22,Kolkata
2025-07-31,Glass,4954.9,3942.0,8.12,16,19,Kolkata
2025-08-01,Glass,5183.2,3916.1,7.92,18,18,Delhi
2025-08-02,Glass,4283.8,3714.6,8.24,15,17,Ahmedabad
2025-08-03,Glass,2918.6,2540.6,8.23,14,17,Coimbatore
2025-08-04,Glass,4934.1,3790.4,8.14,17,16,Coimbatore
2025-08-05,Glass,4987.3,3817.1,7.77,20,27,Bengaluru
2025-08-06,Glass,4993.2,3775.9,8.1,17,21,Pune
2025-08-07,Glass,4822.6,3763.5,7.66,16,16,Delhi
2025-08-08,Glass,5092.8,4468.6,8.15,16,16,Coimbatore
2025-08-09,Glass,4116.2,3575.9,7.74,14,16,Bengaluru
2025-08-10,Glass,3145.4,2512.8,8.04,13,15,Coimbatore
2025-08-11,Glass,5210.6,4776.8,7.75,19,23,Hyderabad
2025-08-12,Glass,4816.9,3706.8,8.22,18,22,Delhi
2025-08-13,Glass,5112.6,4758.9,8.16,16,13,Coimbatore
2025-08-14,Glass,4753.1,4221.0,8.12,15,22,Delhi
2025-08-15,Glass,5077.4,4690.3,8.27,17,23,Bengaluru
2025-08-16,Glass,3890.2,3648.2,8.28,17,16,Hyderabad
2025-08-17,Glass,2611.6,2368.3,8.01,12,11,Chennai
2025-08-18,Glass,4979.7,4046.1,8.18,18,20,Chennai
2025-08-19,Glass,4384.3,3387.8,8.38,14,20,Kolkata
2025-08-20,Glass,4564.6,3836.3,7.71,16,19,Bengaluru
2025-08-21,Glass,4875.1,4539.8,8.28,16,13,Hyderabad
2025-08-22,Glass,4923.1,4339.0,8.19,20,16,Kolkata
2025-08-23,Glass,3895.0,3648.1,7.76,17,21,Bengaluru
2025-08-24,Glass,2483.6,2278.6,7.73,11,14,Coimbatore
2025-08-25,Glass,4732.0,3572.7,8.29,16,15,Chennai
2025-08-26,Glass,4970.5,4271.0,7.71,18,17,Ahmedabad
2025-08-27,Glass,5005.5,4138.9,7.89,16,23,Chennai
2025-08-28,Glass,4883.0,3877.3,7.68,19,23,Mumbai
2025-08-29,Glass,5114.8,4005.5,8.36,17,16,Delhi
2025-08-30,Glass,4030.7,3421.3,7.62,13,14,Kolkata
2025-08-31,Glass,2638.3,2037.2,8.24,12,16,Kolkata
2025-09-01,Glass,4820.3,4011.9,7.71,19,15,Pune
2025-09-02,Glass,4593.9,3533.5,7.75,18,25,Bengaluru
2025-09-03,Glass,4851.1,4057.8,7.79,16,15,Coimbatore
2025-09-04,Glass,5093.6,4446.5,7.84,19,24,Pune
2025-09-05,Glass,5006.9,3964.2,8.29,18,26,Coimbatore
2025-09-06,Glass,4221.8,3471.2,7.76,18,21,Chennai
2025-09-07,Glass,2721.0,2073.8,7.87,12,12,Pune
2025-09-08,Glass,5136.4,3855.0,7.81,18,16,Mumbai
2025-09-09,Glass,4828.0,4019.7,7.99,15,14,Ahmedabad
2025-09-10,Glass,5160.8,4391.0,7.95,20,23,Coimbatore
2025-09-11,Glass,4862.1,4190.3,8.18,16,20,Delhi
2025-09-12,Glass,5008.1,4029.1,7.84,16,17,Kolkata
2025-09-13,Glass,4235.1,3373.1,7.86,14,12,Bengaluru
2025-09-14,Glass,2742.9,2299.6,7.96,13,19,Hyderabad
2025-09-15,Glass,4912.4,4597.9,7.71,17,20,Chennai
2025-09-16,Glass,5127.6,4714.1,8.04,17,15,Pune
2025-09-17,Glass,4844.6,3738.0,8.2,16,22,Mumbai
2025-09-18,Glass,4608.7,3482.0,8.32,18,21,Chennai
2025-09-19,Glass,5303.3,4917.0,8.08,19,16,Mumbai
2025-09-20,Glass,3853.9,2922.4,7.85,13,17,Mumbai
2025-09-21,Glass,2819.8,2597.5,7.98,9,12,Ahmedabad
2025-09-22,Glass,5113.0,3884.9,7.91,20,21,Ahmedabad
2025-09-23,Glass,4762.9,4112.0,8.33,19,21,Hyderabad
2025-09-24,Glass,4686.1,4105.7,7.67,17,23,Ahmedabad
2025-09-25,Glass,4941.8,4436.0,8.08,18,22,Kolkata
2025-09-26,Glass,4536.0,4023.2,8.35,19,28,Kolkata
2025-09-27,Glass,3907.9,3025.1,7.65,13,11,Mumbai
2025-09-28,Glass,2850.5,2605.9,7.87,13,15,Delhi
2025-09-29,Glass,4853.0,4090.8,7.93,16,19,Pune
2025-09-30,Glass,4602.9,3571.2,8.05,15,13,Coimbatore
2025-10-01,Glass,5235.3,4521.5,8.23,20,22,Pune
2025-10-02,Glass,4942.3,3781.0,8.32,19,25,Coimbatore
2025-10-03,Glass,5213.2,4044.3,7.72,18,21,Mumbai
2025-10-04,Glass,3941.0,3510.6,7.88,14,14,Kolkata
2025-10-05,Glass,2646.0,2447.0,7.95,10,10,Hyderabad
2025-10-06,Glass,4998.5,4477.2,7.65,18,22,Bengaluru
2025-10-07,Glass,4907.9,4203.2,8.02,20,23,Hyderabad
2025-10-08,Glass,4722.2,3882.4,8.0,16,24,Bengaluru
2025-10-09,Glass,5258.6,4595.4,8.3,18,17,Pune
2025-10-10,Glass,4847.4,4314.8,8.31,16,15,Mumbai
2025-10-11,Glass,3662.8,2769.1,8.25,13,16,Delhi
2025-10-12,Glass,3115.4,2751.5,7.76,14,19,Mumbai
2025-10-13,Glass,4894.2,4420.2,7.83,18,18,Ahmedabad
2025-10-14,Glass,4881.7,3903.9,8.05,18,24,Delhi
2025-10-15,Glass,4658.7,4235.8,7.88,16,20,Kolkata
2025-10-16,Glass,5368.8,4813.7,7.93,20,22,Bengaluru
2025-10-17,Glass,4771.7,4030.5,7.87,16,22,Mumbai
2025-10-18,Glass,4090.8,3800.3,8.35,14,12,Chennai
2025-10-19,Glass,3067.3,2552.6,7.76,12,16,Chennai
2025-10-20,Glass,5142.6,4126.2,8.3,16,17,Hyderabad
2025-10-21,Glass,5056.4,4050.6,8.15,18,17,Delhi
2025-10-22,Glass,4738.3,3754.4,7.74,19,23,Bengaluru
2025-10-23,Glass,4927.2,4569.4,7.76,19,16,Mumbai
2025-10-24,Glass,5137.6,4126.9,7.89,16,21,Mumbai
2025-10-25,Glass,3980.1,3147.0,8.3,14,12,Chennai
2025-10-26,Glass,2967.8,2503.2,7.81,14,14,Surat
2025-10-27,Glass,5270.3,4303.1,8.11,18,24,Chennai
2025-10-28,Glass,5338.3,4678.2,8.03,19,18,Mumbai
2025-10-29,Glass,4912.7,4056.5,8.0,18,15,Surat
2025-10-30,Glass,5609.6,4332.0,8.38,21,21,Ahmedabad
2025-10-31,Glass,5336.3,4687.1,7.74,19,24,Mumbai
2025-11-01,Glass,4205.7,3304.0,8.08,18,27,Bengaluru
2025-11-02,Glass,3194.3,2557.5,8.18,13,12,Surat
2025-11-03,Glass,5695.1,4975.6,8.31,20,27,Surat
2025-11-04,Glass,4947.8,4514.4,7.89,16,13,Pune
2025-11-05,Glass,5204.3,4745.8,7.81,17,23,Hyderabad
2025-11-06,Glass,4787.7,4411.0,7.98,19,18,Hyderabad
2025-11-07,Glass,5316.2,4038.9,8.37,21,19,Pune
2025-11-08,Glass,4357.2,3912.9,8.4,14,18,Chennai
2025-11-09,Glass,3024.6,2353.3,7.92,12,17,Hyderabad
2025-11-10,Glass,5190.9,4664.3,8.03,20,29,Mumbai
2025-11-11,Glass,4927.0,3897.8,7.64,16,23,Delhi
2025-11-12,Glass,5427.0,4084.6,7.94,21,23,Coimbatore
2025-11-13,Glass,5659.0,4671.6,8.29,21,20,Ahmedabad
2025-11-14,Glass,5265.6,4910.8,8.09,18,24,Chennai
2025-11-15,Glass,4459.3,3807.2,7.99,14,15,Coimbatore
2025-11-16,Glass,2781.3,2322.2,8.28,11,12,Pune
2025-11-17,Glass,5524.0,4785.2,7.68,19,19,Bengaluru
2025-11-18,Glass,5370.5,4808.9,7.75,20,17,Mumbai
2025-11-19,Glass,5313.6,4794.5,7.75,20,18,Surat
2025-11-20,Glass,5331.1,4575.3,8.23,21,31,Bengaluru
2025-11-21,Glass,5421.7,4188.6,7.74,21,23,Chennai
2025-11-22,Glass,4543.4,3647.7,8.16,19,19,Pune
2025-11-23,Glass,2900.7,2196.8,7.97,13,17,Surat
2025-11-24,Glass,5474.0,4767.3,8.11,20,23,Mumbai
2025-11-25,Glass,5563.1,4354.7,8.35,18,18,Mumbai
2025-11-26,Glass,5369.8,4927.5,7.71,20,16,Ahmedabad
2025-11-27,Glass,5967.4,4741.5,7.99,20,26,Kolkata
2025-11-28,Glass,5455.9,5092.9,7.65,19,23,Bengaluru
2025-11-29,Glass,4436.2,3787.5,8.34,16,21,Surat
2025-11-30,Glass,3041.1,2447.0,8.38,13,17,Hyderabad
2025-12-01,Glass,6043.0,5614.4,8.32,23,27,Surat
2025-12-02,Glass,5813.2,4626.9,7.87,21,24,Ahmedabad
2025-12-03,Glass,5534.7,4881.7,8.08,22,31,Hyderabad
2025-12-04,Glass,5962.8,4937.1,7.95,22,22,Chennai
2025-12-05,Glass,5801.3,4397.8,8.07,22,22,Kolkata
2025-12-06,Glass,4731.3,3646.3,7.6,17,23,Hyderabad
2025-12-07,Glass,3246.0,2804.4,8.38,13,19,Delhi
2025-12-08,Glass,5671.3,5095.2,8.3,22,23,Kolkata
2025-12-09,Glass,5909.0,5179.4,8.1,22,24,Coimbatore
2025-12-10,Glass,5752.8,5297.9,7.94,20,20,Ahmedabad
2025-12-11,Glass,6245.6,5817.4,7.91,23,24,Chennai
2025-12-12,Glass,5649.1,5137.5,7.67,18,21,Bengaluru
2025-12-13,Glass,5102.6,4224.4,8.13,19,19,Mumbai
2025-12-14,Glass,3374.6,3148.4,8.02,12,17,Pune
2025-12-15,Glass,6025.3,5220.8,7.65,21,31,Surat
2025-12-16,Glass,6153.2,5394.1,7.86,21,20,Bengaluru
2025-12-17,Glass,5881.7,5353.6,8.11,22,30,Surat
2025-12-18,Glass,6201.8,5061.7,8.26,23,33,Pune
2025-12-19,Glass,5508.8,4983.7,7.86,19,22,Mumbai
2025-12-20,Glass,4771.3,4113.0,8.2,17,22,Bengaluru
2025-12-21,Glass,3297.1,2690.6,7.74,13,19,Kolkata
2025-12-22,Glass,5864.2,5371.0,7.94,23,32,Coimbatore
2025-12-23,Glass,6093.6,4670.5,7.99,21,28,Bengaluru
2025-12-24,Glass,6235.5,5739.1,8.07,21,26,Surat
2025-12-25,Glass,6320.7,5607.3,8.28,23,24,Bengaluru
2025-12-26,Glass,6250.2,4948.9,8.1,23,23,Surat
2025-12-27,Glass,4905.3,4611.2,8.05,16,14,Hyderabad
2025-12-28,Glass,3642.9,3216.5,7.87,12,13,Coimbatore
2025-12-29,Glass,6292.7,5424.6,8.21,22,26,Chennai
2025-12-30,Glass,6477.2,6077.4,7.83,23,27,Pune
2025-12-31,Glass,6467.4,5458.2,7.86,24,25,Hyderabad
2025-01-01,Textile,3162.7,2756.8,27.95,15,16,Surat
2025-01-02,Textile,3038.1,2451.3,26.8,14,18,Bengaluru
2025-01-03,Textile,3089.3,2330.4,26.77,15,13,Delhi
2025-01-04,Textile,2509.4,2278.8,27.17,14,12,Kolkata
2025-01-05,Textile,1790.6,1557.4,28.07,9,10,Kolkata
2025-01-06,Textile,3271.2,2570.9,27.67,16,24,Hyderabad
2025-01-07,Textile,3352.9,2956.6,28.54,14,14,Surat
2025-01-08,Textile,3252.6,2482.4,26.84,17,14,Hyderabad
2025-01-09,Textile,3277.4,2590.7,28.92,15,13,Pune
2025-01-10,Textile,3311.1,2676.6,26.84,16,16,Delhi
2025-01-11,Textile,2597.5,1976.3,27.11,11,14,Hyderabad
2025-01-12,Textile,1757.8,1349.0,27.92,12,14,Bengaluru
2025-01-13,Textile,3070.4,2722.9,26.79,17,16,Delhi
2025-01-14,Textile,3244.1,2748.1,29.33,17,20,Ahmedabad
2025-01-15,Textile,3434.0,3113.3,27.87,18,19,Ahmedabad
2025-01-16,Textile,3272.3,2701.3,27.6,16,17,Coimbatore
2025-01-17,Textile,3356.8,2657.3,29.12,18,16,Pune
2025-01-18,Textile,2828.1,2576.9,28.55,13,14,Chennai
2025-01-19,Textile,2033.4,1568.9,26.74,12,15,Surat
2025-01-20,Textile,3274.4,2662.2,27.18,14,16,Bengaluru
2025-01-21,Textile,3600.6,2838.8,27.3,15,14,Chennai
2025-01-22,Textile,3634.7,2952.3,28.43,18,19,Coimbatore
2025-01-23,Textile,3310.7,2790.6,27.0,16,13,Bengaluru
2025-01-24,Textile,3371.1,3067.9,27.78,17,19,Chennai
2025-01-25,Textile,3019.5,2457.8,29.4,15,15,Kolkata
2025-01-26,Textile,1991.5,1683.8,27.04,12,18,Kolkata
2025-01-27,Textile,3205.2,3034.7,28.66,16,20,Ahmedabad
2025-01-28,Textile,3342.6,2973.1,28.94,18,20,Coimbatore
2025-01-29,Textile,3529.6,2770.2,27.39,18,22,Ahmedabad
2025-01-30,Textile,3406.9,3180.8,27.57,15,14,Pune
2025-01-31,Textile,3533.6,3008.7,27.18,18,24,Bengaluru
2025-02-01,Textile,2927.1,2414.4,27.11,15,18,Kolkata
2025-02-02,Textile,2290.2,1993.7,26.84,14,21,Mumbai
2025-02-03,Textile,3594.6,3292.8,27.6,15,16,Pune
2025-02-04,Textile,3813.2,3336.5,26.79,20,20,Delhi
2025-02-05,Textile,3880.6,3420.2,27.42,19,21,Pune
2025-02-06,Textile,3895.4,3034.0,28.91,17,14,Chennai
2025-02-07,Textile,3736.9,3526.5,27.08,17,25,Kolkata
2025-02-08,Textile,2707.2,2233.8,28.11,14,14,Coimbatore
2025-02-09,Textile,2195.9,1992.8,28.01,13,17,Surat
2025-02-10,Textile,3892.8,3454.9,28.74,17,24,Mumbai
2025-02-11,Textile,3737.0,3083.6,29.23,20,26,Hyderabad
2025-02-12,Textile,4024.4,3359.2,27.0,19,27,Bengaluru
2025-02-13,Textile,3905.1,3637.7,28.55,17,23,Mumbai
2025-02-14,Textile,3874.8,3422.2,27.89,16,22,Ahmedabad
2025-02-15,Textile,3241.5,2587.6,28.56,17,14,Hyderabad
2025-02-16,Textile,2230.6,1720.2,26.87,12,10,Ahmedabad
2025-02-17,Textile,3455.3,2997.4,26.96,15,16,Mumbai
2025-02-18,Textile,3767.4,3089.3,27.51,17,19,Mumbai
2025-02-19,Textile,4034.8,3548.7,28.61,18,25,Kolkata
2025-02-20,Textile,3746.9,3375.5,27.97,20,21,Chennai
2025-02-21,Textile,3847.3,3623.8,28.5,19,27,Delhi
2025-02-22,Textile,2995.2,2558.5,28.02,15,16,Ahmedabad
2025-02-23,Textile,2499.6,1929.6,27.51,14,18,Chennai
2025-02-24,Textile,4170.7,3845.1,27.76,22,31,Coimbatore
2025-02-25,Textile,3798.3,3278.4,27.78,17,18,Delhi
2025-02-26,Textile,3965.2,3480.8,27.56,19,19,Delhi
2025-02-27,Textile,3853.2,2979.7,29.14,17,16,Pune
2025-02-28,Textile,4059.5,3381.8,27.13,18,18,Pune
2025-03-01,Textile,3297.7,3087.4,28.03,16,17,Delhi
2025-03-02,Textile,2402.3,1834.1,26.96,12,15,Delhi
2025-03-03,Textile,4052.4,3771.6,27.86,19,23,Delhi
2025-03-04,Textile,4454.4,3857.3,28.15,23,26,Kolkata
2025-03-05,Textile,3871.3,3389.3,29.37,17,15,Delhi
2025-03-06,Textile,3780.2,3538.1,26.76,17,19,Coimbatore
2025-03-07,Textile,3989.0,3199.1,27.17,21,30,Bengaluru
2025-03-08,Textile,3050.7,2398.1,27.57,17,22,Delhi
2025-03-09,Textile,2101.8,1681.6,27.26,9,8,Mumbai
2025-03-10,Textile,3930.5,3266.5,29.17,17,15,Delhi
2025-03-11,Textile,3953.0,3125.9,26.9,21,18,Kolkata
2025-03-12,Textile,3958.6,3651.6,27.28,17,24,Pune
2025-03-13,Textile,4189.9,3701.7,27.23,21,17,Bengaluru
2025-03-14,Textile,4046.4,3175.4,26.63,18,19,Ahmedabad
2025-03-15,Textile,3318.4,2625.6,28.66,17,19,Delhi
2025-03-16,Textile,2501.2,2186.2,27.41,15,17,Chennai
2025-03-17,Textile,4037.2,3029.4,27.43,17,24,Coimbatore
2025-03-18,Textile,4122.1,3270.5,28.68,20,19,Hyderabad
2025-03-19,Textile,4226.1,3805.5,27.46,22,20,Ahmedabad
2025-03-20,Textile,3889.4,3154.0,28.55,20,19,Pune
2025-03-21,Textile,3832.1,2971.7,28.63,18,25,Chennai
2025-03-22,Textile,3451.0,2668.3,28.04,16,13,Hyderabad
2025-03-23,Textile,2478.2,2272.4,28.11,14,20,Surat
2025-03-24,Textile,4526.1,3692.9,28.47,22,32,Chennai
2025-03-25,Textile,4248.7,3664.2,27.16,18,23,Chennai
2025-03-26,Textile,4356.4,3838.7,27.06,18,20,Surat
2025-03-27,Textile,4212.3,3184.5,29.23,21,23,Delhi
2025-03-28,Textile,4294.3,3417.0,28.42,22,22,Bengaluru
2025-03-29,Textile,3696.8,3147.5,28.42,17,19,Pune
2025-03-30,Textile,2118.8,1835.5,27.38,9,8,Ahmedabad
2025-03-31,Textile,4335.1,3781.2,28.61,22,22,Coimbatore
2025-04-01,Textile,4600.8,4216.7,27.97,20,21,Hyderabad
2025-04-02,Textile,4330.0,3824.5,26.9,19,17,Mumbai
2025-04-03,Textile,4542.4,4078.7,26.95,22,32,Pune
2025-04-04,Textile,4207.4,3504.4,28.93,22,27,Coimbatore
2025-04-05,Textile,3483.0,3178.8,28.92,16,13,Delhi
2025-04-06,Textile,2470.8,2100.8,28.16,14,19,Bengaluru
2025-04-07,Textile,3988.9,3550.9,28.76,19,17,Surat
2025-04-08,Textile,4152.6,3357.1,28.12,18,21,Bengaluru
2025-04-09,Textile,4169.4,3793.6,28.28,22,21,Kolkata
2025-04-10,Textile,4463.1,4150.2,29.15,19,20,Mumbai
2025-04-11,Textile,4476.4,3882.9,27.84,22,22,Chennai
2025-04-12,Textile,3571.0,2854.0,28.63,18,25,Ahmedabad
2025-04-13,Textile,2613.1,2176.2,27.57,15,21,Bengaluru
2025-04-14,Textile,4337.2,4084.6,28.57,21,18,Surat
2025-04-15,Textile,4547.1,4006.5,28.44,23,29,Coimbatore
2025-04-16,Textile,4373.1,4057.7,29.28,22,22,Mumbai
2025-04-17,Textile,4385.1,3797.8,27.43,21,28,Pune
2025-04-18,Textile,4341.2,3653.6,28.93,21,29,Chennai
2025-04-19,Textile,3652.7,3266.9,27.27,20,24,Delhi
2025-04-20,Textile,2445.2,2001.8,27.55,11,14,Surat
2025-04-21,Textile,4540.1,4177.6,28.55,23,24,Delhi
2025-04-22,Textile,4227.6,3800.5,28.04,19,28,Surat
2025-04-23,Textile,4236.3,3767.7,29.32,20,29,Surat
2025-04-24,Textile,4507.8,4063.0,27.67,19,27,Surat
2025-04-25,Textile,4394.7,3981.8,26.84,22,18,Delhi
2025-04-26,Textile,3502.9,2701.5,28.77,16,17,Kolkata
2025-04-27,Textile,2655.9,2253.6,26.72,15,13,Bengaluru
2025-04-28,Textile,4325.9,3269.6,29.0,19,28,Hyderabad
2025-04-29,Textile,4389.6,3775.6,28.14,19,17,Surat
2025-04-30,Textile,4632.0,4046.3,27.71,23,25,Hyderabad
2025-05-01,Textile,4655.3,3903.8,29.24,21,26,Hyderabad
2025-05-02,Textile,4662.5,3772.2,27.3,21,31,Delhi
2025-05-03,Textile,3542.7,2913.2,27.95,18,22,Surat
2025-05-04,Textile,2716.3,2378.9,26.61,15,19,Pune
2025-05-05,Textile,4289.7,3638.0,27.4,19,23,Ahmedabad
2025-05-06,Textile,4297.5,3634.2,27.49,21,29,Hyderabad
2025-05-07,Textile,4082.3,3552.4,26.81,19,25,Coimbatore
2025-05-08,Textile,4687.0,4068.6,28.68,22,22,Delhi
2025-05-09,Textile,4307.5,4001.0,28.43,21,28,Hyderabad
2025-05-10,Textile,3573.6,3193.9,26.74,17,20,Kolkata
2025-05-11,Textile,2399.8,2005.6,26.95,12,12,Chennai
2025-05-12,Textile,4543.4,3531.7,28.25,20,22,Delhi
2025-05-13,Textile,4383.2,3399.4,27.36,22,30,Coimbatore
2025-05-14,Textile,4244.0,3765.6,28.18,22,18,Coimbatore
2025-05-15,Textile,4506.0,4145.0,28.78,22,19,Pune
2025-05-16,Textile,4224.6,3682.5,27.91,18,15,Chennai
2025-05-17,Textile,3468.2,3236.8,28.48,15,17,Kolkata
2025-05-18,Textile,2220.6,1890.4,27.5,13,14,Hyderabad
2025-05-19,Textile,4224.9,3701.7,28.64,20,19,Delhi
2025-05-20,Textile,4464.6,4021.0,27.25,23,29,Coimbatore
2025-05-21,Textile,4142.3,3566.1,27.37,19,17,Kolkata
2025-05-22,Textile,4213.9,3428.4,28.21,21,18,Hyderabad
2025-05-23,Textile,4434.6,3453.2,27.16,19,20,Bengaluru
2025-05-24,Textile,3507.6,3284.9,28.12,17,21,Bengaluru
2025-05-25,Textile,2831.5,2326.6,26.79,12,18,Surat
2025-05-26,Textile,4705.8,4147.0,27.15,22,27,Coimbatore
2025-05-27,Textile,4298.9,3721.0,27.06,22,22,Bengaluru
2025-05-28,Textile,4510.9,3666.0,27.86,23,30,Surat
2025-05-29,Textile,4537.8,3436.3,28.51,20,19,Kolkata
2025-05-30,Textile,4333.7,3865.4,28.5,21,23,Delhi
2025-05-31,Textile,3354.7,2540.4,28.37,15,21,Kolkata
2025-06-01,Textile,2523.3,2183.8,27.5,11,16,Mumbai
2025-06-02,Textile,4390.6,3307.6,27.19,23,32,Ahmedabad
2025-06-03,Textile,4348.6,3739.9,28.09,20,20,Hyderabad
2025-06-04,Textile,4477.7,3377.4,26.88,20,22,Bengaluru
2025-06-05,Textile,4296.0,3815.3,28.19,19,24,Ahmedabad
2025-06-06,Textile,4232.9,3772.1,27.11,21,20,Bengaluru
2025-06-07,Textile,3580.5,3313.7,27.92,17,25,Kolkata
2025-06-08,Textile,2572.0,1970.1,27.51,12,11,Chennai
2025-06-09,Textile,4220.0,3230.6,27.92,21,18,Ahmedabad
2025-06-10,Textile,4532.4,4151.0,27.74,22,25,Surat
2025-06-11,Textile,4124.3,3205.9,28.57,21,25,Bengaluru
2025-06-12,Textile,4299.6,3881.0,29.05,18,26,Kolkata
2025-06-13,Textile,4344.1,4100.9,29.37,20,27,Mumbai
2025-06-14,Textile,3449.6,2610.3,28.01,16,15,Coimbatore
2025-06-15,Textile,2415.5,1912.7,26.64,14,16,Ahmedabad
2025-06-16,Textile,4652.2,3592.2,29.04,21,21,Surat
2025-06-17,Textile,4240.0,3580.4,29.2,21,22,Ahmedabad
2025-06-18,Textile,4729.9,3608.1,29.19,22,26,Delhi
2025-06-19,Textile,4425.2,3740.7,27.32,21,18,Mumbai
2025-06-20,Textile,4369.3,3553.4,27.87,19,20,Mumbai
2025-06-21,Textile,3593.9,3394.5,27.43,19,22,Pune
2025-06-22,Textile,2863.5,2227.5,27.77,16,19,Coimbatore
2025-06-23,Textile,4193.7,3738.4,28.89,20,29,Chennai
2025-06-24,Textile,4170.3,3810.8,27.48,21,24,Hyderabad
2025-06-25,Textile,4220.6,3830.1,28.12,20,17,Ahmedabad
2025-06-26,Textile,4334.2,3621.5,28.66,21,31,Pune
2025-06-27,Textile,4066.0,3098.5,27.76,21,17,Surat
2025-06-28,Textile,3500.7,3006.8,28.01,16,24,Surat
2025-06-29,Textile,2720.1,2161.6,27.81,12,11,Ahmedabad
2025-06-30,Textile,4333.6,3527.6,29.27,18,18,Mumbai
2025-07-01,Textile,4262.3,3833.1,29.12,21,20,Hyderabad
2025-07-02,Textile,4208.7,3875.5,28.78,22,20,Mumbai
2025-07-03,Textile,4431.4,3876.3,29.08,20,20,Pune
2025-07-04,Textile,4167.9,3502.8,27.55,20,28,Pune
2025-07-05,Textile,3747.4,3352.0,28.99,17,18,Kolkata
2025-07-06,Textile,2736.9,2350.4,28.91,13,18,Mumbai
2025-07-07,Textile,4315.7,4095.9,28.67,19,21,Delhi
2025-07-08,Textile,4270.6,3297.0,28.07,21,28,Kolkata
2025-07-09,Textile,4422.0,4120.7,27.66,22,32,Mumbai
2025-07-10,Textile,4426.7,3746.2,28.63,20,29,Hyderabad
2025-07-11,Textile,4136.7,3625.9,26.67,22,23,Mumbai
2025-07-12,Textile,3363.7,2838.7,28.72,15,16,Chennai
2025-07-13,Textile,2229.0,1926.2,29.03,10,14,Bengaluru
2025-07-14,Textile,4304.2,3382.1,28.2,20,17,Bengaluru
2025-07-15,Textile,4338.0,4063.1,28.56,19,22,Coimbatore
2025-07-16,Textile,4030.6,3721.9,28.74,20,19,Hyderabad
2025-07-17,Textile,4159.9,3690.0,27.3,18,26,Pune
2025-07-18,Textile,4021.3,3236.8,27.63,17,24,Surat
2025-07-19,Textile,3280.2,2567.9,28.11,18,26,Hyderabad
2025-07-20,Textile,2490.5,1910.5,28.74,11,16,Pune
2025-07-21,Textile,4099.0,3404.1,26.68,18,21,Delhi
2025-07-22,Textile,4159.1,3514.3,27.51,20,28,Coimbatore
2025-07-23,Textile,3955.4,3210.5,27.85,21,31,Pune
2025-07-24,Textile,4222.9,3541.3,27.79,22,27,Delhi
2025-07-25,Textile,4183.6,3685.1,26.86,19,26,Pune
2025-07-26,Textile,3279.1,2498.5,27.77,18,20,Kolkata
2025-07-27,Textile,2360.9,1918.8,27.42,11,11,Delhi
2025-07-28,Textile,4203.8,3195.3,28.5,22,20,Coimbatore
2025-07-29,Textile,4050.1,3504.6,28.98,21,23,Kolkata
2025-07-30,Textile,3946.6,3432.0,28.42,19,20,Hyderabad
2025-07-31,Textile,4434.6,3674.4,26.82,20,19,Kolkata
2025-08-01,Textile,4064.5,3287.0,26.72,20,18,Delhi
2025-08-02,Textile,3349.4,3160.1,27.03,14,14,Hyderabad
2025-08-03,Textile,2523.8,2246.7,27.73,15,13,Mumbai
2025-08-04,Textile,4676.7,4239.8,28.47,22,26,Chennai
2025-08-05,Textile,3956.8,3310.3,29.4,19,27,Hyderabad
2025-08-06,Textile,4207.1,3877.6,28.5,19,28,Coimbatore
2025-08-07,Textile,4029.8,3597.3,28.53,20,22,Delhi
2025-08-08,Textile,4051.5,3388.3,29.36,18,21,Pune
2025-08-09,Textile,3234.3,2967.2,27.46,16,21,Kolkata
2025-08-10,Textile,2188.5,1919.6,27.87,13,12,Surat
2025-08-11,Textile,4115.8,3376.6,28.74,17,21,Kolkata
2025-08-12,Textile,3897.6,3166.6,27.8,17,18,Delhi
2025-08-13,Textile,4257.6,3829.7,28.67,18,17,Delhi
2025-08-14,Textile,4120.9,3825.0,27.43,21,17,Chennai
2025-08-15,Textile,4173.1,3498.9,28.31,20,19,Surat
2025-08-16,Textile,3254.7,2510.0,28.9,17,24,Bengaluru
2025-08-17,Textile,2290.2,2130.6,27.38,10,11,Ahmedabad
2025-08-18,Textile,4144.9,3561.0,27.41,21,30,Hyderabad
2025-08-19,Textile,3924.7,3609.4,27.01,17,19,Coimbatore
2025-08-20,Textile,4043.3,3739.9,29.15,19,17,Hyderabad
2025-08-21,Textile,3966.0,3588.6,28.2,19,19,Mumbai
2025-08-22,Textile,3959.3,3640.3,26.64,17,23,Coimbatore
2025-08-23,Textile,2995.3,2658.0,28.72,17,20,Coimbatore
2025-08-24,Textile,2537.6,1988.9,28.45,11,16,Coimbatore
2025-08-25,Textile,3984.7,3658.4,27.81,17,17,Pune
2025-08-26,Textile,4260.8,3395.0,27.22,19,26,Ahmedabad
2025-08-27,Textile,4245.3,3832.6,27.31,22,29,Pune
2025-08-28,Textile,3890.9,3117.0,28.87,18,21,Kolkata
2025-08-29,Textile,3919.6,3484.5,27.42,21,19,Coimbatore
2025-08-30,Textile,3688.6,3371.9,27.1,20,17,Bengaluru
2025-08-31,Textile,2594.9,1970.9,28.24,13,12,Ahmedabad
2025-09-01,Textile,4076.2,3768.8,28.13,17,25,Bengaluru
2025-09-02,Textile,4119.2,3433.0,27.8,19,28,Pune
2025-09-03,Textile,3985.8,3594.6,27.94,18,27,Bengaluru
2025-09-04,Textile,4145.3,3339.9,29.17,18,17,Surat
2025-09-05,Textile,3973.0,3214.4,26.75,18,19,Bengaluru
2025-09-06,Textile,2998.8,2540.8,28.28,14,19,Hyderabad
2025-09-07,Textile,2134.0,1840.0,28.02,12,12,Hyderabad
2025-09-08,Textile,4085.3,3457.7,27.7,19,18,Surat
2025-09-09,Textile,3913.4,3398.3,27.03,21,28,Kolkata
2025-09-10,Textile,4074.1,3071.2,27.23,17,20,Mumbai
2025-09-11,Textile,3924.2,3587.6,27.4,20,25,Bengaluru
2025-09-12,Textile,3969.5,3446.1,26.73,19,26,Pune
2025-09-13,Textile,3437.7,3248.3,28.71,17,25,Kolkata
2025-09-14,Textile,2374.5,2186.9,28.45,12,15,Pune
2025-09-15,Textile,4091.0,3164.7,26.95,18,20,Bengaluru
2025-09-16,Textile,4226.5,3258.4,28.32,21,21,Mumbai
2025-09-17,Textile,4169.1,3519.2,28.53,22,19,Chennai
2025-09-18,Textile,4316.7,3644.7,27.96,20,28,Coimbatore
2025-09-19,Textile,4033.5,3049.0,28.59,19,20,Kolkata
2025-09-20,Textile,3259.1,2892.7,29.16,18,19,Ahmedabad
2025-09-21,Textile,2152.7,1939.3,27.94,12,15,Delhi
2025-09-22,Textile,4047.9,3341.2,26.61,18,17,Delhi
2025-09-23,Textile,4260.6,3817.2,28.75,21,21,Bengaluru
2025-09-24,Textile,4314.7,3241.8,26.9,18,17,Kolkata
2025-09-25,Textile,4267.8,3708.0,28.0,19,20,Bengaluru
2025-09-26,Textile,3858.9,3504.3,28.5,20,25,Coimbatore
2025-09-27,Textile,3507.9,2845.7,28.23,17,15,Coimbatore
2025-09-28,Textile,2088.4,1623.4,28.3,11,13,Ahmedabad
2025-09-29,Textile,4276.9,3527.1,28.53,21,23,Mumbai
2025-09-30,Textile,4092.1,3844.2,29.22,18,23,Chennai
2025-10-01,Textile,4258.0,3557.4,27.72,22,19,Pune
2025-10-02,Textile,3958.3,3087.1,28.94,21,18,Pune
2025-10-03,Textile,4339.7,3466.6,27.68,20,18,Kolkata
2025-10-04,Textile,3156.0,2512.2,28.32,14,13,Surat
2025-10-05,Textile,2286.1,2063.4,27.6,14,15,Delhi
2025-10-06,Textile,4033.0,3058.4,28.43,19,18,Surat
2025-10-07,Textile,3926.2,3577.4,28.94,18,18,Coimbatore
2025-10-08,Textile,4210.4,3236.1,27.31,22,25,Mumbai
2025-10-09,Textile,4474.2,3763.1,27.52,22,21,Ahmedabad
2025-10-10,Textile,4610.7,4247.6,26.7,23,34,Coimbatore
2025-10-11,Textile,3429.3,2967.0,27.77,19,16,Mumbai
2025-10-12,Textile,2582.3,2125.0,28.82,13,16,Ahmedabad
2025-10-13,Textile,4268.8,3400.5,27.68,18,23,Mumbai
2025-10-14,Textile,4317.0,3256.1,27.92,21,25,Surat
2025-10-15,Textile,4199.3,3230.6,26.74,18,18,Chennai
2025-10-16,Textile,4288.6,3821.8,27.99,20,22,Mumbai
2025-10-17,Textile,4348.8,4036.0,26.69,19,26,Kolkata
2025-10-18,Textile,3375.8,2977.6,28.02,18,25,Delhi
2025-10-19,Textile,2437.9,2293.0,28.21,11,12,Kolkata
2025-10-20,Textile,4287.4,3612.2,27.25,19,19,Chennai
2025-10-21,Textile,4429.9,3427.6,27.34,21,23,Kolkata
2025-10-22,Textile,4156.0,3879.4,27.77,18,26,Delhi
2025-10-23,Textile,4318.4,3521.8,27.94,19,23,Chennai
2025-10-24,Textile,4623.4,3979.1,27.0,23,32,Bengaluru
2025-10-25,Textile,3693.8,3397.9,28.72,20,25,Kolkata
2025-10-26,Textile,2692.7,2293.6,29.15,13,13,Surat
2025-10-27,Textile,4372.8,3335.6,29.06,18,22,Mumbai
2025-10-28,Textile,4428.6,3410.0,28.55,23,31,Pune
2025-10-29,Textile,4542.3,3582.3,28.6,19,25,Mumbai
2025-10-30,Textile,4637.8,3677.3,29.12,21,19,Pune
2025-10-31,Textile,4122.9,3396.0,27.73,20,16,Chennai
2025-11-01,Textile,3387.1,2835.1,28.34,17,17,Chennai
2025-11-02,Textile,2733.7,2198.4,27.46,12,10,Mumbai
2025-11-03,Textile,4411.2,3340.3,27.84,22,18,Hyderabad
2025-11-04,Textile,4364.8,3949.5,29.39,18,24,Mumbai
2025-11-05,Textile,4290.4,4049.3,26.71,22,25,Surat
2025-11-06,Textile,4408.5,3668.9,28.67,20,26,Kolkata
2025-11-07,Textile,4294.8,3789.5,27.52,20,18,Hyderabad
2025-11-08,Textile,3971.7,3568.7,27.32,21,27,Surat
2025-11-09,Textile,2586.7,2365.7,28.28,13,11,Surat
2025-11-10,Textile,4537.9,3839.5,27.15,22,24,Pune
2025-11-11,Textile,4649.0,4408.9,27.85,22,25,Ahmedabad
2025-11-12,Textile,4719.5,4329.0,28.57,21,31,Ahmedabad
2025-11-13,Textile,4731.6,4409.6,29.15,22,20,Surat
2025-11-14,Textile,4765.6,4284.1,27.0,24,20,Delhi
2025-11-15,Textile,3644.9,3239.0,27.99,16,19,Hyderabad
2025-11-16,Textile,2603.7,2325.0,26.61,11,12,Hyderabad
2025-11-17,Textile,4765.3,4241.7,27.32,21,22,Coimbatore
2025-11-18,Textile,4586.4,3482.7,26.94,19,21,Delhi
2025-11-19,Textile,4680.4,4302.9,27.9,21,24,Coimbatore
2025-11-20,Textile,4756.9,3984.2,29.37,23,28,Ahmedabad
2025-11-21,Textile,4830.9,3722.3,27.8,22,18,Mumbai
2025-11-22,Textile,3561.9,2798.5,28.55,16,19,Surat
2025-11-23,Textile,2819.1,2631.2,28.53,13,15,Chennai
2025-11-24,Textile,4727.2,4005.9,28.61,23,25,Bengaluru
2025-11-25,Textile,4885.1,4492.5,27.83,22,29,Mumbai
2025-11-26,Textile,4912.4,3926.6,26.8,22,26,Pune
2025-11-27,Textile,5054.1,4306.4,29.39,23,33,Bengaluru
2025-11-28,Textile,5033.2,4112.6,26.75,23,25,Ahmedabad
2025-11-29,Textile,4126.2,3910.7,28.03,18,23,Delhi
2025-11-30,Textile,2996.6,2619.2,27.69,13,13,Pune
2025-12-01,Textile,4926.4,3727.1,28.88,24,34,Hyderabad
2025-12-02,Textile,4905.3,3931.5,28.56,24,23,Bengaluru
2025-12-03,Textile,5049.3,3943.2,28.76,21,29,Delhi
2025-12-04,Textile,5046.3,4172.2,27.82,23,23,Coimbatore
2025-12-05,Textile,4908.3,3999.6,28.66,22,22,Chennai
2025-12-06,Textile,4086.5,3630.1,27.75,21,21,Pune
2025-12-07,Textile,2847.0,2262.6,27.07,16,21,Chennai
2025-12-08,Textile,4882.0,4116.9,28.46,23,27,Chennai
2025-12-09,Textile,5222.4,4167.2,29.31,22,32,Ahmedabad
2025-12-10,Textile,5055.9,4018.8,26.92,24,32,Ahmedabad
2025-12-11,Textile,5373.9,4951.8,28.72,26,28,Pune
2025-12-12,Textile,4841.9,3953.2,27.64,23,20,Chennai
2025-12-13,Textile,4049.0,3061.2,26.63,19,24,Ahmedabad
2025-12-14,Textile,2933.0,2204.7,29.3,14,17,Pune
2025-12-15,Textile,5314.1,4024.0,27.72,25,36,Mumbai
2025-12-16,Textile,5222.9,4219.4,26.95,23,24,Surat
2025-12-17,Textile,5229.1,4531.1,28.98,26,32,Bengaluru
2025-12-18,Textile,5033.1,4713.8,27.49,24,29,Delhi
2025-12-19,Textile,5048.4,4035.2,27.81,21,22,Bengaluru
2025-12-20,Textile,4291.7,3506.1,27.57,20,17,Surat
2025-12-21,Textile,2802.0,2590.5,27.85,14,12,Surat
2025-12-22,Textile,5201.8,4110.2,29.06,24,29,Hyderabad
2025-12-23,Textile,5376.8,4104.6,29.34,26,35,Mumbai
2025-12-24,Textile,5174.4,4672.7,27.3,24,28,Coimbatore
2025-12-25,Textile,5582.7,4934.0,28.35,26,29,Bengaluru
2025-12-26,Textile,5545.7,4283.5,29.23,26,35,Delhi
2025-12-27,Textile,4121.5,3319.6,27.65,19,17,Delhi
2025-12-28,Textile,2947.4,2664.5,27.3,14,12,Mumbai
2025-12-29,Textile,5080.2,4727.6,28.77,21,28,Kolkata
2025-12-30,Textile,5326.1,4095.5,29.37,22,22,Chennai
2025-12-31,Textile,5578.9,4371.4,28.62,23,28,Kolkata
2025-01-01,E-waste,1548.0,1400.8,120.67,15,15,Mumbai
2025-01-02,E-waste,1621.5,1395.7,123.17,14,19,Delhi
2025-01-03,E-waste,1480.7,1263.1,119.85,17,17,Coimbatore
2025-01-04,E-waste,1357.4,1159.5,114.22,16,19,Surat
2025-01-05,E-waste,878.8,766.0,114.14,12,10,Chennai
2025-01-06,E-waste,1619.6,1301.4,116.31,16,21,Coimbatore
2025-01-07,E-waste,1619.7,1324.9,114.4,14,18,Coimbatore
2025-01-08,E-waste,1539.3,1258.9,125.77,14,15,Kolkata
2025-01-09,E-waste,1556.2,1391.4,121.89,17,21,Bengaluru
2025-01-10,E-waste,1723.3,1623.8,123.33,15,13,Delhi
2025-01-11,E-waste,1372.7,1185.6,119.02,13,19,Chennai
2025-01-12,E-waste,1031.2,806.6,125.47,11,16,Ahmedabad
2025-01-13,E-waste,1699.1,1556.2,123.31,16,18,Bengaluru
2025-01-14,E-waste,1693.5,1509.1,122.69,17,20,Hyderabad
2025-01-15,E-waste,1561.4,1294.9,115.9,16,22,Mumbai
2025-01-16,E-waste,1678.6,1467.7,123.88,16,19,Pune
2025-01-17,E-waste,1704.8,1482.8,124.17,18,14,Surat
2025-01-18,E-waste,1534.7,1196.6,116.94,13,17,Mumbai
2025-01-19,E-waste,1036.0,931.4,118.43,11,13,Chennai
2025-01-20,E-waste,1846.1,1664.8,118.69,19,27,Kolkata
2025-01-21,E-waste,1783.8,1563.2,116.53,17,25,Surat
2025-01-22,E-waste,1693.6,1387.2,114.69,16,23,Surat
2025-01-23,E-waste,1763.7,1561.0,118.75,15,16,Pune
2025-01-24,E-waste,1780.6,1349.5,118.63,19,27,Hyderabad
2025-01-25,E-waste,1363.1,1238.9,115.56,13,18,Coimbatore
2025-01-26,E-waste,987.7,834.0,115.77,11,16,Kolkata
2025-01-27,E-waste,1771.4,1653.6,118.63,15,22,Delhi
2025-01-28,E-waste,1915.1,1474.1,116.61,20,21,Pune
2025-01-29,E-waste,1646.6,1396.3,117.85,17,15,Coimbatore
2025-01-30,E-waste,1901.0,1687.3,124.26,17,20,Mumbai
2025-01-31,E-waste,1748.1,1620.3,114.43,16,17,Mumbai
2025-02-01,E-waste,1375.5,1262.8,122.1,15,17,Pune
2025-02-02,E-waste,1136.5,980.7,125.13,10,12,Coimbatore
2025-02-03,E-waste,1896.8,1587.0,118.6,19,23,Bengaluru
2025-02-04,E-waste,1943.8,1601.9,124.98,20,27,Ahmedabad
2025-02-05,E-waste,1917.5,1605.2,115.96,17,19,Hyderabad
2025-02-06,E-waste,2019.6,1548.2,116.09,19,18,Mumbai
2025-02-07,E-waste,1914.8,1483.1,116.47,20,26,Pune
2025-02-08,E-waste,1510.6,1424.6,121.62,16,22,Coimbatore
2025-02-09,E-waste,1104.7,864.1,125.54,11,16,Coimbatore
2025-02-10,E-waste,1989.0,1526.7,119.45,17,22,Coimbatore
2025-02-11,E-waste,1844.9,1538.8,120.77,18,25,Coimbatore
2025-02-12,E-waste,1862.0,1446.2,118.64,20,20,Ahmedabad
2025-02-13,E-waste,1895.2,1506.0,118.38,17,17,Mumbai
2025-02-14,E-waste,1768.0,1572.3,121.46,15,20,Bengaluru
2025-02-15,E-waste,1575.3,1480.7,122.83,14,19,Delhi
2025-02-16,E-waste,967.4,887.7,122.98,12,17,Coimbatore
2025-02-17,E-waste,1951.9,1810.8,119.06,20,29,Mumbai
2025-02-18,E-waste,2020.1,1705.2,121.75,18,24,Chennai
2025-02-19,E-waste,1926.7,1475.6,124.47,18,14,Hyderabad
2025-02-20,E-waste,2095.4,1785.0,116.96,21,29,Bengaluru
2025-02-21,E-waste,1867.2,1547.6,123.51,20,22,Ahmedabad
2025-02-22,E-waste,1695.3,1537.9,123.04,16,15,Mumbai
2025-02-23,E-waste,1188.3,925.1,117.89,15,14,Surat
2025-02-24,E-waste,1869.2,1450.4,117.16,18,26,Ahmedabad
2025-02-25,E-waste,2208.2,1866.8,123.24,22,25,Pune
2025-02-26,E-waste,2007.0,1684.2,118.07,18,27,Kolkata
2025-02-27,E-waste,1952.8,1669.9,118.13,17,15,Mumbai
2025-02-28,E-waste,1919.8,1641.9,119.18,16,15,Delhi
2025-03-01,E-waste,1628.5,1283.1,116.76,17,22,Kolkata
2025-03-02,E-waste,1155.4,979.6,123.99,12,11,Coimbatore
2025-03-03,E-waste,2053.0,1851.0,123.55,19,21,Surat
2025-03-04,E-waste,2029.5,1835.4,116.96,21,28,Mumbai
2025-03-05,E-waste,2105.8,1767.6,119.7,21,25,Hyderabad
2025-03-06,E-waste,2035.7,1804.6,116.13,19,18,Coimbatore
2025-03-07,E-waste,1926.0,1502.4,125.68,18,18,Chennai
2025-03-08,E-waste,1670.5,1537.6,122.55,17,21,Mumbai
2025-03-09,E-waste,1013.1,843.2,125.85,12,14,Chennai
2025-03-10,E-waste,2116.3,1807.2,123.14,22,30,Hyderabad
2025-03-11,E-waste,2022.4,1807.0,122.96,17,24,Surat
2025-03-12,E-waste,2114.1,1723.2,122.62,20,30,Surat
2025-03-13,E-waste,2206.4,1714.4,125.67,19,25,Pune
2025-03-14,E-waste,2042.5,1837.6,116.07,19,28,Coimbatore
2025-03-15,E-waste,1795.4,1377.9,117.37,16,18,Surat
2025-03-16,E-waste,1181.9,986.3,118.81,11,13,Surat
2025-03-17,E-waste,2262.4,1868.3,123.97,21,28,Surat
2025-03-18,E-waste,2109.1,1979.9,124.53,21,25,Ahmedabad
2025-03-19,E-waste,2078.9,1789.5,121.58,19,15,Kolkata
2025-03-20,E-waste,2198.9,1965.0,115.48,19,16,Mumbai
2025-03-21,E-waste,2120.0,1665.4,123.8,21,26,Delhi
2025-03-22,E-waste,1683.8,1324.2,115.03,17,17,Pune
2025-03-23,E-waste,1200.3,926.1,124.4,11,13,Delhi
2025-03-24,E-waste,2165.0,1816.6,121.59,18,23,Coimbatore
2025-03-25,E-waste,2274.0,1706.2,117.18,21,24,Ahmedabad
2025-03-26,E-waste,2033.2,1891.0,117.27,18,20,Mumbai
2025-03-27,E-waste,2184.9,2021.7,122.65,22,32,Delhi
2025-03-28,E-waste,2234.8,1832.3,121.91,23,23,Kolkata
2025-03-29,E-waste,1789.5,1413.1,114.54,17,15,Chennai
2025-03-30,E-waste,1353.8,1174.1,115.86,14,12,Hyderabad
2025-03-31,E-waste,2196.2,2026.9,117.07,20,21,Delhi
2025-04-01,E-waste,2192.4,1847.4,122.11,22,25,Hyderabad
2025-04-02,E-waste,2255.1,1804.4,122.67,20,21,Pune
2025-04-03,E-waste,2222.4,1903.3,119.79,19,18,Chennai
2025-04-04,E-waste,2189.8,1646.3,122.51,23,25,Chennai
2025-04-05,E-waste,1838.5,1473.3,119.64,19,16,Bengaluru
2025-04-06,E-waste,1223.8,1130.2,114.36,14,12,Surat
2025-04-07,E-waste,2185.3,1899.6,119.78,20,30,Delhi
2025-04-08,E-waste,2195.4,2036.2,125.75,23,31,Mumbai
2025-04-09,E-waste,2340.3,1977.4,123.52,20,22,Bengaluru
2025-04-10,E-waste,2000.9,1616.7,116.76,20,22,Hyderabad
2025-04-11,E-waste,2275.7,2063.0,122.82,20,18,Hyderabad
2025-04-12,E-waste,1823.6,1508.8,125.87,20,21,Bengaluru
2025-04-13,E-waste,1161.3,1076.2,117.91,13,17,Delhi
2025-04-14,E-waste,2279.5,1932.8,117.84,19,22,Kolkata
2025-04-15,E-waste,2295.1,2069.8,122.95,22,20,Hyderabad
2025-04-16,E-waste,2306.8,2031.1,117.57,22,31,Mumbai
2025-04-17,E-waste,2066.8,1941.7,118.98,18,17,Delhi
2025-04-18,E-waste,2371.1,1820.1,121.31,24,23,Delhi
2025-04-19,E-waste,1783.5,1576.7,116.84,19,20,Ahmedabad
2025-04-20,E-waste,1351.1,1103.5,122.38,14,13,Coimbatore
2025-04-21,E-waste,2332.5,2021.4,114.76,24,33,Delhi
2025-04-22,E-waste,2213.8,2053.8,118.81,19,16,Delhi
2025-04-23,E-waste,2331.5,1842.3,115.74,20,27,Coimbatore
2025-04-24,E-waste,2255.5,1853.4,114.93,21,18,Kolkata
2025-04-25,E-waste,2131.4,1795.6,122.89,18,25,Kolkata
2025-04-26,E-waste,1940.6,1497.4,116.45,19,25,Hyderabad
2025-04-27,E-waste,1251.1,1156.9,122.25,14,19,Hyderabad
2025-04-28,E-waste,2229.1,1941.3,118.38,20,23,Bengaluru
2025-04-29,E-waste,2264.9,2045.4,121.15,23,30,Delhi
2025-04-30,E-waste,2317.4,1942.3,119.63,20,21,Mumbai
2025-05-01,E-waste,2294.5,1958.0,121.02,19,22,Bengaluru
2025-05-02,E-waste,2341.6,2080.9,125.04,23,28,Surat
2025-05-03,E-waste,1763.2,1650.5,117.91,19,18,Ahmedabad
2025-05-04,E-waste,1260.7,947.9,121.88,15,15,Chennai
2025-05-05,E-waste,2296.4,1819.7,115.54,23,28,Ahmedabad
2025-05-06,E-waste,2448.8,2235.9,119.05,22,19,Delhi
2025-05-07,E-waste,2299.2,2072.9,124.13,21,18,Ahmedabad
2025-05-08,E-waste,2390.3,2023.2,122.32,24,36,Kolkata
2025-05-09,E-waste,2312.9,1857.7,122.4,22,19,Surat
2025-05-10,E-waste,1834.5,1505.5,118.96,16,18,Pune
2025-05-11,E-waste,1302.6,1064.5,121.2,12,11,Pune
2025-05-12,E-waste,2300.1,1891.4,115.56,23,24,Ahmedabad
2025-05-13,E-waste,2358.8,2084.3,124.44,23,22,Bengaluru
2025-05-14,E-waste,2417.2,2184.1,120.56,21,26,Hyderabad
2025-05-15,E-waste,2341.7,2129.7,118.28,21,25,Ahmedabad
2025-05-16,E-waste,2404.3,2056.7,119.97,22,29,Hyderabad
2025-05-17,E-waste,1802.2,1478.1,124.87,18,18,Bengaluru
2025-05-18,E-waste,1292.3,1075.3,121.97,14,14,Mumbai
2025-05-19,E-waste,2262.0,2002.3,117.85,22,28,Kolkata
2025-05-20,E-waste,2340.1,1869.9,123.1,20,30,Pune
2025-05-21,E-waste,2289.7,2049.7,114.59,23,19,Kolkata
2025-05-22,E-waste,2371.4,2006.3,118.84,22,30,Pune
2025-05-23,E-waste,2246.8,2022.2,122.97,21,25,Coimbatore
2025-05-24,E-waste,1878.5,1529.1,114.13,16,19,Kolkata
2025-05-25,E-waste,1375.1,1276.0,123.88,15,18,Mumbai
2025-05-26,E-waste,2161.2,1730.5,119.22,22,21,Kolkata
2025-05-27,E-waste,2474.9,2257.8,122.76,24,26,Delhi
2025-05-28,E-waste,2294.1,2081.1,117.55,21,20,Hyderabad
2025-05-29,E-waste,2163.0,1723.5,123.81,21,21,Surat
2025-05-30,E-waste,2326.2,1934.7,116.75,23,28,Bengaluru
2025-05-31,E-waste,1875.5,1465.2,124.38,19,27,Bengaluru
2025-06-01,E-waste,1315.6,1118.8,121.39,12,12,Bengaluru
2025-06-02,E-waste,2386.7,1894.4,117.48,24,34,Ahmedabad
2025-06-03,E-waste,2367.6,1891.7,125.84,20,21,Bengaluru
2025-06-04,E-waste,2333.0,1803.6,117.48,22,32,Coimbatore
2025-06-05,E-waste,2343.5,1876.0,115.57,23,19,Ahmedabad
2025-06-06,E-waste,2300.9,2123.4,121.7,22,20,Chennai
2025-06-07,E-waste,2001.3,1608.9,125.39,20,22,Delhi
2025-06-08,E-waste,1207.1,996.5,120.87,13,16,Surat
2025-06-09,E-waste,2315.9,1994.8,119.27,22,25,Hyderabad
2025-06-10,E-waste,2309.1,1911.4,118.38,23,26,Kolkata
2025-06-11,E-waste,2364.0,2022.2,120.29,22,25,Surat
2025-06-12,E-waste,2238.4,1984.6,118.16,21,23,Hyderabad
2025-06-13,E-waste,2169.5,1676.3,121.58,22,21,Mumbai
2025-06-14,E-waste,1872.8,1503.5,123.51,20,29,Chennai
2025-06-15,E-waste,1333.9,1245.5,116.92,16,16,Pune
2025-06-16,E-waste,2407.6,2036.3,119.73,23,23,Ahmedabad
2025-06-17,E-waste,2199.1,1930.9,114.95,20,23,Kolkata
2025-06-18,E-waste,2379.3,2001.0,118.43,20,27,Surat
2025-06-19,E-waste,2468.7,1891.7,120.58,25,35,Ahmedabad
2025-06-20,E-waste,2261.1,1846.0,119.91,23,32,Hyderabad
2025-06-21,E-waste,1755.1,1360.8,116.25,19,16,Coimbatore
2025-06-22,E-waste,1275.7,1191.0,117.88,11,11,Pune
2025-06-23,E-waste,2285.2,2051.9,119.26,22,23,Pune
2025-06-24,E-waste,2324.6,1875.7,117.87,24,20,Hyderabad
2025-06-25,E-waste,2236.1,1801.1,125.11,21,23,Ahmedabad
2025-06-26,E-waste,2395.2,1845.8,115.62,24,23,Coimbatore
2025-06-27,E-waste,2193.1,1984.7,123.16,21,20,Pune
2025-06-28,E-waste,1711.0,1583.5,116.34,17,21,Ahmedabad
2025-06-29,E-waste,1381.7,1123.0,124.88,16,20,Coimbatore
2025-06-30,E-waste,2100.1,1814.6,125.97,19,22,Chennai
2025-07-01,E-waste,2253.4,1957.9,124.99,23,26,Ahmedabad
2025-07-02,E-waste,2500.5,2257.4,117.9,24,28,Kolkata
2025-07-03,E-waste,2263.7,1764.0,122.42,22,33,Ahmedabad
2025-07-04,E-waste,2178.5,2005.1,119.1,18,22,Ahmedabad
2025-07-05,E-waste,1825.6,1535.6,120.97,20,26,Delhi
2025-07-06,E-waste,1286.7,1182.6,118.94,15,17,Surat
2025-07-07,E-waste,2268.3,2153.0,120.04,21,30,Coimbatore
2025-07-08,E-waste,2303.8,2092.3,123.05,21,21,Pune
2025-07-09,E-waste,2174.0,1918.2,119.32,19,23,Bengaluru
2025-07-10,E-waste,2376.4,2231.5,124.74,20,26,Coimbatore
2025-07-11,E-waste,2266.1,2120.7,121.35,20,26,Bengaluru
2025-07-12,E-waste,1872.3,1555.8,115.77,20,18,Mumbai
2025-07-13,E-waste,1234.8,1021.4,114.19,15,15,Chennai
2025-07-14,E-waste,2337.7,2098.2,119.1,20,17,Ahmedabad
2025-07-15,E-waste,2219.8,1806.7,121.01,22,20,Pune
2025-07-16,E-waste,2257.8,1943.3,122.6,23,31,Kolkata
2025-07-17,E-waste,2164.9,1823.0,114.41,22,28,Mumbai
2025-07-18,E-waste,2157.9,1621.5,117.95,20,27,Kolkata
2025-07-19,E-waste,1857.3,1692.5,118.37,19,20,Ahmedabad
2025-07-20,E-waste,1240.2,965.4,120.26,15,22,Coimbatore
2025-07-21,E-waste,2162.4,1954.6,122.89,18,19,Hyderabad
2025-07-22,E-waste,2176.1,2002.9,118.9,21,23,Chennai
2025-07-23,E-waste,2274.7,2060.6,120.42,21,23,Hyderabad
2025-07-24,E-waste,2173.1,1870.1,123.38,19,22,Kolkata
2025-07-25,E-waste,2209.4,2071.0,116.69,23,33,Kolkata
2025-07-26,E-waste,1795.2,1623.2,115.34,19,17,Chennai
2025-07-27,E-waste,1121.5,891.1,115.24,11,9,Delhi
2025-07-28,E-waste,2102.0,1865.9,120.8,22,23,Hyderabad
2025-07-29,E-waste,2235.6,1691.6,120.71,23,22,Delhi
2025-07-30,E-waste,2153.2,1950.1,123.16,18,20,Bengaluru
2025-07-31,E-waste,2285.9,1805.4,118.74,21,27,Coimbatore
2025-08-01,E-waste,2277.4,2133.6,119.7,21,31,Pune
2025-08-02,E-waste,1837.4,1585.4,119.39,17,22,Pune
2025-08-03,E-waste,1394.4,1126.8,123.73,14,20,Ahmedabad
2025-08-04,E-waste,2193.4,1856.2,121.91,21,31,Mumbai
2025-08-05,E-waste,2246.6,1702.5,117.94,23,29,Kolkata
2025-08-06,E-waste,2152.5,1850.3,114.31,22,32,Pune
2025-08-07,E-waste,2378.7,2035.5,115.81,22,25,Mumbai
2025-08-08,E-waste,2342.0,2110.6,123.41,21,17,Coimbatore
2025-08-09,E-waste,1775.2,1385.7,125.29,15,20,Chennai
2025-08-10,E-waste,1280.6,1055.2,123.47,13,16,Chennai
2025-08-11,E-waste,2290.9,1904.2,114.17,19,21,Chennai
2025-08-12,E-waste,2176.6,1669.9,121.62,21,31,Chennai
2025-08-13,E-waste,2137.2,1701.6,117.41,20,22,Pune
2025-08-14,E-waste,2250.8,1708.4,114.5,21,22,Mumbai
2025-08-15,E-waste,2189.9,1657.3,121.69,23,21,Ahmedabad
2025-08-16,E-waste,1780.9,1343.9,124.49,19,23,Coimbatore
2025-08-17,E-waste,1184.3,1107.8,118.61,14,19,Surat
2025-08-18,E-waste,2052.2,1638.5,119.25,19,25,Kolkata
2025-08-19,E-waste,2197.8,2063.9,125.04,20,27,Delhi
2025-08-20,E-waste,2247.1,1780.2,116.61,21,24,Bengaluru
2025-08-21,E-waste,2161.6,1752.8,117.9,22,32,Chennai
2025-08-22,E-waste,2285.6,1935.7,120.29,20,19,Chennai
2025-08-23,E-waste,1709.7,1549.8,123.27,16,16,Surat
2025-08-24,E-waste,1164.7,1020.4,122.52,13,17,Surat
2025-08-25,E-waste,2171.2,1643.7,114.49,18,18,Hyderabad
2025-08-26,E-waste,2169.6,1883.9,125.38,22,18,Kolkata
2025-08-27,E-waste,2233.3,2062.6,120.52,22,25,Bengaluru
2025-08-28,E-waste,2117.2,1944.5,115.25,18,23,Delhi
2025-08-29,E-waste,2277.8,1758.2,119.25,23,28,Ahmedabad
2025-08-30,E-waste,1908.3,1511.7,119.97,16,23,Kolkata
2025-08-31,E-waste,1240.0,1170.2,124.65,14,21,Kolkata
2025-09-01,E-waste,2268.9,1748.3,124.72,20,28,Kolkata
2025-09-02,E-waste,2096.2,1695.4,121.23,19,23,Pune
2025-09-03,E-waste,2256.3,1716.9,118.57,21,21,Delhi
2025-09-04,E-waste,2254.6,1864.6,115.84,22,21,Bengaluru
2025-09-05,E-waste,2241.3,2069.2,116.63,19,17,Delhi
2025-09-06,E-waste,1761.2,1530.0,119.43,16,21,Bengaluru
2025-09-07,E-waste,1022.9,928.1,125.33,13,14,Ahmedabad
2025-09-08,E-waste,2130.4,1935.2,121.67,20,23,Pune
2025-09-09,E-waste,2132.4,1615.1,114.72,22,28,Surat
2025-09-10,E-waste,2106.9,1910.4,115.44,19,24,Chennai
2025-09-11,E-waste,2190.5,1975.1,123.29,19,28,Coimbatore
2025-09-12,E-waste,2151.0,1997.8,116.07,18,18,Mumbai
2025-09-13,E-waste,1705.9,1432.2,124.76,17,14,Mumbai
2025-09-14,E-waste,1169.2,938.3,115.26,11,12,Mumbai
2025-09-15,E-waste,2132.8,2012.7,122.19,22,29,Bengaluru
2025-09-16,E-waste,2272.1,1976.5,123.5,23,23,Pune
2025-09-17,E-waste,2140.1,1715.1,121.92,22,30,Chennai
2025-09-18,E-waste,2152.8,1974.2,125.18,21,25,Mumbai
2025-09-19,E-waste,2159.1,1876.2,119.82,21,19,Surat
2025-09-20,E-waste,1802.6,1420.2,120.57,16,18,Surat
2025-09-21,E-waste,1289.9,1068.6,117.9,12,12,Bengaluru
2025-09-22,E-waste,1971.2,1800.4,122.04,17,22,Ahmedabad
2025-09-23,E-waste,2278.5,1837.1,122.11,21,23,Mumbai
2025-09-24,E-waste,2312.0,1735.6,116.04,19,18,Hyderabad
2025-09-25,E-waste,2128.1,1716.3,117.91,20,21,Kolkata
2025-09-26,E-waste,2136.5,1686.7,123.81,21,27,Chennai
2025-09-27,E-waste,1757.1,1390.9,117.07,15,21,Pune
2025-09-28,E-waste,1209.1,990.2,124.11,15,19,Mumbai
2025-09-29,E-waste,2234.9,2091.7,124.45,21,28,Ahmedabad
2025-09-30,E-waste,2075.2,1697.2,118.41,22,25,Coimbatore
2025-10-01,E-waste,2140.5,1823.9,117.29,22,32,Coimbatore
2025-10-02,E-waste,2343.2,1962.9,119.65,21,23,Hyderabad
2025-10-03,E-waste,2161.5,1753.8,122.31,19,24,Hyderabad
2025-10-04,E-waste,1902.3,1612.7,125.24,17,15,Ahmedabad
2025-10-05,E-waste,1305.7,1020.6,116.97,12,17,Bengaluru
2025-10-06,E-waste,2106.5,1769.0,124.99,21,23,Delhi
2025-10-07,E-waste,2293.8,2125.0,118.03,23,31,Chennai
2025-10-08,E-waste,2241.4,1941.3,124.13,22,26,Ahmedabad
2025-10-09,E-waste,2220.2,1949.4,119.49,21,25,Bengaluru
2025-10-10,E-waste,2277.0,2152.1,117.47,23,28,Chennai
2025-10-11,E-waste,1867.6,1475.9,119.87,19,17,Delhi
2025-10-12,E-waste,1348.8,1121.9,117.13,16,24,Coimbatore
2025-10-13,E-waste,2360.5,2199.9,117.96,23,29,Ahmedabad
2025-10-14,E-waste,2307.5,2028.8,116.51,20,16,Chennai
2025-10-15,E-waste,2178.6,1806.9,124.82,19,27,Ahmedabad
2025-10-16,E-waste,2251.3,1891.2,114.18,20,20,Hyderabad
2025-10-17,E-waste,2512.6,2163.1,120.41,22,21,Pune
2025-10-18,E-waste,1913.9,1739.9,121.98,16,19,Chennai
2025-10-19,E-waste,1493.4,1238.9,117.35,13,12,Delhi
2025-10-20,E-waste,2412.6,1874.7,114.7,20,28,Hyderabad
2025-10-21,E-waste,2331.7,1982.3,124.04,24,30,Pune
2025-10-22,E-waste,2341.9,2203.7,114.86,22,22,Hyderabad
2025-10-23,E-waste,2322.4,2003.5,120.53,20,21,Hyderabad
2025-10-24,E-waste,2200.7,1765.0,115.04,21,25,Chennai
2025-10-25,E-waste,1893.3,1428.1,118.53,19,15,Delhi
2025-10-26,E-waste,1429.8,1314.3,116.83,15,16,Mumbai
2025-10-27,E-waste,2304.6,1911.5,125.41,22,32,Bengaluru
2025-10-28,E-waste,2386.9,2176.7,117.73,23,27,Surat
2025-10-29,E-waste,2426.5,1883.9,125.2,22,19,Kolkata
2025-10-30,E-waste,2301.0,2182.8,115.76,22,32,Chennai
2025-10-31,E-waste,2342.2,2198.3,123.32,22,18,Delhi
2025-11-01,E-waste,1852.7,1436.0,114.72,18,15,Pune
2025-11-02,E-waste,1304.0,1204.0,124.13,15,17,Coimbatore
2025-11-03,E-waste,2300.4,1906.9,122.51,23,19,Surat
2025-11-04,E-waste,2336.7,2219.3,119.73,22,20,Delhi
2025-11-05,E-waste,2518.0,2155.9,119.02,23,19,Kolkata
2025-11-06,E-waste,2350.4,1863.6,120.63,23,27,Bengaluru
2025-11-07,E-waste,2436.1,1882.5,114.5,21,24,Hyderabad
2025-11-08,E-waste,1932.9,1470.5,122.23,19,16,Mumbai
2025-11-09,E-waste,1483.9,1336.8,120.94,14,17,Surat
2025-11-10,E-waste,2548.3,2366.7,115.86,21,22,Delhi
2025-11-11,E-waste,2522.7,1981.4,123.55,24,19,Bengaluru
2025-11-12,E-waste,2489.0,2357.1,125.23,24,24,Pune
2025-11-13,E-waste,2456.9,2281.4,119.39,25,33,Kolkata
2025-11-14,E-waste,2393.2,2089.8,114.76,21,24,Kolkata
2025-11-15,E-waste,2162.3,1672.4,117.96,19,17,Hyderabad
2025-11-16,E-waste,1371.3,1075.9,120.9,13,19,Pune
2025-11-17,E-waste,2557.9,2049.3,115.35,25,32,Hyderabad
2025-11-18,E-waste,2596.3,2233.2,125.41,24,27,Pune
2025-11-19,E-waste,2484.0,2007.9,121.69,25,29,Mumbai
2025-11-20,E-waste,2612.4,2147.9,117.22,26,22,Ahmedabad
2025-11-21,E-waste,2600.9,2374.1,123.97,26,24,Mumbai
2025-11-22,E-waste,2196.1,1978.0,116.6,22,33,Kolkata
2025-11-23,E-waste,1428.7,1140.7,124.11,14,21,Pune
2025-11-24,E-waste,2474.7,2176.9,117.36,23,27,Kolkata
2025-11-25,E-waste,2542.6,2157.6,114.46,24,32,Coimbatore
2025-11-26,E-waste,2605.7,2275.9,114.65,23,20,Bengaluru
2025-11-27,E-waste,2604.0,2002.5,124.55,23,31,Surat
2025-11-28,E-waste,2579.7,2299.3,114.03,23,22,Chennai
2025-11-29,E-waste,1976.9,1801.4,118.5,20,24,Mumbai
2025-11-30,E-waste,1537.4,1158.7,114.59,15,16,Chennai
2025-12-01,E-waste,2786.6,2584.1,122.13,24,25,Coimbatore
2025-12-02,E-waste,2683.5,2468.4,119.22,23,31,Delhi
2025-12-03,E-waste,2704.4,2057.8,120.8,23,34,Mumbai
2025-12-04,E-waste,2711.7,2104.5,118.64,24,23,Delhi
2025-12-05,E-waste,2708.8,2082.8,114.63,27,40,Hyderabad
2025-12-06,E-waste,2246.9,1732.5,114.77,19,24,Chennai
2025-12-07,E-waste,1572.3,1368.6,120.98,16,18,Mumbai
2025-12-08,E-waste,2686.6,2039.8,123.15,26,33,Surat
2025-12-09,E-waste,2660.8,2188.2,120.65,26,37,Coimbatore
2025-12-10,E-waste,2712.4,2037.4,123.96,25,27,Ahmedabad
2025-12-11,E-waste,2765.2,2515.2,116.79,25,23,Delhi
2025-12-12,E-waste,2728.7,2591.0,118.38,25,22,Delhi
2025-12-13,E-waste,2260.4,1803.2,116.19,19,18,Coimbatore
2025-12-14,E-waste,1618.0,1262.1,116.23,18,24,Delhi
2025-12-15,E-waste,2847.2,2408.1,115.17,27,29,Delhi
2025-12-16,E-waste,2891.8,2181.4,117.54,25,37,Pune
2025-12-17,E-waste,2812.4,2606.3,119.28,25,21,Mumbai
2025-12-18,E-waste,2719.5,2355.1,118.41,23,26,Hyderabad
2025-12-19,E-waste,2802.8,2186.8,122.56,27,39,Ahmedabad
2025-12-20,E-waste,2302.1,2046.2,122.13,21,19,Chennai
2025-12-21,E-waste,1491.4,1212.8,119.58,17,21,Kolkata
2025-12-22,E-waste,2966.2,2577.5,122.57,28,38,Kolkata
2025-12-23,E-waste,2884.0,2660.1,115.18,24,25,Chennai
2025-12-24,E-waste,2913.1,2239.4,117.1,26,23,Mumbai
2025-12-25,E-waste,2998.3,2669.5,120.01,27,38,Delhi
2025-12-26,E-waste,2859.9,2396.4,114.89,25,28,Ahmedabad
2025-12-27,E-waste,2405.7,2235.2,124.62,22,19,Coimbatore
2025-12-28,E-waste,1666.0,1476.9,118.83,16,16,Pune
2025-12-29,E-waste,2927.5,2578.9,120.51,27,36,Coimbatore
2025-12-30,E-waste,2894.9,2282.4,114.09,24,30,Chennai
2025-12-31,E-waste,3089.1,2893.3,118.84,26,29,Delhi
2025-01-01,Cardboard,9305.4,8189.2,13.35,13,17,Ahmedabad
2025-01-02,Cardboard,9816.3,7780.8,13.61,14,18,Kolkata
2025-01-03,Cardboard,8685.0,7610.6,14.21,16,15,Hyderabad
2025-01-04,Cardboard,8266.7,7795.2,13.96,15,16,Delhi
2025-01-05,Cardboard,5949.5,4770.9,13.34,13,11,Pune
2025-01-06,Cardboard,9654.0,7801.9,13.48,17,22,Ahmedabad
2025-01-07,Cardboard,9535.1,8205.8,14.64,16,14,Delhi
2025-01-08,Cardboard,9844.3,9096.3,13.59,15,15,Chennai
2025-01-09,Cardboard,10721.3,9834.0,13.65,18,18,Mumbai
2025-01-10,Cardboard,8924.8,7869.7,14.62,14,14,Kolkata
2025-01-11,Cardboard,8240.9,6421.1,13.62,12,15,Mumbai
2025-01-12,Cardboard,5173.8,4011.0,13.4,8,9,Kolkata
2025-01-13,Cardboard,9789.8,7854.8,13.38,18,25,Surat
2025-01-14,Cardboard,9713.9,8857.0,13.44,16,20,Hyderabad
2025-01-15,Cardboard,9659.3,7783.6,14.27,17,17,Chennai
2025-01-16,Cardboard,9873.8,9075.0,13.99,17,17,Hyderabad
2025-01-17,Cardboard,9394.6,8476.3,13.63,17,23,Mumbai
2025-01-18,Cardboard,8502.7,7364.2,13.74,15,12,Pune
2025-01-19,Cardboard,4882.6,4292.4,13.7,8,10,Hyderabad
2025-01-20,Cardboard,10226.4,8643.0,14.7,15,22,Mumbai
2025-01-21,Cardboard,9862.5,8660.8,14.34,15,19,Coimbatore
2025-01-22,Cardboard,9508.3,8931.1,14.06,14,17,Kolkata
2025-01-23,Cardboard,10151.9,8483.4,14.47,17,19,Delhi
2025-01-24,Cardboard,9385.7,7139.7,14.08,18,17,Coimbatore
2025-01-25,Cardboard,8203.5,6602.7,14.27,14,17,Mumbai
2025-01-26,Cardboard,5152.2,4522.3,13.98,11,11,Mumbai
2025-01-27,Cardboard,10369.4,9233.2,13.82,19,21,Delhi
2025-01-28,Cardboard,9770.7,8811.3,13.97,14,18,Kolkata
2025-01-29,Cardboard,10008.4,9051.1,13.52,16,22,Chennai
2025-01-30,Cardboard,10368.1,9156.6,14.48,18,24,Pune
2025-01-31,Cardboard,9912.4,7531.0,14.68,18,17,Coimbatore
2025-02-01,Cardboard,8299.2,6361.5,14.35,16,16,Delhi
2025-02-02,Cardboard,5209.0,4487.0,14.28,10,13,Surat
2025-02-03,Cardboard,10615.5,8722.7,14.09,17,22,Pune
2025-02-04,Cardboard,11149.2,8434.4,13.79,20,18,Chennai
2025-02-05,Cardboard,11634.7,9960.8,13.93,18,19,Kolkata
2025-02-06,Cardboard,10442.2,7935.3,14.62,19,23,Bengaluru
2025-02-07,Cardboard,10778.5,8704.8,13.9,15,13,Pune
2025-02-08,Cardboard,7655.2,7060.9,13.35,14,13,Ahmedabad
2025-02-09,Cardboard,6658.2,5676.5,14.55,14,11,Kolkata
2025-02-10,Cardboard,10839.7,10291.0,14.34,15,16,Hyderabad
2025-02-11,Cardboard,10294.3,7904.0,13.47,15,17,Surat
2025-02-12,Cardboard,11090.3,9054.6,13.5,20,18,Bengaluru
2025-02-13,Cardboard,10440.1,8267.9,14.64,16,16,Ahmedabad
2025-02-14,Cardboard,10369.4,8810.6,13.78,16,19,Pune
2025-02-15,Cardboard,8791.7,8251.7,14.55,13,14,Ahmedabad
2025-02-16,Cardboard,5588.0,4972.5,14.64,10,9,Mumbai
2025-02-17,Cardboard,11096.1,10077.8,14.0,19,18,Hyderabad
2025-02-18,Cardboard,10180.8,8278.1,13.99,18,25,Bengaluru
2025-02-19,Cardboard,10202.8,9505.3,13.44,17,22,Coimbatore
2025-02-20,Cardboard,10285.0,8966.9,13.56,18,22,Ahmedabad
2025-02-21,Cardboard,11054.9,8868.0,13.82,20,22,Surat
2025-02-22,Cardboard,8409.9,7499.8,13.7,14,12,Pune
2025-02-23,Cardboard,5536.0,5255.2,13.49,10,10,Coimbatore
2025-02-24,Cardboard,10494.8,9683.6,14.1,17,22,Kolkata
2025-02-25,Cardboard,10770.3,9136.9,14.15,19,18,Mumbai
2025-02-26,Cardboard,10270.4,9081.9,13.55,16,18,Pune
2025-02-27,Cardboard,10300.3,8660.1,13.61,15,16,Chennai
2025-02-28,Cardboard,11785.0,9139.6,13.51,18,18,Chennai
2025-03-01,Cardboard,8396.8,7405.5,14.19,13,16,Coimbatore
2025-03-02,Cardboard,6064.1,4677.7,13.97,10,11,Coimbatore
2025-03-03,Cardboard,10716.6,8419.2,13.66,19,19,Kolkata
2025-03-04,Cardboard,10707.1,9812.6,14.44,15,14,Bengaluru
2025-03-05,Cardboard,11190.9,10234.7,13.48,17,24,Coimbatore
2025-03-06,Cardboard,11352.1,9780.3,14.4,20,27,Ahmedabad
2025-03-07,Cardboard,10801.6,8229.2,14.38,19,19,Surat
2025-03-08,Cardboard,8310.0,7613.6,13.45,15,12,Kolkata
2025-03-09,Cardboard,6839.6,6463.3,14.09,13,19,Hyderabad
2025-03-10,Cardboard,10935.4,9250.7,13.54,17,25,Chennai
2025-03-11,Cardboard,11769.2,9825.5,14.62,21,20,Delhi
2025-03-12,Cardboard,9991.9,8791.9,14.02,18,27,Surat
2025-03-13,Cardboard,11101.8,8790.7,13.39,16,20,Chennai
2025-03-14,Cardboard,11888.3,11116.5,14.48,19,19,Surat
2025-03-15,Cardboard,8774.6,7536.4,14.4,14,16,Hyderabad
2025-03-16,Cardboard,6210.4,5209.6,13.69,12,17,Hyderabad
2025-03-17,Cardboard,11188.6,9608.2,13.43,17,19,Mumbai
2025-03-18,Cardboard,10813.6,9353.5,13.85,17,24,Pune
2025-03-19,Cardboard,10933.7,8875.1,13.92,19,27,Coimbatore
2025-03-20,Cardboard,10930.7,8231.9,14.58,18,18,Kolkata
2025-03-21,Cardboard,10808.5,9227.8,14.5,17,20,Chennai
2025-03-22,Cardboard,9537.6,8425.8,14.39,14,18,Bengaluru
2025-03-23,Cardboard,6553.7,5655.4,14.34,14,21,Coimbatore
2025-03-24,Cardboard,11225.6,10228.7,13.49,20,20,Ahmedabad
2025-03-25,Cardboard,11483.2,9971.0,14.07,17,25,Kolkata
2025-03-26,Cardboard,11006.5,9325.4,13.8,19,16,Pune
2025-03-27,Cardboard,10782.7,9006.1,13.71,17,24,Hyderabad
2025-03-28,Cardboard,10865.1,8619.0,13.35,15,16,Delhi
2025-03-29,Cardboard,9019.7,7993.4,13.99,16,15,Hyderabad
2025-03-30,Cardboard,5892.2,4525.9,14.1,9,12,Chennai
2025-03-31,Cardboard,10924.2,10375.6,14.68,20,21,Hyderabad
2025-04-01,Cardboard,10920.6,8246.3,13.64,17,22,Hyderabad
2025-04-02,Cardboard,12111.9,9703.2,13.38,20,23,Chennai
2025-04-03,Cardboard,9910.3,9360.3,13.31,15,17,Hyderabad
2025-04-04,Cardboard,11079.9,8370.8,13.44,20,24,Coimbatore
2025-04-05,Cardboard,9812.9,9118.5,13.7,16,19,Coimbatore
2025-04-06,Cardboard,6434.2,5439.2,14.43,13,12,Mumbai
2025-04-07,Cardboard,11503.8,9660.4,14.27,17,17,Kolkata
2025-04-08,Cardboard,11210.1,9013.0,13.97,17,18,Pune
2025-04-09,Cardboard,10864.9,8280.4,13.89,17,24,Surat
2025-04-10,Cardboard,10156.0,8958.8,13.33,16,17,Ahmedabad
2025-04-11,Cardboard,11256.5,9847.8,13.47,16,22,Bengaluru
2025-04-12,Cardboard,8687.5,8090.7,14.35,13,16,Ahmedabad
2025-04-13,Cardboard,6017.6,5173.6,14.23,13,11,Hyderabad
2025-04-14,Cardboard,10934.5,8887.1,14.67,18,15,Kolkata
2025-04-15,Cardboard,11941.7,9192.0,14.15,20,24,Mumbai
2025-04-16,Cardboard,12235.7,9856.3,13.91,20,30,Kolkata
2025-04-17,Cardboard,11247.9,10190.1,14.45,19,19,Bengaluru
2025-04-18,Cardboard,10937.2,8276.4,13.74,16,23,Pune
2025-04-19,Cardboard,8490.1,7902.9,14.66,14,20,Pune
2025-04-20,Cardboard,6575.2,5483.5,14.42,12,10,Bengaluru
2025-04-21,Cardboard,11934.8,9066.9,14.32,20,27,Surat
2025-04-22,Cardboard,11015.7,9884.0,14.25,16,23,Coimbatore
2025-04-23,Cardboard,10050.6,7681.8,14.54,14,14,Coimbatore
2025-04-24,Cardboard,11416.4,9359.4,14.18,16,17,Ahmedabad
2025-04-25,Cardboard,11551.6,8707.8,13.4,18,24,Mumbai
2025-04-26,Cardboard,8273.0,7782.3,13.8,16,16,Coimbatore
2025-04-27,Cardboard,6418.6,4831.3,14.55,10,8,Delhi
2025-04-28,Cardboard,11288.8,9042.0,13.8,20,22,Kolkata
2025-04-29,Cardboard,11044.6,10032.8,13.71,20,27,Pune
2025-04-30,Cardboard,10712.9,8399.8,13.87,17,25,Kolkata
2025-05-01,Cardboard,11516.9,9975.9,13.5,18,19,Bengaluru
2025-05-02,Cardboard,10868.8,8839.1,13.89,15,22,Kolkata
2025-05-03,Cardboard,8269.2,6267.3,13.96,14,18,Chennai
2025-05-04,Cardboard,5380.7,5098.5,13.46,8,11,Delhi
2025-05-05,Cardboard,11587.0,9508.1,14.25,18,15,Chennai
2025-05-06,Cardboard,11286.2,9295.6,13.76,16,16,Chennai
2025-05-07,Cardboard,11036.9,9024.2,13.33,16,21,Mumbai
2025-05-08,Cardboard,10787.5,8244.1,13.91,17,19,Ahmedabad
2025-05-09,Cardboard,10735.6,9891.3,14.66,18,25,Chennai
2025-05-10,Cardboard,8389.3,7342.1,14.27,13,17,Bengaluru
2025-05-11,Cardboard,6062.1,5396.0,13.47,12,13,Coimbatore
2025-05-12,Cardboard,9981.3,7809.7,13.73,17,15,Kolkata
2025-05-13,Cardboard,10590.7,8481.0,13.71,18,22,Mumbai
2025-05-14,Cardboard,10768.2,8863.2,14.63,19,23,Bengaluru
2025-05-15,Cardboard,11168.4,8937.6,13.73,20,19,Kolkata
2025-05-16,Cardboard,10861.6,10089.8,13.39,15,21,Hyderabad
2025-05-17,Cardboard,9153.0,8446.3,14.19,15,22,Mumbai
2025-05-18,Cardboard,6806.9,6149.9,14.61,14,19,Bengaluru
2025-05-19,Cardboard,11310.5,10249.9,13.94,18,27,Chennai
2025-05-20,Cardboard,11030.3,9855.8,13.67,18,27,Surat
2025-05-21,Cardboard,10807.9,10251.2,13.33,15,18,Mumbai
2025-05-22,Cardboard,10344.9,8554.2,14.49,19,19,Delhi
2025-05-23,Cardboard,11102.6,8847.9,14.66,20,18,Mumbai
2025-05-24,Cardboard,9460.5,8155.6,14.48,18,21,Coimbatore
2025-05-25,Cardboard,6288.6,5526.4,13.97,10,11,Ahmedabad
2025-05-26,Cardboard,11580.9,9654.0,13.66,20,23,Hyderabad
2025-05-27,Cardboard,10014.0,8417.3,13.36,15,15,Bengaluru
2025-05-28,Cardboard,10163.1,8335.0,14.09,19,21,Delhi
2025-05-29,Cardboard,11049.1,8567.0,14.05,19,19,Delhi
2025-05-30,Cardboard,10764.7,9810.4,13.91,18,24,Surat
2025-05-31,Cardboard,9194.1,7045.6,13.47,14,20,Bengaluru
2025-06-01,Cardboard,6054.8,5001.9,13.65,11,13,Surat
2025-06-02,Cardboard,10198.3,8078.3,13.93,19,22,Coimbatore
2025-06-03,Cardboard,10473.4,8967.2,13.8,18,18,Chennai
2025-06-04,Cardboard,9860.1,7446.7,13.82,17,22,Hyderabad
2025-06-05,Cardboard,10022.1,9113.1,14.33,17,19,Mumbai
2025-06-06,Cardboard,10947.5,10084.2,14.4,19,28,Chennai
2025-06-07,Cardboard,8884.4,7146.1,13.8,16,22,Ahmedabad
2025-06-08,Cardboard,6145.8,5770.5,13.38,11,16,Coimbatore
2025-06-09,Cardboard,9674.1,8604.6,13.8,16,16,Mumbai
2025-06-10,Cardboard,10266.5,7773.3,14.46,19,24,Kolkata
2025-06-11,Cardboard,9855.5,8023.8,14.44,15,16,Hyderabad
2025-06-12,Cardboard,10915.1,9257.3,14.63,18,26,Kolkata
2025-06-13,Cardboard,10101.6,8119.8,13.77,16,21,Ahmedabad
2025-06-14,Cardboard,7884.2,6528.7,14.47,15,14,Pune
2025-06-15,Cardboard,5911.3,5249.1,14.66,9,12,Pune
2025-06-16,Cardboard,10011.4,7561.4,14.09,16,23,Coimbatore
2025-06-17,Cardboard,10945.3,9710.3,13.52,19,17,Bengaluru
2025-06-18,Cardboard,9924.9,8386.1,14.1,18,25,Ahmedabad
2025-06-19,Cardboard,9603.8,7318.5,14.3,18,27,Bengaluru
2025-06-20,Cardboard,9242.5,8291.2,14.2,16,22,Coimbatore
2025-06-21,Cardboard,8234.3,6562.3,14.6,16,19,Bengaluru
2025-06-22,Cardboard,5556.6,5031.9,13.91,10,10,Bengaluru
2025-06-23,Cardboard,9501.0,8344.6,14.38,16,15,Pune
2025-06-24,Cardboard,10656.6,8090.9,14.64,19,26,Chennai
2025-06-25,Cardboard,10399.1,8698.5,13.61,18,25,Ahmedabad
2025-06-26,Cardboard,10063.4,8917.7,13.66,16,18,Delhi
2025-06-27,Cardboard,10667.3,10120.6,14.09,15,18,Delhi
2025-06-28,Cardboard,8418.1,6638.6,14.25,16,17,Ahmedabad
2025-06-29,Cardboard,5348.4,4870.1,13.78,9,9,Chennai
2025-06-30,Cardboard,9517.1,7876.7,13.4,17,21,Kolkata
2025-07-01,Cardboard,10329.9,7875.5,14.17,16,15,Ahmedabad
2025-07-02,Cardboard,10117.3,8943.5,13.33,14,13,Mumbai
2025-07-03,Cardboard,9992.3,9142.6,14.11,15,14,Ahmedabad
2025-07-04,Cardboard,9512.1,7704.1,13.55,17,20,Bengaluru
2025-07-05,Cardboard,8263.6,7450.3,13.69,14,12,Coimbatore
2025-07-06,Cardboard,5287.0,4060.7,13.83,12,15,Surat
2025-07-07,Cardboard,9778.3,8532.9,13.47,15,18,Mumbai
2025-07-08,Cardboard,10452.5,8718.5,13.67,16,14,Chennai
2025-07-09,Cardboard,9481.1,8139.3,14.07,18,26,Mumbai
2025-07-10,Cardboard,9047.8,7572.4,13.8,15,13,Chennai
2025-07-11,Cardboard,9259.3,8154.7,13.34,14,19,Surat
2025-07-12,Cardboard,8308.1,7583.0,14.35,12,18,Surat
2025-07-13,Cardboard,5650.4,5313.7,14.68,12,15,Mumbai
2025-07-14,Cardboard,9607.0,7501.5,14.1,16,22,Kolkata
2025-07-15,Cardboard,9413.5,8332.2,14.31,16,23,Mumbai
2025-07-16,Cardboard,9838.6,9123.6,14.04,16,17,Ahmedabad
2025-07-17,Cardboard,9215.8,8238.0,13.64,17,21,Pune
2025-07-18,Cardboard,9713.2,7389.2,13.64,15,21,Ahmedabad
2025-07-19,Cardboard,7404.8,6724.1,14.26,11,16,Surat
2025-07-20,Cardboard,5042.7,3988.1,13.4,9,9,Pune
2025-07-21,Cardboard,9222.9,7567.4,13.52,16,20,Bengaluru
2025-07-22,Cardboard,9319.2,7507.4,14.48,15,19,Kolkata
2025-07-23,Cardboard,9444.6,7548.3,13.95,17,25,Ahmedabad
2025-07-24,Cardboard,9551.1,8619.5,13.98,15,20,Kolkata
2025-07-25,Cardboard,7764.1,6707.2,13.68,15,13,Bengaluru
2025-07-26,Cardboard,7248.3,6675.7,14.65,14,13,Ahmedabad
2025-07-27,Cardboard,5184.9,4386.6,14.0,12,13,Surat
2025-07-28,Cardboard,10038.4,7696.4,13.71,17,18,Bengaluru
2025-07-29,Cardboard,8854.5,7697.8,14.51,16,16,Mumbai
2025-07-30,Cardboard,9393.4,7233.5,13.74,15,13,Kolkata
2025-07-31,Cardboard,9972.7,7579.6,13.33,14,14,Coimbatore
2025-08-01,Cardboard,8689.2,7316.6,13.44,13,12,Mumbai
2025-08-02,Cardboard,7673.7,6138.0,14.26,14,12,Bengaluru
2025-08-03,Cardboard,4919.4,4105.1,13.91,8,8,Delhi
2025-08-04,Cardboard,8994.3,7145.1,13.8,13,11,Hyderabad
2025-08-05,Cardboard,8840.9,7285.0,14.56,13,11,Chennai
2025-08-06,Cardboard,8854.1,7914.3,14.02,15,16,Hyderabad
2025-08-07,Cardboard,10389.7,9775.4,13.43,16,18,Coimbatore
2025-08-08,Cardboard,9526.5,8524.1,14.3,17,17,Hyderabad
2025-08-09,Cardboard,7885.4,6059.6,14.63,14,15,Coimbatore
2025-08-10,Cardboard,5427.4,4941.0,14.7,8,7,Chennai
2025-08-11,Cardboard,8370.2,7458.9,14.28,15,14,Hyderabad
2025-08-12,Cardboard,9253.4,7376.9,14.13,13,11,Coimbatore
2025-08-13,Cardboard,9541.5,7342.6,14.53,16,19,Delhi
2025-08-14,Cardboard,8657.9,6764.4,14.46,17,21,Bengaluru
2025-08-15,Cardboard,9459.9,8834.3,13.52,16,13,Coimbatore
2025-08-16,Cardboard,7610.3,6340.8,13.59,14,14,Surat
2025-08-17,Cardboard,5972.6,4988.7,13.86,10,14,Pune
2025-08-18,Cardboard,8790.1,8096.0,14.67,15,15,Kolkata
2025-08-19,Cardboard,8469.0,7574.4,14.47,15,13,Kolkata
2025-08-20,Cardboard,8785.3,7838.6,13.34,13,19,Pune
2025-08-21,Cardboard,9579.5,7285.4,14.55,15,22,Chennai
2025-08-22,Cardboard,8096.5,6998.9,13.76,15,13,Bengaluru
2025-08-23,Cardboard,6278.4,5313.9,14.14,10,14,Mumbai
2025-08-24,Cardboard,5121.3,4657.0,14.67,11,16,Surat
2025-08-25,Cardboard,8679.6,7268.3,13.37,15,15,Kolkata
2025-08-26,Cardboard,8869.4,8146.9,13.77,14,14,Pune
2025-08-27,Cardboard,9278.8,6974.4,13.68,14,14,Mumbai
2025-08-28,Cardboard,8592.7,7745.7,13.84,14,18,Kolkata
2025-08-29,Cardboard,7986.8,6653.1,13.45,15,16,Mumbai
2025-08-30,Cardboard,8058.6,7462.0,14.33,13,15,Ahmedabad
2025-08-31,Cardboard,4584.0,3538.3,13.46,11,13,Chennai
2025-09-01,Cardboard,8320.1,6876.9,13.82,16,13,Chennai
2025-09-02,Cardboard,9283.1,8016.0,14.24,15,16,Ahmedabad
2025-09-03,Cardboard,8603.6,6525.0,13.54,15,20,Delhi
2025-09-04,Cardboard,8738.7,8040.1,13.76,13,13,Mumbai
2025-09-05,Cardboard,8975.4,6895.6,13.72,15,20,Surat
2025-09-06,Cardboard,7570.6,7151.1,13.66,12,16,Ahmedabad
2025-09-07,Cardboard,4845.0,4400.2,13.33,11,9,Pune
2025-09-08,Cardboard,9417.5,8660.4,13.39,14,13,Kolkata
2025-09-09,Cardboard,7765.0,6845.5,14.67,12,13,Mumbai
2025-09-10,Cardboard,9061.0,8386.4,14.63,16,13,Bengaluru
2025-09-11,Cardboard,8334.7,6675.7,13.88,16,20,Chennai
2025-09-12,Cardboard,9323.9,7542.7,14.52,13,14,Delhi
2025-09-13,Cardboard,7107.3,6267.9,13.41,10,8,Kolkata
2025-09-14,Cardboard,4665.9,3572.0,13.67,10,11,Ahmedabad
2025-09-15,Cardboard,8988.7,7018.7,14.6,17,23,Ahmedabad
2025-09-16,Cardboard,9087.9,7527.4,14.33,13,13,Chennai
2025-09-17,Cardboard,8970.8,8281.0,14.4,15,12,Ahmedabad
2025-09-18,Cardboard,8215.0,6871.7,13.41,15,16,Chennai
2025-09-19,Cardboard,8457.4,7544.6,14.05,12,10,Ahmedabad
2025-09-20,Cardboard,7018.8,6545.2,14.08,11,13,Pune
2025-09-21,Cardboard,4935.9,4059.9,13.91,12,15,Ahmedabad
2025-09-22,Cardboard,9005.8,7622.9,13.36,16,18,Chennai
2025-09-23,Cardboard,7760.4,6757.9,13.52,12,14,Hyderabad
2025-09-24,Cardboard,8816.6,7140.4,14.51,15,14,Surat
2025-09-25,Cardboard,8535.2,7759.4,13.46,13,15,Bengaluru
2025-09-26,Cardboard,8288.3,7451.7,14.17,16,15,Delhi
2025-09-27,Cardboard,6681.2,6285.3,13.95,12,16,Coimbatore
2025-09-28,Cardboard,4856.0,4511.5,14.25,7,6,Coimbatore
2025-09-29,Cardboard,7047.8,5772.6,14.12,12,16,Ahmedabad
2025-09-30,Cardboard,8354.4,7315.2,14.38,16,21,Kolkata
2025-10-01,Cardboard,8278.1,7845.9,14.06,12,11,Bengaluru
2025-10-02,Cardboard,8914.7,7296.2,13.87,14,12,Hyderabad
2025-10-03,Cardboard,8315.6,6926.8,14.34,16,19,Bengaluru
2025-10-04,Cardboard,6931.2,5694.2,14.45,10,14,Delhi
2025-10-05,Cardboard,5657.3,5233.0,13.54,9,12,Delhi
2025-10-06,Cardboard,9137.7,8165.9,13.94,14,20,Pune
2025-10-07,Cardboard,9101.2,7952.7,14.54,17,15,Chennai
2025-10-08,Cardboard,8475.6,7020.2,14.56,12,13,Delhi
2025-10-09,Cardboard,8950.8,6984.6,14.1,15,18,Delhi
2025-10-10,Cardboard,8607.5,8045.8,14.34,15,21,Coimbatore
2025-10-11,Cardboard,6970.4,5412.9,13.8,13,15,Hyderabad
2025-10-12,Cardboard,5171.0,4836.1,14.43,12,11,Pune
2025-10-13,Cardboard,8465.7,7827.5,13.8,16,24,Coimbatore
2025-10-14,Cardboard,9414.3,7789.8,13.68,18,20,Ahmedabad
2025-10-15,Cardboard,8679.0,7931.5,14.45,17,20,Chennai
2025-10-16,Cardboard,9038.3,8256.0,14.05,14,17,Mumbai
2025-10-17,Cardboard,9424.5,8749.8,14.36,14,17,Delhi
2025-10-18,Cardboard,7571.3,6268.3,14.06,15,15,Hyderabad
2025-10-19,Cardboard,4388.7,4039.1,14.36,11,11,Coimbatore
2025-10-20,Cardboard,9000.6,8112.2,13.69,13,12,Pune
2025-10-21,Cardboard,9194.5,8434.2,14.3,13,17,Surat
2025-10-22,Cardboard,9224.6,8203.1,14.63,16,23,Delhi
2025-10-23,Cardboard,8334.4,6710.7,14.51,13,15,Surat
2025-10-24,Cardboard,8552.2,7777.0,13.7,15,21,Coimbatore
2025-10-25,Cardboard,7620.5,6683.9,14.63,15,21,Coimbatore
2025-10-26,Cardboard,4728.1,3794.6,13.32,10,13,Surat
2025-10-27,Cardboard,8753.0,6606.1,14.49,16,16,Chennai
2025-10-28,Cardboard,9611.2,9126.4,13.31,14,14,Coimbatore
2025-10-29,Cardboard,8895.1,8267.3,13.47,17,20,Pune
2025-10-30,Cardboard,8604.6,8029.1,13.76,15,14,Kolkata
2025-10-31,Cardboard,8552.1,7282.9,13.3,14,13,Mumbai
2025-11-01,Cardboard,7405.4,5590.1,13.52,12,14,Coimbatore
2025-11-02,Cardboard,4531.0,3801.0,13.78,8,7,Pune
2025-11-03,Cardboard,8884.4,7895.5,14.65,15,13,Pune
2025-11-04,Cardboard,9162.6,8518.2,13.46,15,14,Ahmedabad
2025-11-05,Cardboard,9614.7,7366.1,14.42,18,21,Pune
2025-11-06,Cardboard,9348.2,7036.3,13.81,14,21,Surat
2025-11-07,Cardboard,8744.6,7863.4,13.47,17,21,Chennai
2025-11-08,Cardboard,7884.4,6722.1,13.8,12,17,Chennai
2025-11-09,Cardboard,5067.2,3929.3,14.65,8,9,Coimbatore
2025-11-10,Cardboard,8566.6,8099.8,14.33,14,12,Delhi
2025-11-11,Cardboard,9064.9,7851.1,14.58,14,13,Bengaluru
2025-11-12,Cardboard,9809.5,8284.8,14.28,15,20,Delhi
2025-11-13,Cardboard,9257.0,7982.8,14.55,17,17,Hyderabad
2025-11-14,Cardboard,9208.9,7847.7,14.47,14,12,Bengaluru
2025-11-15,Cardboard,8204.1,7259.6,13.55,13,16,Delhi
2025-11-16,Cardboard,4639.1,4387.4,13.81,8,9,Coimbatore
2025-11-17,Cardboard,8688.9,7279.5,13.51,13,12,Hyderabad
2025-11-18,Cardboard,8562.3,7465.9,13.72,12,11,Pune
2025-11-19,Cardboard,9479.4,8124.2,14.44,18,17,Delhi
2025-11-20,Cardboard,9409.3,7789.7,13.7,15,17,Hyderabad
2025-11-21,Cardboard,10051.6,9484.5,13.79,15,13,Mumbai
2025-11-22,Cardboard,7703.4,7165.9,14.66,15,22,Mumbai
2025-11-23,Cardboard,5192.0,4281.1,13.89,8,8,Kolkata
2025-11-24,Cardboard,9428.9,8172.3,14.69,16,17,Hyderabad
2025-11-25,Cardboard,9505.2,8630.3,14.6,14,16,Surat
2025-11-26,Cardboard,8724.3,7503.9,13.97,16,22,Hyderabad
2025-11-27,Cardboard,10721.0,10132.9,14.36,16,15,Mumbai
2025-11-28,Cardboard,9760.2,7624.0,14.45,15,21,Kolkata
2025-11-29,Cardboard,7826.7,6692.1,14.36,11,14,Delhi
2025-11-30,Cardboard,5749.4,4316.7,13.5,9,11,Bengaluru
2025-12-01,Cardboard,9921.9,8425.0,13.66,14,19,Hyderabad
2025-12-02,Cardboard,9565.4,8656.3,14.06,17,25,Delhi
2025-12-03,Cardboard,9370.8,7993.5,13.95,16,20,Delhi
2025-12-04,Cardboard,9951.0,7548.5,13.52,16,18,Kolkata
2025-12-05,Cardboard,9881.4,8608.6,14.63,15,16,Coimbatore
2025-12-06,Cardboard,7516.0,6173.5,14.66,14,13,Coimbatore
2025-12-07,Cardboard,6216.7,5710.8,14.38,10,9,Coimbatore
2025-12-08,Cardboard,9921.0,8560.3,13.34,18,24,Surat
2025-12-09,Cardboard,10144.9,8708.4,13.71,18,15,Ahmedabad
2025-12-10,Cardboard,10470.5,8610.8,14.03,18,16,Coimbatore
2025-12-11,Cardboard,9881.8,8524.9,14.22,17,24,Delhi
2025-12-12,Cardboard,10042.5,8456.6,14.61,15,17,Chennai
2025-12-13,Cardboard,8401.5,7778.7,14.06,16,17,Coimbatore
2025-12-14,Cardboard,5363.1,4428.2,14.54,11,15,Kolkata
2025-12-15,Cardboard,10009.1,8869.9,14.03,15,17,Coimbatore
2025-12-16,Cardboard,10069.8,8179.9,14.51,16,15,Mumbai
2025-12-17,Cardboard,9611.8,7934.4,14.01,14,15,Chennai
2025-12-18,Cardboard,11113.8,9841.5,14.14,17,21,Chennai
2025-12-19,Cardboard,9466.5,8360.5,14.15,17,25,Ahmedabad
2025-12-20,Cardboard,7615.4,5724.3,13.47,15,13,Hyderabad
2025-12-21,Cardboard,6396.0,5135.2,14.31,14,17,Pune
2025-12-22,Cardboard,10508.3,9741.3,13.66,19,28,Kolkata
2025-12-23,Cardboard,9755.0,8435.2,14.62,16,23,Kolkata
2025-12-24,Cardboard,10519.3,8408.5,13.66,17,20,Ahmedabad
2025-12-25,Cardboard,10936.1,10205.5,14.19,19,16,Chennai
2025-12-26,Cardboard,10291.5,8164.4,14.24,19,24,Delhi
2025-12-27,Cardboard,9535.7,8492.9,14.35,17,17,Pune
2025-12-28,Cardboard,5146.7,4809.0,14.15,12,14,Mumbai
2025-12-29,Cardboard,10706.3,8506.3,13.33,18,24,Coimbatore
2025-12-30,Cardboard,10948.7,10055.0,13.6,20,18,Pune
2025-12-31,Cardboard,10854.6,9673.7,14.48,18,16,Delhi
2025-01-01,Other,1251.0,1157.0,15.04,14,14,Chennai
2025-01-02,Other,1255.8,1025.6,15.68,17,20,Chennai
2025-01-03,Other,1310.0,1044.1,15.35,15,20,Mumbai
2025-01-04,Other,1096.0,1001.4,15.71,12,17,Pune
2025-01-05,Other,781.0,646.3,14.46,12,15,Mumbai
2025-01-06,Other,1376.1,1297.8,14.63,16,22,Ahmedabad
2025-01-07,Other,1262.7,1193.5,14.49,15,20,Coimbatore
2025-01-08,Other,1320.4,1083.2,15.55,17,18,Bengaluru
2025-01-09,Other,1287.9,974.2,14.71,14,20,Ahmedabad
2025-01-10,Other,1331.3,1137.2,15.32,17,17,Coimbatore
2025-01-11,Other,1165.7,1052.4,14.75,16,16,Delhi
2025-01-12,Other,792.2,616.2,15.15,12,14,Pune
2025-01-13,Other,1541.8,1416.1,14.76,17,17,Pune
2025-01-14,Other,1407.3,1242.4,14.7,17,18,Delhi
2025-01-15,Other,1409.7,1170.6,14.51,16,19,Coimbatore
2025-01-16,Other,1422.8,1349.9,14.49,18,20,Mumbai
2025-01-17,Other,1388.6,1053.6,15.25,15,15,Mumbai
2025-01-18,Other,1160.0,894.2,15.03,16,21,Hyderabad
2025-01-19,Other,894.9,770.9,15.26,14,13,Hyderabad
2025-01-20,Other,1465.0,1279.3,15.46,20,25,Surat
2025-01-21,Other,1421.0,1214.9,14.46,17,21,Mumbai
2025-01-22,Other,1423.5,1188.1,15.0,18,17,Delhi
2025-01-23,Other,1462.5,1358.2,15.72,16,15,Delhi
2025-01-24,Other,1504.4,1240.5,14.65,20,17,Mumbai
2025-01-25,Other,1294.4,1022.8,15.23,14,18,Surat
2025-01-26,Other,788.7,616.9,14.47,10,12,Coimbatore
2025-01-27,Other,1512.3,1330.1,14.3,16,14,Delhi
2025-01-28,Other,1550.6,1290.9,14.68,20,25,Coimbatore
2025-01-29,Other,1442.4,1250.7,14.9,17,21,Coimbatore
2025-01-30,Other,1512.9,1306.1,15.54,16,13,Chennai
2025-01-31,Other,1532.7,1281.2,14.78,20,28,Mumbai
2025-02-01,Other,1234.5,1009.8,14.72,14,12,Chennai
2025-02-02,Other,922.6,779.5,15.03,12,17,Bengaluru
2025-02-03,Other,1595.3,1405.3,15.55,19,27,Bengaluru
2025-02-04,Other,1582.1,1441.1,14.26,19,18,Bengaluru
2025-02-05,Other,1651.5,1350.9,15.26,22,25,Ahmedabad
2025-02-06,Other,1739.7,1543.6,15.49,18,21,Hyderabad
2025-02-07,Other,1745.1,1363.9,14.87,21,22,Delhi
2025-02-08,Other,1226.2,1059.3,14.41,16,13,Kolkata
2025-02-09,Other,987.5,874.7,14.86,11,15,Ahmedabad
2025-02-10,Other,1667.3,1281.6,15.25,20,16,Bengaluru
2025-02-11,Other,1697.7,1394.7,15.68,21,21,Bengaluru
2025-02-12,Other,1674.8,1583.9,15.74,20,19,Surat
2025-02-13,Other,1716.1,1508.9,15.39,21,22,Delhi
2025-02-14,Other,1728.5,1529.3,15.62,18,25,Hyderabad
2025-02-15,Other,1365.5,1101.8,15.58,17,15,Delhi
2025-02-16,Other,940.5,708.2,15.01,14,20,Hyderabad
2025-02-17,Other,1723.3,1539.6,15.72,22,26,Ahmedabad
2025-02-18,Other,1774.5,1452.7,15.15,23,26,Pune
2025-02-19,Other,1806.6,1558.7,15.36,19,19,Chennai
2025-02-20,Other,1832.0,1620.6,15.57,20,29,Kolkata
2025-02-21,Other,1761.2,1580.8,15.51,20,27,Coimbatore
2025-02-22,Other,1475.0,1344.0,14.4,18,24,Coimbatore
2025-02-23,Other,1092.6,1018.4,14.62,13,16,Ahmedabad
2025-02-24,Other,1891.0,1591.5,14.67,22,21,Bengaluru
2025-02-25,Other,1827.5,1587.4,14.71,22,26,Ahmedabad
2025-02-26,Other,1827.7,1624.2,15.35,19,19,Ahmedabad
2025-02-27,Other,1862.3,1748.0,14.44,23,30,Surat
2025-02-28,Other,1791.7,1516.1,15.43,23,22,Mumbai
2025-03-01,Other,1502.6,1157.8,15.44,19,21,Chennai
2025-03-02,Other,1119.1,844.2,15.14,15,18,Mumbai
2025-03-03,Other,1928.5,1826.0,15.17,21,25,Hyderabad
2025-03-04,Other,1883.5,1437.5,15.2,21,19,Kolkata
2025-03-05,Other,1922.4,1490.5,14.78,22,32,Ahmedabad
2025-03-06,Other,1869.4,1764.6,14.33,21,21,Surat
2025-03-07,Other,1970.6,1506.1,14.76,23,26,Surat
2025-03-08,Other,1564.1,1350.7,14.79,21,28,Hyderabad
2025-03-09,Other,1096.2,880.1,15.73,15,16,Chennai
2025-03-10,Other,1934.9,1703.0,15.74,21,21,Mumbai
2025-03-11,Other,1962.2,1579.7,15.33,24,31,Kolkata
2025-03-12,Other,1948.3,1762.1,14.87,21,18,Hyderabad
2025-03-13,Other,2023.8,1757.0,15.17,23,22,Ahmedabad
2025-03-14,Other,1969.7,1690.0,15.43,23,32,Surat
2025-03-15,Other,1716.7,1294.6,14.96,18,16,Bengaluru
2025-03-16,Other,1237.3,946.1,14.4,13,12,Mumbai
2025-03-17,Other,1966.9,1725.9,14.39,25,21,Mumbai
2025-03-18,Other,2033.4,1631.8,14.99,25,29,Hyderabad
2025-03-19,Other,1999.0,1806.0,15.2,24,20,Coimbatore
2025-03-20,Other,2027.2,1670.4,14.29,21,26,Coimbatore
2025-03-21,Other,2175.6,1909.5,15.65,26,33,Bengaluru
2025-03-22,Other,1652.4,1386.0,14.52,20,26,Hyderabad
2025-03-23,Other,1205.9,935.8,14.75,14,11,Ahmedabad
2025-03-24,Other,2113.4,1841.3,14.33,25,21,Kolkata
2025-03-25,Other,2029.2,1774.1,15.44,22,24,Kolkata
2025-03-26,Other,2046.2,1738.8,15.25,22,28,Hyderabad
2025-03-27,Other,2033.4,1777.3,15.18,22,24,Chennai
2025-03-28,Other,2060.7,1879.7,14.7,24,24,Surat
2025-03-29,Other,1546.7,1328.7,14.59,20,29,Ahmedabad
2025-03-30,Other,1249.8,1180.6,15.59,14,16,Delhi
2025-03-31,Other,2261.0,2061.4,15.36,24,21,Pune
2025-04-01,Other,2154.4,1660.9,15.15,27,28,Ahmedabad
2025-04-02,Other,2068.3,1935.3,14.92,26,36,Ahmedabad
2025-04-03,Other,2122.4,1998.3,14.79,24,32,Hyderabad
2025-04-04,Other,2140.9,2017.2,14.36,25,30,Hyderabad
2025-04-05,Other,1700.4,1299.5,15.25,20,27,Pune
2025-04-06,Other,1299.2,1207.4,15.57,18,25,Chennai
2025-04-07,Other,2239.2,2064.3,14.82,23,21,Coimbatore
2025-04-08,Other,2128.5,1937.7,15.43,23,26,Delhi
2025-04-09,Other,2248.4,1824.7,15.17,27,28,Kolkata
2025-04-10,Other,2303.6,2036.5,15.38,27,23,Coimbatore
2025-04-11,Other,2333.1,1913.6,15.2,26,25,Coimbatore
2025-04-12,Other,1973.7,1825.5,15.43,22,19,Coimbatore
2025-04-13,Other,1221.6,997.0,14.57,16,22,Delhi
2025-04-14,Other,2408.6,2281.6,14.56,29,33,Surat
2025-04-15,Other,2224.5,2071.8,15.28,26,26,Delhi
2025-04-16,Other,2216.7,2006.0,14.52,27,34,Ahmedabad
2025-04-17,Other,2278.2,1853.2,14.38,26,24,Mumbai
2025-04-18,Other,2230.0,2011.3,14.56,26,23,Coimbatore
2025-04-19,Other,1862.4,1562.4,14.92,21,28,Mumbai
2025-04-20,Other,1222.0,1127.0,14.7,17,17,Chennai
2025-04-21,Other,2268.9,1971.1,15.1,26,27,Surat
2025-04-22,Other,2366.2,2234.3,15.39,28,26,Mumbai
2025-04-23,Other,2291.5,2025.3,15.08,24,35,Bengaluru
2025-04-24,Other,2309.1,2086.0,14.92,24,33,Ahmedabad
2025-04-25,Other,2334.8,2149.8,14.59,27,32,Coimbatore
2025-04-26,Other,1941.7,1707.6,14.34,20,29,Bengaluru
2025-04-27,Other,1224.8,1004.2,15.22,13,18,Hyderabad
2025-04-28,Other,2357.6,1810.5,15.05,28,25,Coimbatore
2025-04-29,Other,2311.7,1954.2,15.12,26,26,Pune
2025-04-30,Other,2342.9,1951.3,15.68,24,30,Delhi
2025-05-01,Other,2401.6,2151.0,15.28,25,37,Pune
2025-05-02,Other,2271.3,1728.3,14.66,26,39,Chennai
2025-05-03,Other,1839.8,1380.2,14.53,21,22,Delhi
2025-05-04,Other,1228.2,1091.7,14.94,16,22,Delhi
2025-05-05,Other,2324.2,1911.8,14.94,25,33,Surat
2025-05-06,Other,2441.6,2145.1,14.97,27,23,Coimbatore
2025-05-07,Other,2359.0,1928.5,14.9,27,33,Bengaluru
2025-05-08,Other,2290.2,1828.2,14.33,26,37,Delhi
2025-05-09,Other,2345.7,2116.2,14.53,26,34,Coimbatore
2025-05-10,Other,1836.6,1694.7,15.51,22,32,Pune
2025-05-11,Other,1294.2,1027.7,15.51,17,16,Coimbatore
2025-05-12,Other,2410.4,1963.0,15.41,27,25,Surat
2025-05-13,Other,2320.5,1740.4,14.99,28,24,Delhi
2025-05-14,Other,2461.5,1919.4,14.55,30,41,Delhi
2025-05-15,Other,2394.2,1849.0,15.55,28,25,Coimbatore
2025-05-16,Other,2407.2,2013.3,14.43,29,24,Delhi
2025-05-17,Other,1930.6,1775.1,14.94,22,26,Mumbai
2025-05-18,Other,1422.9,1100.9,14.94,19,24,Ahmedabad
2025-05-19,Other,2459.3,2062.4,14.9,27,24,Surat
2025-05-20,Other,2435.6,2303.5,14.87,25,30,Surat
2025-05-21,Other,2452.5,2029.3,14.32,29,29,Delhi
2025-05-22,Other,2409.0,2205.4,15.54,26,32,Kolkata
2025-05-23,Other,2457.2,1950.5,15.02,29,34,Mumbai
2025-05-24,Other,1944.9,1735.7,14.93,24,28,Kolkata
2025-05-25,Other,1388.9,1084.2,15.42,18,19,Delhi
2025-05-26,Other,2416.5,2289.0,15.36,29,37,Bengaluru
2025-05-27,Other,2408.2,2021.4,14.63,29,27,Hyderabad
2025-05-28,Other,2396.8,1803.5,15.42,25,30,Ahmedabad
2025-05-29,Other,2468.6,1883.4,14.74,29,40,Surat
2025-05-30,Other,2521.6,2389.5,14.27,27,38,Hyderabad
2025-05-31,Other,2049.7,1695.0,15.54,21,18,Pune
2025-06-01,Other,1323.1,1093.4,15.4,18,27,Mumbai
2025-06-02,Other,2526.9,1904.2,14.49,30,28,Mumbai
2025-06-03,Other,2432.5,2190.4,14.86,29,36,Chennai
2025-06-04,Other,2489.5,2186.1,14.92,29,39,Coimbatore
2025-06-05,Other,2401.0,2073.5,15.26,26,33,Hyderabad
2025-06-06,Other,2465.7,2175.1,14.81,30,33,Hyderabad
2025-06-07,Other,2009.4,1695.6,15.06,22,19,Surat
2025-06-08,Other,1316.9,1004.2,14.41,14,18,Delhi
2025-06-09,Other,2498.6,2277.3,15.45,26,26,Ahmedabad
2025-06-10,Other,2544.4,2210.6,14.71,28,28,Mumbai
2025-06-11,Other,2454.6,1870.4,14.77,30,25,Chennai
2025-06-12,Other,2548.0,2219.2,14.58,28,40,Ahmedabad
2025-06-13,Other,2456.3,2117.2,15.58,26,32,Bengaluru
2025-06-14,Other,2049.7,1715.2,15.51,25,21,Surat
2025-06-15,Other,1278.4,1086.8,15.74,14,17,Kolkata
2025-06-16,Other,2616.4,2000.3,15.69,29,29,Chennai
2025-06-17,Other,2562.0,2141.3,15.21,30,26,Ahmedabad
2025-06-18,Other,2456.2,2215.1,15.28,30,30,Coimbatore
2025-06-19,Other,2355.9,1959.7,15.55,25,30,Coimbatore
2025-06-20,Other,2492.3,2039.8,15.03,28,33,Mumbai
2025-06-21,Other,1917.6,1821.3,14.27,24,30,Ahmedabad
2025-06-22,Other,1441.9,1286.7,15.13,17,22,Bengaluru
2025-06-23,Other,2502.0,2019.0,14.26,27,23,Chennai
2025-06-24,Other,2421.5,1993.1,15.37,29,41,Chennai
2025-06-25,Other,2545.9,2137.2,15.13,30,33,Bengaluru
2025-06-26,Other,2527.5,2242.5,15.17,29,32,Chennai
2025-06-27,Other,2538.2,2213.3,15.13,28,39,Hyderabad
2025-06-28,Other,2008.3,1579.0,14.79,25,30,Chennai
2025-06-29,Other,1332.6,1002.1,15.54,17,16,Mumbai
2025-06-30,Other,2539.7,2378.3,15.5,27,30,Ahmedabad
2025-07-01,Other,2465.1,2192.6,14.96,30,31,Mumbai
2025-07-02,Other,2398.3,2206.6,14.5,29,27,Surat
2025-07-03,Other,2563.1,2260.0,14.79,29,29,Mumbai
2025-07-04,Other,2608.2,2089.7,15.43,27,26,Coimbatore
2025-07-05,Other,2007.1,1552.4,14.72,23,26,Surat
2025-07-06,Other,1548.2,1246.8,14.4,18,25,Chennai
2025-07-07,Other,2488.3,1971.1,15.07,28,42,Hyderabad
2025-07-08,Other,2460.2,1922.4,15.65,29,31,Kolkata
2025-07-09,Other,2445.3,2204.7,15.16,26,23,Pune
2025-07-10,Other,2581.4,2399.3,15.47,28,36,Hyderabad
2025-07-11,Other,2436.5,1899.1,14.6,26,23,Hyderabad
2025-07-12,Other,2054.5,1774.7,15.45,25,34,Delhi
2025-07-13,Other,1385.6,1129.5,14.91,19,15,Hyderabad
2025-07-14,Other,2455.9,2277.3,14.81,26,28,Mumbai
2025-07-15,Other,2545.3,2345.1,14.74,28,37,Coimbatore
2025-07-16,Other,2460.8,2337.3,14.71,30,28,Mumbai
2025-07-17,Other,2459.3,1865.0,15.54,30,27,Delhi
2025-07-18,Other,2551.6,2009.2,15.35,31,34,Bengaluru
2025-07-19,Other,2106.4,1822.7,15.55,25,20,Delhi
2025-07-20,Other,1457.9,1349.0,14.49,18,25,Ahmedabad
2025-07-21,Other,2444.4,2187.2,14.82,29,24,Pune
2025-07-22,Other,2453.1,2104.0,15.49,27,30,Hyderabad
2025-07-23,Other,2488.5,2332.8,15.25,29,43,Pune
2025-07-24,Other,2503.0,2302.4,14.35,28,26,Bengaluru
2025-07-25,Other,2424.6,2126.8,14.92,25,37,Hyderabad
2025-07-26,Other,2054.2,1883.9,15.4,24,35,Ahmedabad
2025-07-27,Other,1424.6,1204.3,14.76,18,25,Kolkata
2025-07-28,Other,2381.2,2028.5,15.26,26,34,Chennai
2025-07-29,Other,2428.5,1936.2,14.91,29,35,Ahmedabad
2025-07-30,Other,2454.2,1844.5,14.3,28,27,Bengaluru
2025-07-31,Other,2480.2,2127.8,15.12,26,35,Bengaluru
2025-08-01,Other,2598.1,2288.8,15.41,31,33,Pune
2025-08-02,Other,2026.0,1703.0,15.37,22,29,Ahmedabad
2025-08-03,Other,1369.7,1244.3,14.83,17,18,Bengaluru
2025-08-04,Other,2498.8,2187.1,15.64,27,39,Bengaluru
2025-08-05,Other,2464.8,1854.5,15.7,27,36,Delhi
2025-08-06,Other,2505.8,2295.9,15.26,27,33,Delhi
2025-08-07,Other,2521.6,1952.7,15.03,29,25,Delhi
2025-08-08,Other,2559.7,1942.5,15.34,31,38,Hyderabad
2025-08-09,Other,2012.4,1752.9,14.64,21,17,Delhi
2025-08-10,Other,1520.2,1340.2,15.04,20,26,Surat
2025-08-11,Other,2543.3,1979.1,14.82,30,35,Delhi
2025-08-12,Other,2447.1,1842.5,15.29,28,32,Ahmedabad
2025-08-13,Other,2622.8,2384.1,14.41,27,26,Hyderabad
2025-08-14,Other,2510.6,2201.3,14.79,30,31,Delhi
2025-08-15,Other,2441.7,2277.1,14.72,25,32,Delhi
2025-08-16,Other,2117.1,1847.6,14.36,23,24,Kolkata
2025-08-17,Other,1549.6,1326.1,15.17,16,20,Kolkata
2025-08-18,Other,2492.7,2313.0,15.39,30,44,Coimbatore
2025-08-19,Other,2465.5,2108.1,14.39,26,29,Mumbai
2025-08-20,Other,2486.6,2161.3,14.51,27,35,Coimbatore
2025-08-21,Other,2541.0,2030.0,15.71,30,25,Pune
2025-08-22,Other,2576.1,2437.8,15.24,29,28,Mumbai
2025-08-23,Other,2058.7,1630.3,15.5,23,31,Hyderabad
2025-08-24,Other,1436.0,1126.9,15.54,18,27,Delhi
2025-08-25,Other,2593.6,2055.4,15.09,28,38,Chennai
2025-08-26,Other,2486.6,2220.6,14.36,30,25,Mumbai
2025-08-27,Other,2568.9,2046.4,15.59,28,23,Surat
2025-08-28,Other,2491.6,2358.7,15.1,29,30,Delhi
2025-08-29,Other,2536.6,2162.5,15.43,27,24,Chennai
2025-08-30,Other,2027.2,1745.9,15.69,21,29,Ahmedabad
2025-08-31,Other,1433.6,1155.3,14.5,15,19,Hyderabad
2025-09-01,Other,2494.2,1922.9,14.49,29,30,Ahmedabad
2025-09-02,Other,2599.8,2110.6,14.26,27,24,Hyderabad
2025-09-03,Other,2477.4,1911.0,14.36,30,26,Coimbatore
2025-09-04,Other,2479.4,2012.5,15.3,27,31,Pune
2025-09-05,Other,2653.6,2269.3,15.08,28,33,Surat
2025-09-06,Other,2106.0,1921.5,14.29,23,19,Mumbai
2025-09-07,Other,1303.6,1008.0,14.77,17,16,Delhi
2025-09-08,Other,2500.7,1920.3,15.58,26,21,Pune
2025-09-09,Other,2428.8,1931.0,15.65,25,37,Chennai
2025-09-10,Other,2483.6,2091.0,15.24,27,36,Chennai
2025-09-11,Other,2355.5,1872.9,15.55,26,24,Kolkata
2025-09-12,Other,2538.8,2235.3,14.36,29,43,Bengaluru
2025-09-13,Other,1996.1,1509.0,15.1,25,36,Chennai
2025-09-14,Other,1463.0,1340.8,14.72,16,22,Mumbai
2025-09-15,Other,2460.1,2036.1,14.83,27,37,Coimbatore
2025-09-16,Other,2566.3,2405.0,14.99,30,27,Mumbai
2025-09-17,Other,2540.3,2090.4,15.29,30,44,Coimbatore
2025-09-18,Other,2659.3,2225.3,15.51,29,37,Pune
2025-09-19,Other,2658.0,2115.1,15.69,30,25,Delhi
2025-09-20,Other,2133.7,1903.4,14.88,24,36,Coimbatore
2025-09-21,Other,1455.8,1182.8,15.5,18,19,Chennai
2025-09-22,Other,2705.5,2291.7,14.3,30,38,Pune
2025-09-23,Other,2497.9,1923.6,14.58,27,22,Delhi
2025-09-24,Other,2511.6,2106.3,14.33,30,42,Bengaluru
2025-09-25,Other,2595.6,2099.0,14.25,29,25,Hyderabad
2025-09-26,Other,2740.9,2240.9,15.2,31,34,Hyderabad
2025-09-27,Other,2101.4,1675.4,14.32,25,24,Kolkata
2025-09-28,Other,1483.9,1396.6,14.79,18,17,Surat
2025-09-29,Other,2535.0,1952.5,14.73,30,24,Coimbatore
2025-09-30,Other,2683.8,2027.7,15.08,28,30,Delhi
2025-10-01,Other,2689.9,2280.0,14.32,30,33,Hyderabad
2025-10-02,Other,2685.9,2362.7,14.65,30,24,Coimbatore
2025-10-03,Other,2606.8,2072.5,14.63,29,41,Pune
2025-10-04,Other,2103.4,1792.5,15.26,24,26,Mumbai
2025-10-05,Other,1440.6,1265.7,14.34,19,17,Surat
2025-10-06,Other,2668.3,2012.6,14.57,28,24,Pune
2025-10-07,Other,2605.0,2008.5,15.03,31,25,Coimbatore
2025-10-08,Other,2605.8,2393.7,14.42,30,40,Coimbatore
2025-10-09,Other,2657.8,2236.0,14.77,32,46,Delhi
2025-10-10,Other,2660.9,2429.3,14.94,30,41,Mumbai
2025-10-11,Other,2151.3,1786.1,15.58,24,30,Kolkata
2025-10-12,Other,1573.5,1377.5,14.68,18,24,Delhi
2025-10-13,Other,2716.7,2225.4,15.06,32,44,Ahmedabad
2025-10-14,Other,2702.2,2450.7,14.5,29,41,Mumbai
2025-10-15,Other,2738.1,2516.5,15.67,31,27,Coimbatore
2025-10-16,Other,2675.5,2449.9,14.83,30,29,Ahmedabad
2025-10-17,Other,2749.3,2269.0,14.69,30,30,Bengaluru
2025-10-18,Other,2236.1,2000.2,15.32,26,23,Surat
2025-10-19,Other,1486.6,1393.1,15.66,18,17,Mumbai
2025-10-20,Other,2827.5,2326.1,14.8,29,43,Coimbatore
2025-10-21,Other,2723.4,2069.6,15.19,28,42,Surat
2025-10-22,Other,2790.4,2288.2,14.96,31,34,Mumbai
2025-10-23,Other,2863.7,2225.2,14.92,31,38,Hyderabad
2025-10-24,Other,2858.4,2379.8,14.39,34,28,Kolkata
2025-10-25,Other,2278.5,2137.4,14.64,24,30,Chennai
2025-10-26,Other,1590.4,1276.8,14.9,19,21,Bengaluru
2025-10-27,Other,2887.6,2648.5,14.88,33,33,Ahmedabad
2025-10-28,Other,2880.8,2194.7,14.89,31,29,Bengaluru
2025-10-29,Other,2813.0,2298.6,15.61,30,38,Chennai
2025-10-30,Other,2812.2,2215.0,15.36,32,35,Bengaluru
2025-10-31,Other,2745.6,2359.0,15.61,30,30,Chennai
2025-11-01,Other,2340.8,1985.8,14.65,24,21,Hyderabad
2025-11-02,Other,1646.7,1556.9,14.92,17,18,Kolkata
2025-11-03,Other,2969.1,2386.1,14.5,31,34,Surat
2025-11-04,Other,2933.0,2319.5,15.38,34,45,Surat
2025-11-05,Other,3002.3,2630.4,14.4,35,32,Surat
2025-11-06,Other,2891.3,2413.2,15.24,32,35,Chennai
2025-11-07,Other,3012.4,2341.6,14.34,34,34,Mumbai
2025-11-08,Other,2360.6,2110.8,15.51,28,30,Ahmedabad
2025-11-09,Other,1741.8,1499.7,14.78,19,20,Coimbatore
2025-11-10,Other,2890.5,2488.8,15.63,30,40,Chennai
2025-11-11,Other,3003.7,2642.5,15.75,33,32,Surat
2025-11-12,Other,2882.2,2496.2,14.48,33,47,Surat
2025-11-13,Other,2997.1,2594.9,14.51,34,30,Bengaluru
2025-11-14,Other,3051.5,2606.6,15.19,32,31,Kolkata
2025-11-15,Other,2427.5,2148.9,14.48,27,24,Hyderabad
2025-11-16,Other,1679.5,1322.0,15.64,22,29,Pune
2025-11-17,Other,3112.6,2852.9,14.43,32,45,Surat
2025-11-18,Other,3068.2,2786.9,15.04,34,32,Hyderabad
2025-11-19,Other,3057.6,2788.1,15.41,32,45,Pune
2025-11-20,Other,3102.3,2447.6,15.71,35,33,Coimbatore
2025-11-21,Other,3270.8,2933.2,15.06,34,33,Kolkata
2025-11-22,Other,2599.5,2100.1,14.41,30,37,Ahmedabad
2025-11-23,Other,1863.3,1692.5,15.14,20,24,Chennai
2025-11-24,Other,3178.2,2850.5,14.74,36,51,Surat
2025-11-25,Other,3175.4,2672.5,15.15,36,36,Mumbai
2025-11-26,Other,3035.1,2487.8,15.31,31,43,Surat
2025-11-27,Other,3151.8,2958.7,15.74,35,34,Ahmedabad
2025-11-28,Other,3177.4,2890.5,14.96,37,46,Hyderabad
2025-11-29,Other,2494.2,1928.7,15.29,28,37,Pune
2025-11-30,Other,1778.6,1480.9,14.89,21,26,Ahmedabad
2025-12-01,Other,3129.2,2738.0,15.09,33,43,Hyderabad
2025-12-02,Other,3259.9,2551.9,14.96,35,52,Hyderabad
2025-12-03,Other,3325.6,2819.5,14.31,38,32,Coimbatore
2025-12-04,Other,3357.3,2737.2,14.86,37,47,Chennai
2025-12-05,Other,3330.2,3113.0,14.65,35,36,Coimbatore
2025-12-06,Other,2629.7,2441.8,14.85,28,25,Surat
2025-12-07,Other,1789.6,1621.4,14.92,23,20,Delhi
2025-12-08,Other,3243.9,2454.6,14.78,33,40,Ahmedabad
2025-12-09,Other,3288.1,2987.2,14.49,36,33,Hyderabad
2025-12-10,Other,3325.8,2778.9,14.61,36,47,Hyderabad
2025-12-11,Other,3384.6,2851.5,15.05,35,33,Chennai
2025-12-12,Other,3348.5,2863.3,14.64,36,31,Pune
2025-12-13,Other,2792.6,2574.5,14.97,29,40,Kolkata
2025-12-14,Other,1951.7,1519.6,14.44,21,28,Mumbai
2025-12-15,Other,3455.8,2910.7,15.64,37,30,Hyderabad
2025-12-16,Other,3539.0,2835.0,15.06,37,49,Mumbai
2025-12-17,Other,3415.3,2644.2,15.49,37,54,Delhi
2025-12-18,Other,3526.8,3259.3,14.93,37,31,Chennai
2025-12-19,Other,3516.5,3184.9,15.02,38,46,Delhi
2025-12-20,Other,2840.1,2358.7,14.96,29,23,Kolkata
2025-12-21,Other,2081.1,1930.4,14.65,26,24,Chennai
2025-12-22,Other,3617.5,2928.9,15.25,40,46,Chennai
2025-12-23,Other,3523.9,2928.1,15.6,36,42,Coimbatore
2025-12-24,Other,3585.7,3327.6,15.44,39,56,Kolkata
2025-12-25,Other,3629.5,3218.5,14.31,38,38,Delhi
2025-12-26,Other,3612.4,3291.9,14.53,41,55,Delhi
2025-12-27,Other,2985.7,2278.4,14.56,34,28,Kolkata
2025-12-28,Other,2108.9,1774.6,15.4,25,35,Chennai
2025-12-29,Other,3787.2,3038.8,14.54,39,45,Hyderabad
2025-12-30,Other,3601.7,3026.5,14.45,38,46,Hyderabad
2025-12-31,Other,3702.4,3161.9,15.74,40,42,Hyderabad
