material_type,weight_kg,quality,location,demand_level,historical_price,processing_cost,transportation_distance,month,seller_type,buyer_demand,material_condition,price_per_kg
Copper,254.6,High,Bengaluru,High,654.72,11.63,19.9,12,Individual,0.71,Sorted,880.11
Aluminum,104.8,High,Kolkata,High,184.32,4.58,8.8,10,Individual,0.68,Clean,253.62
Plastic,49.9,Industrial Grade,Bengaluru,Moderate,33.41,5.61,66.3,12,Business,0.83,Baled,40.52
Copper,635.6,High,Pune,High,645.78,2.56,43.4,10,Industrial Recycler,0.39,Mixed,763.38
Textile,30.4,High,Surat,Moderate,26.78,2.6,107.2,4,Industrial Recycler,0.5,Baled,28.84
Copper,121.3,Medium,Ahmedabad,Moderate,634.95,4.11,125.9,11,Industrial Recycler,0.77,Clean,678.03
Copper,201.4,Medium,Bengaluru,Low,664.56,14.86,60.0,8,Individual,0.69,Baled,580.96
Glass,192.1,High,Delhi,High,8.09,13.87,14.6,5,Industrial Recycler,0.8,Contaminated,3.2
Plastic,493.2,Industrial Grade,Bengaluru,Low,35.22,11.68,25.2,5,Municipal Collector,0.82,Mixed,30.64
Textile,248.1,Industrial Grade,Kolkata,High,26.25,2.61,18.2,8,Individual,0.74,Sorted,36.17
Textile,324.5,High,Kolkata,Moderate,25.81,13.19,145.8,5,Municipal Collector,0.8,Mixed,17.67
Cardboard,381.0,Low,Delhi,High,14.84,14.4,70.8,3,Industrial Recycler,0.48,Sorted,7.0
Cardboard,468.8,Medium,Kolkata,High,13.24,6.86,33.8,10,Industrial Recycler,0.97,Baled,12.29
Cardboard,113.5,High,Coimbatore,Moderate,14.74,13.42,139.7,2,Municipal Collector,0.52,Baled,9.12
Aluminum,53.6,Medium,Ahmedabad,High,169.22,8.93,146.8,2,Business,0.76,Baled,197.59
Cardboard,71.4,Medium,Hyderabad,Low,14.48,10.97,114.5,9,Municipal Collector,0.58,Sorted,5.6
Glass,596.4,Industrial Grade,Hyderabad,Moderate,8.07,2.27,14.3,4,Business,0.71,Baled,10.02
Aluminum,361.8,High,Coimbatore,High,184.87,5.09,15.3,6,Business,0.45,Clean,264.7
Steel,37.5,Industrial Grade,Hyderabad,Moderate,41.49,7.6,19.1,2,Municipal Collector,0.63,Contaminated,32.81
Aluminum,563.1,High,Chennai,Moderate,169.64,8.97,32.8,4,Industrial Recycler,0.43,Clean,223.61
E-waste,206.8,Medium,Coimbatore,Moderate,129.0,12.87,149.9,11,Business,0.95,Clean,138.56
Plastic,122.2,Medium,Hyderabad,Moderate,32.21,4.14,135.9,7,Municipal Collector,0.57,Mixed,23.76
E-waste,1766.4,Low,Bengaluru,Low,121.52,14.59,48.0,4,Municipal Collector,0.68,Mixed,76.18
Glass,1294.7,High,Kolkata,Low,7.46,14.49,27.8,9,Municipal Collector,0.43,Clean,3.2
Other,66.3,High,Surat,Moderate,14.0,2.52,88.9,4,Business,0.76,Contaminated,7.5
Other,178.3,Low,Hyderabad,High,14.52,10.73,62.4,5,Industrial Recycler,0.52,Sorted,7.37
Copper,902.3,High,Chennai,Low,695.06,5.45,35.9,9,Business,0.92,Mixed,616.77
Plastic,411.2,Low,Kolkata,High,36.72,14.79,48.9,12,Municipal Collector,0.67,Sorted,27.4
Cardboard,95.9,Low,Chennai,High,13.51,4.02,112.7,2,Industrial Recycler,0.45,Clean,8.83
Glass,672.8,Medium,Mumbai,Low,7.71,7.51,18.4,1,Municipal Collector,0.3,Sorted,4.06
Steel,757.6,Low,Kolkata,Low,39.15,2.13,67.0,12,Municipal Collector,0.92,Contaminated,16.94
Steel,81.6,High,Delhi,Low,44.91,6.74,11.1,3,Individual,0.98,Sorted,45.43
Aluminum,1014.3,Low,Chennai,Low,177.3,13.49,118.1,6,Individual,0.73,Contaminated,76.52
Steel,52.8,Medium,Coimbatore,High,44.9,6.32,111.8,3,Municipal Collector,0.86,Contaminated,30.9
Plastic,206.2,Low,Delhi,Low,36.77,4.89,129.5,1,Business,0.62,Contaminated,14.0
Paper,527.4,Medium,Delhi,High,12.52,2.9,45.4,6,Individual,0.55,Contaminated,7.36
Cardboard,1111.1,Industrial Grade,Chennai,Moderate,13.47,14.51,30.9,5,Business,0.38,Baled,12.21
Textile,644.6,Low,Delhi,Moderate,27.71,2.58,32.6,10,Business,0.66,Sorted,21.35
Cardboard,735.2,Medium,Pune,Moderate,14.49,13.02,50.5,10,Business,0.51,Sorted,9.03
Paper,360.4,Industrial Grade,Kolkata,Moderate,11.77,10.64,32.8,3,Industrial Recycler,0.82,Sorted,11.11
Steel,389.8,Low,Mumbai,Low,42.72,12.21,35.5,5,Business,0.53,Mixed,21.84
E-waste,77.1,Industrial Grade,Bengaluru,Low,122.55,8.7,17.3,11,Municipal Collector,0.53,Contaminated,88.38
Plastic,36.0,Low,Coimbatore,High,36.96,8.18,40.5,1,Individual,0.35,Contaminated,17.63
Textile,375.2,Medium,Hyderabad,Moderate,29.12,2.07,100.1,3,Municipal Collector,0.84,Mixed,24.37
Copper,1210.6,Industrial Grade,Coimbatore,High,645.47,13.03,41.1,9,Municipal Collector,0.86,Contaminated,626.77
Cardboard,724.4,Low,Kolkata,Low,13.94,11.67,135.1,8,Municipal Collector,0.48,Mixed,5.6
Plastic,149.9,Low,Mumbai,Moderate,33.72,5.71,16.2,8,Individual,0.52,Baled,25.66
Cardboard,107.9,High,Delhi,High,13.81,4.78,27.2,12,Individual,0.53,Contaminated,9.62
E-waste,1347.5,Industrial Grade,Delhi,High,127.31,2.25,142.2,10,Municipal Collector,0.7,Clean,195.63
E-waste,1045.8,High,Delhi,Moderate,121.98,9.1,113.4,9,Municipal Collector,0.45,Sorted,144.44
Plastic,834.0,Low,Delhi,Moderate,36.26,12.38,102.0,6,Business,0.89,Mixed,20.02
Steel,1152.1,High,Chennai,Low,39.86,13.27,67.1,11,Business,0.48,Mixed,30.1
Glass,211.4,Medium,Delhi,Moderate,7.68,12.82,114.0,5,Industrial Recycler,0.36,Mixed,3.2
Aluminum,298.5,High,Coimbatore,High,166.19,4.59,142.7,1,Business,0.41,Sorted,225.02
Steel,871.9,Industrial Grade,Ahmedabad,Low,42.71,6.8,42.2,12,Individual,0.97,Clean,47.41
Copper,145.6,Medium,Mumbai,High,639.25,14.46,103.2,10,Business,0.8,Sorted,732.62
Copper,83.8,Medium,Surat,Low,602.27,9.36,120.5,2,Industrial Recycler,0.67,Clean,594.84
Glass,215.2,High,Coimbatore,Low,8.59,3.37,124.2,7,Industrial Recycler,0.74,Baled,4.27
E-waste,385.7,Medium,Surat,High,126.25,8.04,117.3,9,Industrial Recycler,0.71,Mixed,117.34
Glass,1803.9,Medium,Hyderabad,Moderate,7.79,10.69,87.6,8,Municipal Collector,0.65,Clean,3.2
Glass,1661.0,Medium,Mumbai,High,8.49,9.75,45.6,6,Industrial Recycler,0.69,Mixed,3.7
Cardboard,199.0,Medium,Ahmedabad,High,14.33,10.98,114.9,9,Municipal Collector,0.64,Clean,9.02
Aluminum,187.6,High,Hyderabad,High,181.54,6.8,101.3,5,Municipal Collector,0.54,Sorted,246.53
Cardboard,369.3,Low,Mumbai,Low,13.31,3.57,41.5,5,Municipal Collector,0.38,Sorted,7.42
Cardboard,46.4,Medium,Mumbai,High,14.22,11.88,90.5,12,Municipal Collector,0.99,Contaminated,5.6
Plastic,156.9,Low,Mumbai,Moderate,32.45,3.65,107.7,1,Individual,0.34,Contaminated,14.0
Paper,98.3,Medium,Surat,High,11.39,7.73,73.1,5,Business,0.34,Mixed,6.45
E-waste,158.6,High,Chennai,Moderate,113.26,2.7,96.3,10,Municipal Collector,0.69,Clean,136.68
Paper,577.6,High,Surat,High,12.04,4.93,119.7,10,Municipal Collector,0.62,Contaminated,5.15
E-waste,671.4,Low,Surat,Moderate,112.31,14.48,13.7,10,Industrial Recycler,0.83,Baled,93.29
Plastic,249.3,Low,Bengaluru,High,34.72,2.03,15.9,9,Individual,0.72,Clean,33.41
Paper,403.7,High,Ahmedabad,Moderate,12.55,14.01,104.7,2,Industrial Recycler,0.74,Contaminated,4.8
Plastic,67.3,Industrial Grade,Bengaluru,Low,33.13,2.93,124.9,5,Individual,0.52,Clean,35.14
Other,123.2,Low,Mumbai,High,15.1,5.54,63.4,12,Municipal Collector,0.61,Mixed,8.38
Other,40.8,High,Surat,Low,15.42,4.98,8.8,5,Industrial Recycler,0.9,Mixed,12.29
Other,28.4,High,Bengaluru,Low,14.47,7.75,80.2,8,Business,1.0,Sorted,9.4
Textile,378.8,Industrial Grade,Delhi,Moderate,26.48,3.36,51.6,6,Industrial Recycler,0.59,Clean,34.72
E-waste,115.8,Low,Ahmedabad,Low,129.03,6.2,50.6,2,Business,0.58,Mixed,77.16
Cardboard,607.1,High,Coimbatore,Moderate,14.0,10.09,80.2,4,Municipal Collector,0.61,Baled,12.13
Aluminum,94.0,Medium,Mumbai,Low,166.43,8.3,132.7,8,Individual,0.74,Sorted,141.74
Plastic,228.6,Medium,Kolkata,Low,37.31,14.9,18.5,7,Business,0.62,Sorted,27.68
Copper,559.4,Medium,Kolkata,Low,699.95,12.85,44.6,12,Industrial Recycler,0.47,Mixed,571.69
Cardboard,869.7,Medium,Chennai,High,13.64,13.11,117.0,5,Individual,0.85,Mixed,6.11
Paper,158.4,High,Surat,Low,11.33,8.37,149.8,10,Industrial Recycler,0.68,Sorted,4.8
Glass,68.9,Low,Ahmedabad,Low,7.67,14.75,131.1,6,Municipal Collector,0.57,Baled,3.2
Textile,234.8,High,Delhi,Low,28.68,12.3,148.3,7,Municipal Collector,0.41,Sorted,21.76
Aluminum,667.2,Medium,Chennai,Low,166.04,13.84,19.5,8,Industrial Recycler,0.4,Baled,154.87
Steel,63.9,High,Surat,Moderate,40.85,3.04,62.6,12,Industrial Recycler,0.77,Mixed,39.88
Cardboard,108.1,Industrial Grade,Kolkata,Low,14.41,5.05,94.5,1,Municipal Collector,0.5,Sorted,12.12
Plastic,24.6,High,Ahmedabad,High,32.46,13.74,105.6,3,Business,0.86,Mixed,29.74
Paper,73.5,Low,Hyderabad,Moderate,11.39,10.86,64.7,9,Individual,0.42,Sorted,4.8
Other,608.7,Industrial Grade,Ahmedabad,Low,14.41,7.99,25.8,10,Individual,0.48,Baled,12.86
Aluminum,547.7,Industrial Grade,Chennai,Low,174.22,14.84,142.1,8,Individual,0.97,Sorted,194.23
Paper,155.4,Industrial Grade,Ahmedabad,High,12.14,9.43,39.4,2,Municipal Collector,0.99,Sorted,13.27
Paper,216.8,High,Surat,Moderate,12.79,14.66,117.9,11,Business,0.82,Mixed,4.8
Paper,966.0,Medium,Hyderabad,Moderate,12.51,11.82,41.3,10,Individual,0.78,Baled,8.02
Steel,555.9,High,Coimbatore,Moderate,44.75,3.71,57.9,10,Municipal Collector,0.53,Clean,52.83
Textile,249.2,Medium,Kolkata,High,26.91,12.8,137.5,9,Industrial Recycler,0.88,Contaminated,11.63
E-waste,174.1,Low,Chennai,High,123.39,4.93,114.4,3,Municipal Collector,0.77,Sorted,117.42
Textile,518.7,Low,Mumbai,Moderate,29.12,6.79,22.9,9,Business,0.48,Clean,22.03
Textile,811.9,Low,Ahmedabad,Low,27.23,14.26,94.8,1,Individual,0.73,Clean,15.17
Copper,359.1,Industrial Grade,Chennai,Low,701.58,2.48,11.6,3,Municipal Collector,0.38,Sorted,853.05
Plastic,128.6,Medium,Kolkata,Moderate,37.16,11.45,90.2,7,Industrial Recycler,0.76,Mixed,25.13
E-waste,32.3,Industrial Grade,Hyderabad,High,117.36,5.07,69.5,8,Industrial Recycler,0.99,Sorted,162.97
Glass,538.5,Low,Hyderabad,Moderate,7.48,12.71,142.6,2,Industrial Recycler,0.45,Clean,3.2
Other,1720.4,High,Bengaluru,Moderate,15.13,12.79,34.8,10,Individual,0.71,Clean,13.63
Plastic,1676.9,Low,Mumbai,Low,36.67,9.02,148.2,3,Business,0.38,Contaminated,14.0
Aluminum,263.1,Medium,Surat,Moderate,169.25,5.45,7.3,6,Individual,0.59,Clean,189.7
Copper,972.4,High,Kolkata,Moderate,696.32,8.55,20.8,10,Industrial Recycler,0.33,Mixed,713.62
Cardboard,426.9,Low,Coimbatore,Low,13.12,7.54,127.9,8,Business,0.8,Mixed,5.6
E-waste,1395.6,High,Chennai,Moderate,120.93,10.23,44.9,3,Individual,0.53,Clean,160.85
Other,71.1,Low,Chennai,Low,15.91,10.51,21.6,12,Municipal Collector,0.69,Mixed,6.0
Plastic,497.3,Industrial Grade,Pune,High,33.95,11.48,62.8,8,Municipal Collector,0.52,Mixed,37.09
Paper,695.0,Low,Chennai,Low,11.23,3.21,125.6,2,Municipal Collector,0.82,Contaminated,4.8
Steel,617.0,High,Chennai,Low,43.68,10.65,56.3,7,Industrial Recycler,0.91,Baled,41.76
Aluminum,193.8,Low,Chennai,Moderate,179.49,4.01,78.6,10,Industrial Recycler,0.89,Baled,153.8
Glass,848.7,Low,Delhi,Moderate,8.15,12.64,146.3,9,Individual,0.75,Clean,3.2
Aluminum,1242.3,Low,Mumbai,High,169.73,4.36,55.9,6,Industrial Recycler,0.76,Clean,172.11
Copper,378.0,Medium,Delhi,High,630.41,4.05,70.8,7,Individual,0.53,Clean,797.63
Other,544.9,High,Surat,High,15.39,5.54,102.7,1,Individual,0.64,Clean,17.49
E-waste,625.3,Industrial Grade,Pune,High,121.79,10.82,21.1,7,Business,0.67,Sorted,177.56
Paper,226.2,High,Coimbatore,Moderate,11.3,4.75,48.7,4,Business,0.48,Contaminated,6.15
Glass,255.5,High,Bengaluru,Moderate,8.0,11.15,60.1,3,Municipal Collector,0.88,Clean,4.36
Glass,38.3,High,Delhi,Low,7.76,3.01,71.7,1,Business,0.6,Mixed,3.56
Textile,333.3,Industrial Grade,Coimbatore,High,27.82,14.32,29.9,6,Municipal Collector,0.78,Sorted,34.12
Glass,466.8,High,Delhi,High,8.47,3.02,63.1,10,Individual,0.82,Mixed,6.78
Plastic,35.5,Low,Kolkata,High,34.17,12.09,33.1,9,Business,0.97,Contaminated,14.0
Steel,389.3,Medium,Hyderabad,High,43.05,11.88,92.3,3,Industrial Recycler,0.42,Clean,48.12
E-waste,754.8,Industrial Grade,Surat,Low,126.99,10.12,97.1,11,Municipal Collector,0.74,Baled,148.18
Steel,64.6,Industrial Grade,Mumbai,Moderate,39.14,6.58,90.8,5,Municipal Collector,0.62,Clean,47.79
Aluminum,46.5,High,Chennai,Moderate,182.31,7.0,91.1,10,Business,0.97,Sorted,214.64
Aluminum,527.3,Industrial Grade,Pune,Low,167.38,3.96,74.0,10,Individual,0.37,Baled,202.11
Glass,667.5,High,Coimbatore,Low,8.03,14.88,107.6,4,Individual,0.73,Baled,3.2
Glass,215.0,Low,Pune,Moderate,8.19,12.26,91.7,11,Municipal Collector,0.35,Sorted,3.2
Copper,812.8,Industrial Grade,Pune,Moderate,634.38,3.84,89.5,2,Individual,0.98,Sorted,875.35
Textile,60.9,Medium,Mumbai,Low,29.4,12.29,59.6,9,Business,0.77,Baled,19.23
Cardboard,32.8,High,Coimbatore,Low,13.65,14.37,49.8,6,Industrial Recycler,0.84,Mixed,5.6
Plastic,115.2,Medium,Mumbai,High,36.34,9.02,78.6,2,Business,0.67,Contaminated,24.5
Glass,105.1,Medium,Bengaluru,Moderate,8.4,12.02,125.5,3,Individual,0.42,Baled,3.2
E-waste,646.9,High,Ahmedabad,Moderate,119.02,11.73,46.3,10,Individual,0.67,Mixed,113.93
Paper,559.7,Industrial Grade,Ahmedabad,Moderate,11.84,8.54,117.8,5,Municipal Collector,0.41,Contaminated,4.8
Plastic,493.0,Medium,Pune,High,35.09,11.25,140.5,9,Municipal Collector,0.39,Sorted,33.58
Copper,292.0,Medium,Delhi,Moderate,644.92,4.89,142.2,2,Individual,0.54,Sorted,691.97
Aluminum,729.1,Industrial Grade,Hyderabad,Moderate,166.41,6.87,149.2,7,Industrial Recycler,0.95,Clean,221.33
Glass,27.2,Medium,Ahmedabad,High,7.96,11.86,125.5,12,Industrial Recycler,0.73,Contaminated,3.2
Copper,71.5,High,Kolkata,High,678.72,7.5,93.3,12,Individual,0.47,Sorted,931.09
Copper,358.3,High,Chennai,Moderate,653.75,8.5,126.3,2,Municipal Collector,0.74,Contaminated,527.89
Other,304.4,Medium,Coimbatore,Moderate,14.25,9.42,56.2,10,Municipal Collector,0.77,Contaminated,6.0
Cardboard,274.2,Low,Delhi,Low,13.72,7.03,11.3,8,Business,0.82,Clean,7.81
Glass,43.2,High,Surat,High,7.81,3.73,114.7,12,Business,0.54,Sorted,5.69
Steel,254.7,Industrial Grade,Bengaluru,Low,38.89,14.27,108.8,2,Individual,0.44,Mixed,31.22
Plastic,990.7,High,Kolkata,Moderate,33.27,11.79,41.7,8,Municipal Collector,0.55,Sorted,36.37
Aluminum,557.5,Low,Delhi,High,176.74,13.63,112.8,7,Industrial Recycler,0.98,Sorted,159.11
E-waste,460.7,Industrial Grade,Chennai,Low,129.51,7.6,66.6,12,Industrial Recycler,0.43,Sorted,148.66
Paper,1428.6,Low,Mumbai,High,11.36,11.33,69.7,5,Industrial Recycler,0.61,Clean,4.81
E-waste,535.4,High,Mumbai,Low,111.84,14.32,147.1,11,Municipal Collector,0.75,Sorted,113.4
Glass,326.5,Medium,Coimbatore,High,7.83,12.12,14.7,3,Municipal Collector,0.57,Clean,4.96
Other,264.0,High,Pune,High,14.13,3.0,69.4,6,Municipal Collector,0.56,Baled,16.73
Glass,1644.5,Low,Bengaluru,High,7.51,13.88,80.1,8,Business,0.84,Contaminated,3.2
E-waste,212.1,Medium,Hyderabad,Moderate,113.72,2.96,24.7,2,Municipal Collector,0.8,Baled,126.23
Copper,951.8,Low,Kolkata,Low,614.38,5.9,47.1,9,Business,0.8,Sorted,445.91
Steel,616.6,Low,Hyderabad,High,41.07,8.42,39.3,3,Business,0.7,Baled,37.38
E-waste,515.7,Medium,Mumbai,High,120.49,11.35,149.9,7,Business,0.84,Baled,139.48
Other,833.5,High,Ahmedabad,Moderate,15.91,6.48,103.6,8,Business,0.85,Contaminated,7.41
Other,185.7,Medium,Chennai,Moderate,14.57,4.14,27.2,9,Business,0.8,Contaminated,7.69
Glass,842.1,Low,Kolkata,Moderate,8.04,5.94,23.1,5,Individual,0.65,Clean,4.26
Steel,2348.5,Medium,Surat,Low,38.95,2.37,124.7,1,Industrial Recycler,0.75,Contaminated,19.5
Other,769.0,Low,Surat,Low,15.11,13.56,9.4,11,Municipal Collector,0.75,Contaminated,6.0
Paper,228.4,Industrial Grade,Mumbai,Low,11.88,2.78,15.6,8,Municipal Collector,0.64,Contaminated,7.83
Plastic,722.3,Low,Pune,High,34.43,6.49,148.3,12,Industrial Recycler,0.83,Baled,27.11
Cardboard,74.4,High,Chennai,High,12.99,3.83,70.2,5,Municipal Collector,0.96,Sorted,14.1
Other,895.7,Industrial Grade,Surat,High,15.0,11.92,50.3,12,Industrial Recycler,0.66,Contaminated,9.26
E-waste,212.9,Low,Delhi,High,121.6,5.13,71.3,9,Business,0.33,Mixed,91.6
Paper,25.4,Industrial Grade,Mumbai,Low,11.3,3.4,6.2,9,Municipal Collector,0.49,Baled,11.37
Glass,1199.0,Industrial Grade,Coimbatore,High,7.73,6.71,86.5,10,Municipal Collector,0.57,Sorted,6.22
E-waste,1518.5,Low,Bengaluru,Low,116.91,12.33,62.1,2,Business,0.96,Baled,87.24
Steel,1524.0,Medium,Kolkata,Low,40.88,3.78,11.6,1,Municipal Collector,0.63,Baled,41.05
E-waste,317.5,Medium,Pune,Low,122.24,7.11,51.2,10,Individual,0.89,Baled,113.61
Other,193.5,Low,Surat,Low,14.59,2.22,73.9,5,Municipal Collector,0.38,Baled,8.65
Textile,717.9,Low,Mumbai,Low,28.35,12.09,118.5,11,Municipal Collector,0.8,Clean,13.3
Other,804.1,Industrial Grade,Bengaluru,Low,15.48,9.44,40.1,11,Municipal Collector,0.43,Contaminated,6.98
E-waste,418.7,Low,Hyderabad,High,119.45,9.95,77.8,7,Municipal Collector,0.89,Mixed,90.9
Aluminum,311.3,Medium,Ahmedabad,High,178.84,14.44,59.6,9,Industrial Recycler,0.67,Baled,205.3
Cardboard,82.3,Low,Hyderabad,Low,14.99,5.88,45.5,4,Municipal Collector,0.99,Sorted,7.84
Paper,97.2,Medium,Pune,Moderate,11.57,12.34,140.4,9,Municipal Collector,0.39,Mixed,4.8
Cardboard,73.3,Industrial Grade,Mumbai,Moderate,13.66,11.28,46.7,1,Individual,0.61,Mixed,9.98
Paper,63.9,Industrial Grade,Kolkata,High,12.46,3.42,44.4,12,Industrial Recycler,0.47,Contaminated,9.31
Aluminum,882.6,Medium,Delhi,High,187.8,3.31,109.0,6,Business,0.3,Contaminated,148.94
Cardboard,632.5,Medium,Ahmedabad,Low,13.6,14.53,33.9,11,Municipal Collector,0.75,Mixed,5.6
Copper,1491.1,Medium,Bengaluru,Low,693.64,4.29,132.9,7,Business,1.0,Baled,667.92
Textile,2154.4,Industrial Grade,Coimbatore,Low,29.92,9.84,48.3,1,Industrial Recycler,0.53,Contaminated,18.87
E-waste,63.6,Industrial Grade,Mumbai,Low,124.44,6.3,122.3,4,Municipal Collector,0.75,Contaminated,94.61
Steel,770.6,High,Bengaluru,Moderate,44.2,13.66,129.1,10,Individual,0.66,Sorted,42.78
Copper,1204.1,Industrial Grade,Ahmedabad,High,637.89,2.09,140.7,6,Individual,0.61,Clean,1040.17
Paper,78.9,Low,Mumbai,Low,12.32,5.07,57.1,11,Business,0.63,Sorted,5.12
Steel,336.2,Industrial Grade,Chennai,Low,42.77,5.84,137.8,11,Industrial Recycler,0.45,Baled,44.63
Steel,49.0,Industrial Grade,Delhi,Moderate,42.25,8.12,84.6,12,Industrial Recycler,0.76,Contaminated,31.79
Plastic,457.8,Medium,Kolkata,High,32.83,13.92,57.5,12,Municipal Collector,0.88,Baled,34.01
Cardboard,1657.4,Medium,Bengaluru,Low,14.4,7.74,128.9,6,Individual,0.8,Baled,6.99
E-waste,1034.8,High,Ahmedabad,Moderate,111.51,7.94,79.4,3,Business,0.62,Baled,140.86
Paper,146.5,High,Hyderabad,Moderate,12.38,7.51,15.6,10,Business,0.68,Mixed,9.11
Aluminum,2498.4,High,Delhi,High,193.78,11.96,116.5,3,Industrial Recycler,0.75,Mixed,239.57
Textile,58.3,Low,Delhi,Moderate,28.18,10.6,104.0,2,Municipal Collector,0.76,Mixed,13.53
Glass,390.2,High,Kolkata,Low,7.36,4.89,110.5,3,Municipal Collector,0.32,Contaminated,3.2
Paper,516.3,Industrial Grade,Hyderabad,Moderate,11.4,4.02,71.8,4,Municipal Collector,0.91,Baled,12.37
Copper,513.8,High,Hyderabad,Low,644.43,9.72,14.8,4,Business,0.77,Mixed,639.17
Aluminum,458.9,Medium,Hyderabad,Moderate,167.23,13.23,36.5,9,Municipal Collector,0.65,Clean,176.37
Paper,504.0,Medium,Hyderabad,Moderate,12.04,14.81,132.1,5,Industrial Recycler,0.59,Baled,4.8
Paper,182.4,High,Delhi,Low,12.85,14.64,76.9,9,Individual,0.77,Baled,5.56
Cardboard,238.0,Low,Mumbai,Moderate,13.42,8.99,31.7,7,Individual,0.46,Mixed,5.6
Steel,458.1,Industrial Grade,Delhi,Low,40.35,7.05,81.8,9,Municipal Collector,0.53,Clean,41.73
Copper,860.5,Industrial Grade,Coimbatore,High,602.11,9.86,59.7,5,Individual,0.35,Sorted,930.95
Other,597.2,Medium,Mumbai,High,15.58,4.47,35.7,1,Industrial Recycler,0.82,Mixed,13.8
E-waste,290.9,Medium,Delhi,Low,117.71,12.08,85.1,4,Individual,0.67,Baled,113.07
Glass,1369.5,Low,Ahmedabad,Moderate,8.33,11.39,121.4,2,Municipal Collector,0.52,Sorted,3.2
Plastic,851.8,Low,Surat,Moderate,35.3,2.21,112.5,4,Business,0.71,Sorted,27.1
Textile,2202.1,Low,Hyderabad,High,28.23,5.19,87.6,7,Industrial Recycler,0.96,Contaminated,13.84
Glass,259.7,Low,Ahmedabad,Low,7.54,6.58,111.3,3,Municipal Collector,0.68,Mixed,3.2
Steel,1771.9,High,Coimbatore,High,40.2,12.95,64.8,1,Business,0.8,Baled,52.7
Aluminum,336.2,Medium,Coimbatore,Moderate,191.89,14.14,97.5,10,Industrial Recycler,0.76,Baled,198.53
Aluminum,287.9,High,Coimbatore,Low,193.75,5.57,81.8,1,Municipal Collector,0.31,Baled,213.81
Textile,1020.2,Medium,Hyderabad,High,27.35,5.28,94.9,4,Individual,0.86,Clean,30.98
Copper,858.1,Low,Hyderabad,Moderate,665.99,13.02,104.2,5,Individual,0.9,Mixed,516.26
Aluminum,1468.1,High,Kolkata,Moderate,170.54,2.12,13.1,8,Municipal Collector,0.65,Mixed,179.83
Textile,967.4,Low,Hyderabad,High,28.3,11.0,135.7,4,Business,0.49,Baled,20.56
Copper,89.1,Low,Bengaluru,Low,613.0,4.69,7.3,6,Business,0.87,Baled,442.26
Textile,1560.1,High,Surat,High,27.48,9.03,103.2,7,Individual,0.82,Sorted,30.88
Copper,576.9,Low,Hyderabad,High,697.31,12.0,54.4,2,Municipal Collector,0.58,Clean,727.12
Glass,501.3,High,Hyderabad,Moderate,7.6,6.88,85.2,6,Municipal Collector,0.71,Sorted,3.99
Textile,576.7,High,Chennai,Moderate,29.27,6.94,43.9,2,Individual,0.41,Baled,34.17
Textile,387.3,Low,Coimbatore,High,26.22,11.9,69.5,5,Business,0.36,Sorted,18.85
Textile,975.9,Industrial Grade,Chennai,Low,28.43,9.2,18.0,1,Municipal Collector,0.85,Baled,32.29
Textile,421.4,High,Chennai,Moderate,30.14,13.77,135.7,12,Municipal Collector,0.7,Sorted,28.3
Steel,278.3,Industrial Grade,Mumbai,High,41.56,2.82,76.5,5,Industrial Recycler,0.59,Contaminated,38.79
E-waste,91.9,High,Ahmedabad,Moderate,113.0,7.95,94.4,10,Individual,0.3,Sorted,130.27
Textile,139.7,Low,Ahmedabad,Moderate,28.68,12.71,67.4,6,Industrial Recycler,0.72,Baled,18.31
Paper,93.3,Low,Ahmedabad,Low,11.65,7.18,30.8,6,Individual,0.81,Baled,4.8
E-waste,307.7,Medium,Delhi,Moderate,121.77,9.33,21.5,6,Industrial Recycler,0.68,Sorted,129.44
Cardboard,1192.5,High,Ahmedabad,Low,14.78,2.9,125.5,5,Individual,0.86,Mixed,9.38
E-waste,785.4,Medium,Bengaluru,High,119.02,6.9,66.4,12,Industrial Recycler,0.72,Sorted,135.02
Other,272.5,Industrial Grade,Kolkata,Low,15.95,6.67,119.7,1,Municipal Collector,0.68,Baled,13.6
Copper,1513.1,High,Bengaluru,Low,665.08,9.32,93.8,11,Industrial Recycler,0.75,Contaminated,483.73
Glass,99.5,Industrial Grade,Mumbai,High,8.1,8.74,79.0,4,Business,0.7,Clean,6.93
E-waste,169.4,Low,Pune,Moderate,128.07,5.84,75.0,1,Individual,0.36,Mixed,91.78
Steel,327.3,Low,Hyderabad,Moderate,41.58,8.19,75.0,9,Municipal Collector,0.79,Sorted,29.05
Glass,219.3,High,Coimbatore,High,7.57,10.8,99.0,6,Business,0.99,Sorted,3.2
Plastic,521.7,Medium,Kolkata,High,34.47,5.01,144.0,7,Industrial Recycler,0.43,Baled,35.84
Textile,89.0,Industrial Grade,Ahmedabad,Low,26.72,2.06,67.3,10,Individual,0.49,Clean,28.54
Copper,88.5,High,Pune,High,687.71,5.41,71.3,4,Industrial Recycler,0.67,Baled,960.78
Glass,232.1,Industrial Grade,Pune,Moderate,8.4,10.03,127.6,6,Business,0.79,Baled,3.74
Paper,1155.5,High,Hyderabad,Moderate,11.31,6.85,22.0,5,Business,0.57,Contaminated,6.73
Other,114.6,Medium,Bengaluru,Moderate,15.35,11.01,97.1,8,Municipal Collector,1.0,Baled,8.77
Cardboard,126.8,Medium,Bengaluru,Moderate,14.82,10.05,127.1,6,Individual,0.97,Mixed,5.6
E-waste,66.4,Medium,Delhi,Moderate,118.92,11.23,76.3,11,Municipal Collector,0.42,Contaminated,73.29
Other,84.3,High,Mumbai,Moderate,14.9,4.19,83.0,4,Business,0.82,Contaminated,7.67
E-waste,246.5,High,Kolkata,High,124.99,11.84,83.6,6,Industrial Recycler,0.61,Baled,168.89
Plastic,370.0,Industrial Grade,Mumbai,Low,36.77,6.53,70.2,1,Individual,0.61,Clean,41.4
Copper,823.2,Medium,Surat,Low,679.62,10.01,67.1,11,Industrial Recycler,0.87,Contaminated,422.0
Aluminum,514.3,Low,Pune,Moderate,193.03,9.45,47.4,12,Individual,0.66,Baled,169.39
Copper,709.7,Medium,Bengaluru,High,671.99,5.25,130.6,12,Industrial Recycler,0.88,Mixed,686.34
Textile,122.0,Industrial Grade,Delhi,Low,29.7,10.24,70.5,7,Industrial Recycler,0.37,Contaminated,16.09
Cardboard,351.3,Low,Pune,Moderate,14.52,12.06,5.4,10,Municipal Collector,0.81,Sorted,6.81
E-waste,501.5,Low,Hyderabad,Low,116.6,8.43,124.6,7,Municipal Collector,0.5,Clean,82.82
Cardboard,708.1,Medium,Coimbatore,Moderate,13.91,12.19,19.4,1,Industrial Recycler,0.39,Baled,9.69
Steel,38.7,Industrial Grade,Hyderabad,High,40.67,13.47,136.9,12,Municipal Collector,0.91,Mixed,41.62
Paper,1147.9,High,Pune,Moderate,11.8,4.15,136.1,11,Business,0.51,Sorted,8.65
Plastic,378.4,Industrial Grade,Coimbatore,Low,33.47,3.73,74.1,4,Business,0.78,Clean,38.12
Aluminum,316.6,High,Bengaluru,High,186.65,6.98,15.3,8,Municipal Collector,0.37,Sorted,247.82
Glass,400.3,Low,Bengaluru,High,8.04,3.86,149.0,11,Municipal Collector,0.31,Sorted,3.2
Steel,256.8,Industrial Grade,Bengaluru,Low,40.1,7.75,94.3,7,Individual,0.93,Sorted,39.68
Steel,30.1,High,Pune,Low,40.5,3.82,50.6,7,Municipal Collector,0.36,Baled,38.75
Cardboard,218.4,Low,Hyderabad,Low,13.76,4.45,93.0,9,Industrial Recycler,0.75,Clean,5.72
Plastic,83.8,Industrial Grade,Ahmedabad,High,37.68,8.87,91.1,11,Individual,0.99,Mixed,40.49
Glass,588.3,Medium,Pune,Low,8.58,11.92,104.0,9,Municipal Collector,0.84,Mixed,3.2
Aluminum,798.4,High,Coimbatore,Moderate,173.85,7.17,142.6,1,Individual,0.8,Clean,220.98
Textile,405.1,Industrial Grade,Mumbai,High,26.67,8.65,49.9,2,Individual,0.87,Mixed,30.36
Cardboard,462.0,Low,Mumbai,Low,13.41,14.39,68.4,12,Business,0.47,Mixed,5.6
Textile,88.2,High,Mumbai,Low,26.3,11.63,112.5,11,Business,0.8,Mixed,16.4
Aluminum,186.9,Medium,Bengaluru,Moderate,173.34,12.15,23.4,6,Industrial Recycler,0.92,Mixed,157.16
Aluminum,442.9,Low,Mumbai,Moderate,179.89,10.16,146.4,12,Business,0.66,Mixed,119.7
Aluminum,240.1,Industrial Grade,Bengaluru,High,185.01,13.63,117.1,5,Industrial Recycler,0.38,Baled,279.39
Cardboard,155.4,High,Coimbatore,High,13.28,13.96,57.8,8,Individual,0.97,Clean,11.18
Aluminum,73.7,Industrial Grade,Delhi,Moderate,182.06,12.74,51.4,12,Individual,0.38,Contaminated,150.17
Aluminum,107.6,Medium,Delhi,Low,187.88,13.26,132.2,2,Business,0.52,Contaminated,107.37
Copper,123.2,Industrial Grade,Mumbai,Moderate,623.23,11.61,118.8,10,Individual,0.56,Clean,818.72
E-waste,1155.4,Medium,Coimbatore,High,122.61,9.04,8.5,7,Individual,0.79,Baled,147.11
Aluminum,61.8,Low,Mumbai,Low,177.69,14.78,34.8,2,Municipal Collector,0.97,Clean,124.03
Steel,2039.3,Low,Kolkata,High,45.19,6.84,106.6,7,Individual,0.36,Clean,40.81
Copper,79.4,Medium,Delhi,High,625.14,5.08,144.8,11,Business,0.52,Mixed,616.9
Textile,1023.1,Low,Hyderabad,Moderate,29.21,3.77,141.8,2,Industrial Recycler,0.38,Sorted,20.38
Copper,869.3,Medium,Delhi,Moderate,619.59,14.54,82.7,2,Industrial Recycler,0.52,Mixed,575.9
Paper,572.3,High,Surat,High,11.32,13.14,36.2,1,Industrial Recycler,0.8,Clean,10.3
Glass,1345.2,Industrial Grade,Mumbai,High,7.94,7.26,9.5,3,Industrial Recycler,0.82,Baled,10.06
Plastic,184.2,High,Chennai,High,33.44,12.15,13.9,1,Individual,0.44,Mixed,35.62
Textile,753.7,Low,Chennai,Low,28.65,4.57,149.6,1,Industrial Recycler,0.87,Clean,16.68
Copper,297.1,Low,Coimbatore,High,673.34,7.63,139.0,3,Municipal Collector,0.65,Clean,676.23
Textile,374.2,Industrial Grade,Bengaluru,Moderate,25.92,13.48,45.6,5,Individual,0.73,Contaminated,16.53
Plastic,491.6,Low,Coimbatore,Moderate,33.32,3.78,45.6,2,Municipal Collector,0.92,Mixed,22.2
Cardboard,190.3,Medium,Pune,High,14.92,8.3,84.0,8,Municipal Collector,0.65,Baled,11.62
Textile,348.1,Low,Surat,High,27.02,12.54,9.2,4,Industrial Recycler,0.87,Contaminated,12.62
E-waste,400.3,Low,Chennai,High,126.07,5.46,100.2,4,Individual,0.94,Baled,122.63
Aluminum,92.2,Medium,Bengaluru,Moderate,186.86,6.13,39.3,3,Industrial Recycler,0.55,Baled,202.47
Other,52.7,High,Surat,Low,16.13,12.54,126.3,4,Individual,0.68,Sorted,8.4
Steel,592.1,Industrial Grade,Hyderabad,High,38.64,8.84,36.7,10,Business,0.94,Clean,55.75
Plastic,734.0,Medium,Pune,Low,37.34,9.63,8.2,1,Individual,0.84,Sorted,31.63
Cardboard,285.4,Low,Surat,Moderate,15.07,6.19,53.8,2,Municipal Collector,0.81,Clean,10.45
Textile,234.5,Industrial Grade,Hyderabad,High,27.13,4.28,90.4,11,Industrial Recycler,0.78,Sorted,35.54
Steel,120.0,Medium,Surat,Low,44.08,6.14,31.4,1,Municipal Collector,0.73,Clean,40.12
Other,54.4,High,Chennai,High,15.33,6.15,55.3,4,Industrial Recycler,0.97,Mixed,14.07
Glass,942.0,Industrial Grade,Hyderabad,Moderate,7.5,5.34,14.8,12,Individual,0.3,Clean,8.39
Textile,95.3,Industrial Grade,Ahmedabad,High,29.47,6.88,55.9,7,Municipal Collector,0.85,Mixed,31.78
Other,109.4,Medium,Coimbatore,Moderate,14.05,5.39,7.9,5,Business,0.54,Contaminated,7.78
Textile,109.7,Medium,Pune,Low,28.92,13.61,147.9,10,Business,0.6,Clean,17.73
Steel,390.2,Industrial Grade,Pune,High,42.36,7.32,146.3,4,Business,0.95,Contaminated,37.15
Cardboard,242.2,Low,Chennai,Moderate,13.98,9.15,62.0,1,Individual,0.34,Sorted,6.51
Aluminum,868.0,Industrial Grade,Hyderabad,Moderate,174.0,4.22,8.7,2,Municipal Collector,0.36,Clean,256.14
Copper,309.1,Low,Mumbai,Moderate,636.59,7.04,98.1,2,Municipal Collector,0.57,Mixed,464.92
Steel,199.3,Industrial Grade,Ahmedabad,Moderate,39.05,5.49,37.8,5,Municipal Collector,0.83,Clean,49.95
Copper,708.4,High,Surat,Low,683.11,12.93,85.3,4,Municipal Collector,0.59,Sorted,741.79
Cardboard,1169.2,Industrial Grade,Mumbai,High,12.96,13.1,62.2,2,Municipal Collector,0.7,Baled,13.86
Cardboard,262.2,Medium,Bengaluru,Moderate,13.83,3.64,122.2,4,Individual,0.99,Clean,11.0
Textile,509.4,Medium,Pune,Low,27.5,2.87,137.6,12,Industrial Recycler,0.58,Contaminated,12.2
Glass,82.2,Low,Surat,Moderate,7.89,7.45,80.8,10,Business,0.4,Baled,3.2
Other,223.9,High,Mumbai,Low,14.43,13.41,132.6,9,Business,0.76,Clean,6.63
Other,95.0,Industrial Grade,Delhi,High,14.76,10.85,94.6,3,Industrial Recycler,0.58,Clean,16.37
Glass,401.2,Medium,Mumbai,Low,7.75,12.63,7.9,6,Municipal Collector,0.5,Clean,3.2
E-waste,1141.7,High,Ahmedabad,High,122.79,7.42,44.1,6,Industrial Recycler,0.43,Contaminated,109.93
Plastic,206.8,Industrial Grade,Coimbatore,Low,36.17,2.85,119.8,9,Industrial Recycler,0.58,Mixed,30.72
Cardboard,162.8,High,Coimbatore,High,13.69,2.66,9.8,4,Individual,0.44,Contaminated,11.84
Glass,1066.8,Industrial Grade,Coimbatore,Moderate,7.59,9.72,59.0,4,Business,0.91,Baled,5.35
Other,229.3,Low,Chennai,High,15.85,2.65,9.0,5,Industrial Recycler,0.85,Sorted,14.41
Plastic,101.2,Medium,Mumbai,Low,36.57,2.26,64.4,11,Individual,0.84,Contaminated,19.05
Aluminum,150.2,Industrial Grade,Surat,Low,192.76,9.91,37.4,1,Individual,0.8,Contaminated,150.1
Paper,532.4,Industrial Grade,Mumbai,Moderate,12.62,10.8,72.7,4,Municipal Collector,0.58,Mixed,8.72
Copper,612.0,High,Kolkata,Low,669.18,5.67,91.1,11,Industrial Recycler,0.64,Baled,716.87
Glass,232.1,Low,Mumbai,Moderate,8.51,11.95,26.7,4,Industrial Recycler,0.86,Sorted,3.2
Other,120.2,Industrial Grade,Coimbatore,Low,15.98,5.84,77.1,11,Individual,0.58,Sorted,13.64
Aluminum,276.1,Medium,Kolkata,Low,184.95,13.78,118.8,11,Individual,0.66,Sorted,165.23
Steel,330.0,Medium,Bengaluru,High,43.77,12.51,42.5,12,Municipal Collector,0.43,Sorted,46.41
Glass,492.7,High,Mumbai,Moderate,7.69,6.31,119.3,7,Individual,0.51,Contaminated,3.2
Copper,29.1,Industrial Grade,Ahmedabad,Low,637.69,13.28,77.6,4,Business,0.51,Clean,790.2
Aluminum,1298.7,Medium,Delhi,High,169.72,14.83,134.5,10,Industrial Recycler,0.9,Contaminated,127.53
Steel,634.2,High,Pune,Moderate,40.05,7.88,13.4,11,Individual,0.84,Mixed,38.8
Other,486.6,Medium,Surat,High,16.12,7.24,96.9,7,Individual,0.57,Mixed,10.3
Aluminum,295.9,Medium,Kolkata,High,186.73,2.05,7.6,4,Industrial Recycler,0.46,Sorted,229.16
Glass,1318.9,Low,Kolkata,High,7.42,2.85,49.4,10,Municipal Collector,0.96,Contaminated,3.2
E-waste,319.7,Low,Pune,Low,128.6,4.45,57.1,8,Individual,0.94,Mixed,83.57
Textile,274.6,High,Hyderabad,High,26.31,8.56,8.2,12,Individual,0.8,Contaminated,20.76
Aluminum,48.2,Industrial Grade,Surat,Low,166.17,10.5,101.0,1,Business,0.78,Sorted,188.96
Textile,22.3,Industrial Grade,Ahmedabad,High,28.58,11.04,27.2,12,Industrial Recycler,0.51,Mixed,29.51
Copper,222.9,Low,Delhi,Low,627.4,10.03,79.2,2,Individual,0.85,Baled,500.92
E-waste,1282.0,Medium,Kolkata,High,113.48,7.33,56.9,4,Industrial Recycler,0.68,Baled,136.86
Plastic,232.6,Industrial Grade,Coimbatore,High,35.42,3.44,17.9,11,Business,0.65,Sorted,51.01
Copper,320.9,High,Ahmedabad,Moderate,682.57,2.65,43.3,5,Individual,0.91,Clean,881.16
Paper,147.2,Low,Chennai,Moderate,12.28,3.8,6.4,1,Business,0.53,Sorted,8.56
E-waste,117.0,Low,Bengaluru,Moderate,115.62,14.51,63.1,2,Industrial Recycler,0.57,Clean,96.62
E-waste,364.9,Industrial Grade,Coimbatore,High,119.67,13.85,20.0,3,Individual,0.7,Contaminated,119.3
E-waste,245.0,Medium,Surat,Moderate,124.36,13.44,130.1,1,Industrial Recycler,0.92,Baled,128.79
E-waste,454.5,Industrial Grade,Coimbatore,Moderate,123.93,6.09,42.9,2,Municipal Collector,0.77,Clean,173.26
Other,1643.0,Medium,Delhi,Low,15.39,8.27,110.4,11,Business,0.75,Sorted,8.22
Steel,100.5,High,Kolkata,Low,39.14,13.3,128.5,8,Individual,0.64,Clean,32.6
Plastic,2904.0,Low,Kolkata,High,32.64,12.62,59.9,11,Individual,0.61,Sorted,25.06
Other,368.8,Industrial Grade,Pune,Moderate,13.84,11.69,147.2,2,Municipal Collector,0.58,Clean,10.67
Aluminum,713.1,High,Kolkata,Low,192.97,10.73,35.0,9,Industrial Recycler,0.55,Clean,210.68
Aluminum,137.8,Medium,Pune,Moderate,184.58,3.27,70.6,12,Municipal Collector,0.3,Mixed,163.21
Glass,125.8,Low,Chennai,Low,8.41,8.4,135.0,1,Industrial Recycler,0.82,Baled,3.2
Textile,38.6,High,Hyderabad,Low,27.81,7.11,139.9,2,Individual,0.85,Sorted,24.22
Glass,54.0,High,Ahmedabad,High,7.53,14.43,100.5,8,Business,0.65,Mixed,3.2
Cardboard,767.0,High,Kolkata,Moderate,14.71,4.26,105.3,3,Municipal Collector,0.37,Baled,15.01
Other,310.6,Low,Surat,Moderate,16.11,5.56,115.5,12,Municipal Collector,0.98,Baled,7.71
E-waste,276.0,Medium,Kolkata,Moderate,122.55,14.16,108.2,6,Industrial Recycler,0.44,Contaminated,75.56
Other,120.4,Low,Bengaluru,Low,15.5,10.28,83.7,9,Individual,0.83,Sorted,6.0
Cardboard,1009.5,Industrial Grade,Kolkata,Low,12.91,7.49,132.2,5,Municipal Collector,0.37,Baled,9.19
Textile,177.9,Medium,Hyderabad,Low,27.04,4.09,113.8,5,Business,0.48,Clean,22.08
Aluminum,536.4,Low,Pune,Low,186.9,13.28,19.9,8,Business,0.91,Contaminated,85.12
Cardboard,104.9,Industrial Grade,Coimbatore,Low,15.07,14.44,61.2,7,Industrial Recycler,0.52,Contaminated,5.6
Cardboard,649.3,High,Hyderabad,Low,13.87,13.19,131.0,10,Industrial Recycler,0.46,Clean,6.3
Glass,145.5,Medium,Bengaluru,Moderate,8.3,14.51,15.8,11,Municipal Collector,0.38,Contaminated,3.2
Aluminum,151.4,Industrial Grade,Bengaluru,Low,175.12,5.32,89.7,3,Industrial Recycler,0.8,Sorted,205.37
Steel,118.3,High,Surat,Moderate,42.34,12.27,48.7,11,Business,0.35,Contaminated,27.19
Glass,548.8,Medium,Kolkata,Low,7.48,8.98,65.3,3,Business,0.45,Contaminated,3.2
Plastic,159.3,Low,Hyderabad,Moderate,36.81,14.96,81.9,10,Industrial Recycler,0.99,Sorted,21.76
Aluminum,660.5,High,Surat,Moderate,191.11,2.52,40.4,10,Individual,0.57,Sorted,230.77
Copper,273.1,Industrial Grade,Coimbatore,Low,681.49,6.87,124.2,9,Industrial Recycler,0.61,Sorted,773.64
Aluminum,571.4,Low,Chennai,Moderate,180.96,12.05,145.9,3,Business,0.74,Contaminated,95.97
Plastic,1153.3,Medium,Kolkata,High,34.64,11.64,132.4,12,Individual,0.87,Mixed,27.12
Copper,26.5,Medium,Coimbatore,Moderate,624.2,4.31,15.6,2,Industrial Recycler,0.35,Clean,664.31
Plastic,1135.9,Low,Delhi,Moderate,32.86,7.06,50.9,7,Municipal Collector,0.3,Mixed,21.17
Other,870.3,High,Pune,High,14.52,12.23,20.4,9,Business,0.36,Baled,14.45
E-waste,258.8,Industrial Grade,Ahmedabad,Low,117.91,3.77,82.4,3,Business,0.86,Mixed,116.28
Cardboard,466.2,Low,Coimbatore,Moderate,12.97,3.84,131.8,9,Industrial Recycler,0.7,Contaminated,5.6
Textile,283.3,High,Hyderabad,High,26.4,13.07,136.3,7,Industrial Recycler,0.43,Sorted,25.7
Other,421.5,Low,Surat,High,16.19,14.12,128.5,1,Individual,0.62,Contaminated,6.0
Cardboard,1502.6,High,Mumbai,Low,15.01,9.55,33.6,2,Business,0.55,Sorted,12.15
Plastic,741.1,High,Hyderabad,Low,35.89,6.27,75.4,6,Business,0.79,Sorted,35.37
Steel,824.4,Low,Coimbatore,Moderate,43.61,4.88,40.7,6,Individual,0.61,Sorted,34.78
Glass,296.9,Medium,Ahmedabad,Moderate,7.5,8.33,117.3,6,Municipal Collector,0.75,Sorted,3.2
Copper,169.1,Low,Mumbai,Low,605.84,2.99,133.5,12,Individual,0.31,Contaminated,304.82
Cardboard,95.0,High,Surat,Low,14.1,9.17,136.4,4,Municipal Collector,1.0,Baled,7.68
E-waste,178.9,Medium,Surat,Moderate,120.02,3.74,129.3,12,Individual,0.36,Sorted,122.16
Glass,29.3,High,Kolkata,Low,8.57,4.33,69.7,3,Individual,0.76,Contaminated,3.2
Steel,423.9,Industrial Grade,Ahmedabad,High,38.93,6.8,14.1,4,Individual,0.44,Sorted,57.51
Glass,546.9,Industrial Grade,Coimbatore,Moderate,8.03,11.15,52.0,11,Business,0.88,Mixed,3.2
Paper,25.5,Medium,Pune,Low,12.03,12.86,99.7,10,Municipal Collector,0.56,Mixed,4.8
Plastic,93.6,Industrial Grade,Ahmedabad,Moderate,34.66,13.47,6.0,10,Municipal Collector,0.46,Sorted,39.82
Cardboard,566.9,Low,Bengaluru,High,14.36,12.62,92.3,6,Individual,0.59,Contaminated,5.6
Glass,116.4,High,Ahmedabad,Low,7.89,10.41,90.7,4,Municipal Collector,0.47,Mixed,3.2
Steel,261.6,Medium,Surat,Low,39.85,5.36,13.1,3,Business,0.97,Contaminated,23.85
Other,385.9,High,Ahmedabad,High,14.21,13.27,149.0,10,Individual,0.88,Sorted,9.28
Other,482.1,Medium,Bengaluru,High,15.23,13.99,104.4,12,Industrial Recycler,0.35,Baled,10.26
Textile,160.8,Industrial Grade,Hyderabad,High,27.64,8.56,129.6,9,Business,0.4,Contaminated,18.33
Copper,239.8,Medium,Kolkata,Low,666.58,3.21,114.1,9,Business,0.93,Mixed,504.79
Cardboard,654.8,High,Pune,Low,14.98,7.58,106.2,1,Municipal Collector,0.64,Mixed,8.24
Textile,343.2,Low,Delhi,Low,29.84,11.96,41.9,3,Business,0.36,Baled,16.85
Other,564.8,Industrial Grade,Coimbatore,High,14.7,8.76,80.8,10,Business,0.44,Sorted,15.78
Glass,141.0,Industrial Grade,Delhi,High,8.05,5.4,89.9,11,Individual,0.7,Sorted,6.9
Other,35.8,Low,Kolkata,High,15.13,6.81,75.0,9,Municipal Collector,0.48,Mixed,6.83
Paper,46.4,Low,Chennai,Low,12.86,12.18,38.3,12,Individual,0.37,Mixed,4.8
Cardboard,363.0,Industrial Grade,Bengaluru,Low,13.08,2.07,144.9,7,Business,0.4,Sorted,9.57
Other,756.8,Industrial Grade,Hyderabad,High,14.72,2.49,16.6,6,Industrial Recycler,0.99,Clean,22.27
Other,76.4,Low,Ahmedabad,High,16.03,13.06,6.6,8,Individual,0.66,Baled,9.67
Plastic,362.1,High,Surat,Low,35.87,6.68,102.7,3,Individual,0.98,Baled,35.3
Copper,603.0,Low,Delhi,Moderate,671.18,2.2,34.0,10,Municipal Collector,0.94,Mixed,463.23
Cardboard,874.9,Low,Pune,Low,13.9,14.52,37.8,5,Industrial Recycler,0.58,Baled,5.6
Aluminum,823.3,Low,Kolkata,Moderate,168.97,6.42,78.0,2,Business,0.66,Contaminated,91.81
Paper,466.1,Low,Hyderabad,Moderate,11.92,7.97,144.4,6,Municipal Collector,0.71,Mixed,4.8
Aluminum,243.9,Industrial Grade,Delhi,Moderate,185.79,4.86,119.4,11,Business,0.86,Clean,245.25
Textile,410.3,Low,Mumbai,Low,29.11,7.19,46.7,4,Business,0.54,Baled,18.86
Cardboard,1051.6,Medium,Hyderabad,Moderate,14.41,14.31,44.0,10,Industrial Recycler,0.94,Mixed,6.33
E-waste,557.6,Medium,Mumbai,Low,126.46,12.85,38.2,4,Individual,0.55,Contaminated,77.51
Copper,609.3,High,Surat,Low,602.4,9.04,115.8,1,Municipal Collector,0.64,Clean,689.03
Other,356.1,Low,Ahmedabad,Low,14.47,13.91,147.7,3,Industrial Recycler,0.46,Mixed,6.0
Other,145.0,Medium,Ahmedabad,Low,15.86,6.51,9.7,9,Municipal Collector,0.84,Clean,12.34
E-waste,37.3,High,Coimbatore,Moderate,112.33,6.93,102.7,1,Industrial Recycler,0.55,Baled,133.65
Paper,617.7,Medium,Mumbai,Moderate,11.39,6.46,144.0,8,Individual,0.6,Baled,5.56
Textile,1791.2,Low,Ahmedabad,Moderate,28.83,14.73,87.9,3,Industrial Recycler,0.87,Sorted,17.55
Paper,1463.6,Medium,Hyderabad,Moderate,11.95,11.6,121.0,3,Municipal Collector,0.31,Baled,5.91
Textile,950.7,Industrial Grade,Ahmedabad,Low,25.97,13.16,41.4,5,Industrial Recycler,0.37,Contaminated,14.54
Steel,212.2,High,Chennai,Moderate,41.06,5.38,113.0,8,Municipal Collector,0.69,Contaminated,25.89
Paper,84.2,Low,Pune,Moderate,12.15,4.59,144.7,11,Business,0.75,Clean,4.8
Steel,60.0,Low,Ahmedabad,Moderate,42.89,5.72,60.3,2,Municipal Collector,0.4,Sorted,31.66
Steel,665.1,Low,Chennai,Low,40.77,4.97,28.5,2,Municipal Collector,0.5,Mixed,25.61
Paper,53.8,Industrial Grade,Surat,Moderate,11.39,7.38,145.0,9,Industrial Recycler,0.32,Sorted,7.14
Plastic,802.0,Low,Delhi,High,34.85,14.18,18.9,2,Individual,0.34,Clean,28.93
Textile,211.9,High,Chennai,Moderate,26.79,7.07,140.1,11,Individual,0.82,Clean,27.27
E-waste,498.4,Medium,Coimbatore,Low,116.64,13.18,101.2,1,Individual,0.63,Contaminated,67.33
Cardboard,152.6,Low,Kolkata,Moderate,14.56,7.94,90.7,3,Individual,0.91,Baled,7.36
Textile,821.7,Low,Chennai,Moderate,26.46,7.36,49.6,8,Individual,0.31,Sorted,18.04
Cardboard,3111.1,Medium,Kolkata,Moderate,14.57,8.4,104.7,1,Municipal Collector,0.51,Sorted,10.3
Textile,277.0,Low,Kolkata,High,27.72,13.47,32.3,6,Business,0.47,Baled,20.56
Textile,346.8,Industrial Grade,Delhi,Moderate,29.84,11.94,39.7,11,Business,0.87,Contaminated,20.82
Paper,2090.2,Low,Hyderabad,Moderate,12.26,5.76,31.4,2,Municipal Collector,0.73,Baled,8.27
Paper,751.1,Industrial Grade,Bengaluru,Moderate,12.91,2.29,145.6,1,Business,0.5,Contaminated,6.18
Steel,688.9,Industrial Grade,Bengaluru,High,40.73,6.44,76.6,1,Business,0.86,Clean,59.45
Glass,156.4,Industrial Grade,Bengaluru,Moderate,8.06,7.1,43.6,1,Business,0.43,Clean,7.14
Paper,189.3,Industrial Grade,Delhi,High,11.42,14.93,40.8,8,Individual,0.81,Clean,9.93
Copper,195.7,Medium,Pune,Moderate,695.49,2.55,96.2,3,Industrial Recycler,0.66,Mixed,623.2
Paper,589.2,Industrial Grade,Coimbatore,High,12.26,3.47,36.6,11,Industrial Recycler,0.53,Sorted,15.52
Steel,143.1,Low,Hyderabad,High,43.28,9.55,145.5,1,Municipal Collector,0.78,Baled,34.45
Steel,1076.5,Low,Ahmedabad,High,45.16,6.4,104.5,2,Individual,0.83,Clean,41.16
Aluminum,1467.8,High,Kolkata,Low,193.87,5.02,23.2,2,Individual,0.85,Sorted,226.83
Glass,111.4,Industrial Grade,Pune,High,7.98,13.68,24.5,12,Municipal Collector,0.61,Contaminated,3.2
Paper,2384.7,Industrial Grade,Kolkata,Low,12.71,8.09,51.9,6,Individual,0.72,Contaminated,5.81
Cardboard,379.4,Medium,Ahmedabad,Low,13.9,9.04,123.8,5,Individual,0.84,Clean,7.1
Cardboard,151.1,Industrial Grade,Surat,High,15.05,2.82,51.5,4,Industrial Recycler,0.87,Contaminated,12.42
Plastic,123.2,Industrial Grade,Pune,High,35.13,3.44,97.9,7,Industrial Recycler,0.35,Baled,47.78
Steel,776.1,Medium,Ahmedabad,High,44.26,9.42,19.3,4,Business,0.76,Clean,53.17
Cardboard,1758.5,Low,Surat,Moderate,13.35,14.09,15.3,12,Individual,0.64,Clean,6.19
Copper,1096.2,Industrial Grade,Pune,Moderate,653.02,10.02,13.5,12,Municipal Collector,0.81,Clean,925.98
Paper,729.9,High,Chennai,Low,11.41,7.01,38.5,12,Business,0.76,Contaminated,4.8
Other,615.4,Medium,Chennai,Low,15.49,10.77,88.6,11,Municipal Collector,0.6,Baled,8.1
Copper,147.1,Medium,Kolkata,Low,660.39,8.94,100.3,6,Municipal Collector,0.95,Contaminated,398.05
Glass,146.7,Low,Pune,Moderate,7.84,9.09,39.9,10,Municipal Collector,0.69,Sorted,3.2
Paper,453.9,Low,Coimbatore,Moderate,11.07,5.7,10.0,12,Municipal Collector,0.39,Mixed,5.82
Paper,68.0,High,Pune,High,12.62,14.26,116.9,1,Individual,0.94,Sorted,7.91
Cardboard,89.4,Medium,Pune,High,14.18,6.77,25.1,3,Municipal Collector,0.46,Clean,14.66
Paper,1118.0,High,Chennai,Moderate,11.98,8.27,52.1,12,Individual,0.93,Baled,10.76
Other,420.2,High,Coimbatore,Low,15.67,6.96,122.2,12,Industrial Recycler,0.95,Baled,11.43
Glass,65.5,Low,Hyderabad,Moderate,7.37,9.83,99.7,12,Business,0.84,Mixed,3.2
Textile,170.4,High,Pune,Low,28.89,6.25,86.9,9,Business,0.41,Sorted,24.24
Textile,662.6,Industrial Grade,Hyderabad,Low,26.35,7.13,47.0,7,Business,0.36,Baled,27.11
Other,144.3,High,Chennai,Moderate,14.11,12.06,77.8,7,Industrial Recycler,0.39,Baled,10.21
Cardboard,594.8,Medium,Kolkata,Moderate,13.42,8.82,149.6,10,Individual,0.49,Mixed,5.6
Textile,468.7,Low,Delhi,High,27.3,4.48,58.0,7,Business,0.76,Baled,22.7
Paper,890.6,Medium,Surat,Low,11.49,14.01,68.9,3,Municipal Collector,0.78,Sorted,4.8
Steel,437.0,High,Hyderabad,Low,44.15,13.29,139.4,10,Business,0.31,Clean,38.65
Copper,175.3,Low,Pune,Moderate,654.83,4.75,112.3,4,Business,0.83,Mixed,486.3
Cardboard,557.1,Industrial Grade,Coimbatore,Low,12.98,10.63,89.5,7,Individual,0.42,Baled,8.79
Paper,970.5,Medium,Ahmedabad,Moderate,12.31,2.87,142.1,11,Business,0.76,Baled,8.3
Glass,927.0,High,Hyderabad,Moderate,8.52,11.23,78.7,7,Municipal Collector,0.64,Clean,4.29
Other,617.8,High,Kolkata,High,15.07,5.22,8.1,12,Municipal Collector,0.53,Contaminated,11.99
Textile,718.6,Medium,Pune,Moderate,30.14,14.95,48.8,11,Industrial Recycler,0.49,Clean,27.19
Aluminum,106.3,Low,Hyderabad,High,169.55,7.11,54.6,3,Industrial Recycler,0.81,Mixed,135.16
Cardboard,700.3,Medium,Delhi,High,14.09,6.28,136.9,5,Individual,0.44,Mixed,8.05
Steel,107.6,Medium,Delhi,Moderate,39.7,9.34,100.2,3,Individual,0.35,Contaminated,22.27
Cardboard,374.1,High,Coimbatore,Moderate,13.8,7.38,132.6,6,Individual,0.61,Contaminated,5.6
Paper,23.2,Medium,Bengaluru,High,11.55,9.96,115.6,1,Individual,0.7,Contaminated,4.8
Plastic,2006.6,Medium,Pune,Low,35.01,8.2,104.8,2,Business,0.72,Contaminated,15.81
Glass,519.6,Medium,Bengaluru,Moderate,8.34,2.42,33.0,3,Municipal Collector,0.31,Mixed,6.12
Paper,408.2,Industrial Grade,Hyderabad,Low,11.88,14.41,30.7,2,Individual,0.73,Contaminated,4.8
Glass,776.7,Industrial Grade,Coimbatore,Moderate,7.76,6.94,111.6,10,Municipal Collector,0.73,Contaminated,3.2
Other,409.6,High,Ahmedabad,High,15.09,5.19,132.3,1,Municipal Collector,0.99,Baled,15.66
Aluminum,1668.3,Industrial Grade,Hyderabad,Low,187.88,13.5,68.7,5,Business,0.5,Baled,234.52
Steel,1364.3,Industrial Grade,Kolkata,Low,39.25,10.4,72.2,3,Business,0.65,Sorted,41.28
Steel,74.1,Medium,Ahmedabad,Moderate,43.43,9.67,30.9,1,Industrial Recycler,0.44,Mixed,34.82
E-waste,55.1,High,Chennai,Moderate,117.37,7.84,21.6,2,Individual,0.67,Sorted,141.1
Textile,199.0,Medium,Coimbatore,Low,28.71,9.35,137.3,3,Municipal Collector,0.41,Mixed,15.64
Steel,456.3,Medium,Mumbai,Moderate,42.85,7.8,116.5,12,Industrial Recycler,0.38,Clean,41.91
Steel,232.2,Medium,Coimbatore,Low,44.07,8.48,77.2,8,Industrial Recycler,0.73,Clean,36.05
E-waste,1046.1,Medium,Ahmedabad,Low,110.53,9.82,69.1,7,Municipal Collector,0.92,Contaminated,64.11
Paper,1835.1,Medium,Coimbatore,High,11.1,3.89,55.6,11,Individual,0.7,Clean,11.02
Other,32.4,Low,Chennai,High,14.48,4.1,149.1,7,Business,0.76,Sorted,6.88
Other,31.2,Medium,Coimbatore,Low,15.95,6.2,116.4,2,Industrial Recycler,0.87,Mixed,6.69
Textile,755.7,High,Chennai,Moderate,27.61,6.28,129.6,12,Individual,0.45,Sorted,26.97
Plastic,594.9,High,Ahmedabad,Low,37.72,14.14,104.9,12,Business,0.5,Clean,33.3
Other,2945.8,Low,Bengaluru,Low,15.32,8.76,86.6,10,Industrial Recycler,0.64,Sorted,6.0
Steel,297.7,Medium,Chennai,High,43.6,12.36,72.4,1,Business,0.45,Sorted,44.88
Other,811.9,Industrial Grade,Pune,High,15.34,4.76,121.9,9,Industrial Recycler,0.78,Mixed,13.82
Paper,611.6,High,Coimbatore,Moderate,12.43,6.44,104.4,2,Industrial Recycler,0.73,Sorted,10.44
Aluminum,179.6,Medium,Ahmedabad,Moderate,179.47,10.39,120.6,8,Industrial Recycler,0.74,Contaminated,120.55
Cardboard,1526.6,Low,Kolkata,Moderate,14.12,10.82,86.9,5,Business,0.31,Mixed,5.6
Other,1457.8,Low,Mumbai,High,15.08,6.88,54.2,1,Individual,0.42,Sorted,10.35
Other,292.1,Industrial Grade,Mumbai,Low,14.45,11.23,129.4,12,Business,0.36,Contaminated,6.0
Plastic,180.3,Low,Kolkata,Moderate,32.41,6.86,30.4,5,Individual,0.44,Mixed,21.43
Copper,2086.9,Industrial Grade,Kolkata,High,674.17,14.01,32.6,3,Municipal Collector,0.67,Baled,1110.43
Glass,150.7,Medium,Hyderabad,Low,8.47,7.04,10.3,12,Individual,0.38,Clean,5.1
Paper,139.8,High,Ahmedabad,High,12.47,11.96,19.9,1,Industrial Recycler,0.32,Baled,12.35
Paper,249.8,Medium,Mumbai,High,12.33,12.05,82.2,5,Individual,0.49,Sorted,7.61
Steel,1018.9,Low,Hyderabad,High,39.59,6.14,55.8,9,Business,0.79,Clean,35.67
Paper,122.6,Medium,Surat,High,11.1,2.66,83.4,6,Industrial Recycler,0.93,Contaminated,5.16
Aluminum,1034.8,High,Delhi,High,182.67,9.75,31.0,7,Business,0.89,Mixed,214.76
E-waste,951.5,Low,Kolkata,Moderate,119.34,11.82,146.2,2,Individual,0.39,Sorted,99.5
E-waste,735.7,High,Ahmedabad,Moderate,127.6,3.87,142.4,4,Municipal Collector,0.48,Mixed,132.11
Glass,36.5,Industrial Grade,Pune,Low,7.5,2.85,75.7,8,Industrial Recycler,0.64,Contaminated,3.2
Steel,1288.2,Low,Kolkata,Low,39.36,11.29,63.8,2,Individual,0.69,Sorted,25.8
Copper,348.4,Low,Surat,Moderate,614.54,5.17,39.6,7,Municipal Collector,0.64,Baled,537.47
Copper,82.4,Low,Delhi,Low,622.56,9.08,119.2,10,Municipal Collector,0.76,Contaminated,295.49
Copper,301.3,Industrial Grade,Pune,Low,630.04,7.79,19.2,9,Municipal Collector,0.58,Clean,740.11
Other,131.9,High,Ahmedabad,Moderate,15.76,3.18,100.7,11,Industrial Recycler,0.92,Baled,14.86
Aluminum,456.1,Medium,Delhi,Moderate,185.23,4.54,88.8,10,Industrial Recycler,0.52,Contaminated,125.09
Other,176.7,Low,Chennai,Low,14.77,14.82,6.2,10,Industrial Recycler,0.39,Mixed,6.0
Paper,323.7,High,Coimbatore,Low,11.25,14.72,86.2,12,Business,0.5,Sorted,4.8
Aluminum,25.8,Medium,Pune,Low,181.3,6.96,60.5,12,Municipal Collector,0.76,Mixed,134.99
E-waste,346.9,Medium,Pune,Low,123.27,14.97,27.4,7,Municipal Collector,0.39,Contaminated,67.95
Copper,478.2,High,Delhi,Low,641.25,10.35,17.3,3,Municipal Collector,0.62,Contaminated,489.26
Other,1003.5,Industrial Grade,Kolkata,High,14.65,7.85,85.0,7,Municipal Collector,0.43,Baled,16.67
Other,776.7,High,Kolkata,Moderate,14.68,9.1,64.6,5,Individual,0.98,Baled,13.58
Other,75.4,Industrial Grade,Chennai,High,15.86,8.84,110.9,3,Municipal Collector,0.83,Sorted,16.86
Paper,158.6,Industrial Grade,Hyderabad,High,12.32,10.63,96.4,8,Business,0.78,Baled,11.72
Cardboard,626.1,Low,Kolkata,High,13.93,8.66,73.0,1,Industrial Recycler,0.81,Baled,8.46
Textile,430.1,Low,Coimbatore,Moderate,29.02,11.74,138.8,12,Individual,0.69,Sorted,15.64
Aluminum,235.9,Industrial Grade,Mumbai,High,167.98,5.73,95.5,12,Business,0.65,Baled,252.75
Paper,36.9,Low,Mumbai,Low,11.38,3.45,7.1,5,Industrial Recycler,0.71,Contaminated,4.8
Steel,91.2,Industrial Grade,Hyderabad,High,38.86,8.86,31.2,8,Industrial Recycler,0.99,Sorted,50.46
Steel,439.1,Medium,Hyderabad,Moderate,40.06,10.29,68.8,11,Municipal Collector,0.81,Mixed,31.08
Glass,131.7,High,Bengaluru,High,8.32,5.92,62.8,8,Business,0.83,Sorted,6.86
Cardboard,111.7,Medium,Ahmedabad,Low,12.91,13.31,26.0,5,Municipal Collector,0.95,Mixed,5.6
E-waste,632.9,Industrial Grade,Chennai,Low,118.69,14.43,97.4,9,Business,0.94,Sorted,126.63
Paper,36.0,Low,Mumbai,Moderate,12.34,7.99,89.7,11,Business,0.47,Sorted,4.8
Other,1043.9,Medium,Pune,Moderate,13.96,2.11,6.5,9,Individual,0.59,Baled,14.29
Cardboard,646.0,High,Mumbai,Moderate,13.09,2.31,33.0,5,Individual,0.96,Mixed,12.12
Plastic,863.2,High,Delhi,High,36.7,10.42,115.8,11,Individual,0.43,Clean,46.25
Copper,61.8,Medium,Chennai,Moderate,678.01,14.94,70.7,11,Municipal Collector,0.78,Sorted,688.76
Glass,869.9,Low,Coimbatore,High,7.69,14.95,61.3,7,Industrial Recycler,0.87,Contaminated,3.2
Steel,321.0,Industrial Grade,Surat,Moderate,39.61,8.4,30.9,7,Individual,0.84,Clean,50.78
Plastic,677.6,High,Chennai,Low,33.6,9.43,15.6,1,Industrial Recycler,0.61,Mixed,29.38
E-waste,62.6,Medium,Mumbai,High,121.43,13.76,106.5,3,Municipal Collector,0.66,Clean,141.66
E-waste,799.6,Industrial Grade,Kolkata,Moderate,126.11,14.4,5.5,4,Business,0.64,Mixed,143.62
Other,557.5,Low,Delhi,Low,14.02,14.46,96.7,1,Industrial Recycler,0.67,Sorted,6.0
Glass,655.1,High,Bengaluru,Moderate,7.6,6.99,10.7,9,Individual,0.79,Mixed,4.75
Copper,149.7,Low,Hyderabad,High,701.62,2.33,10.2,3,Municipal Collector,0.47,Mixed,570.94
Textile,590.1,High,Ahmedabad,Low,30.09,12.55,144.9,9,Industrial Recycler,0.31,Baled,23.83
Glass,57.5,High,Delhi,Low,8.03,10.5,35.7,2,Business,0.96,Sorted,3.57
Cardboard,669.5,Medium,Coimbatore,High,13.94,10.5,25.5,12,Business,0.94,Baled,12.42
Aluminum,698.8,Medium,Coimbatore,High,183.2,3.26,124.0,5,Individual,0.88,Contaminated,138.97
Copper,251.8,High,Chennai,Moderate,700.15,12.55,66.8,4,Individual,0.77,Clean,904.53
Glass,2217.0,High,Pune,Low,7.79,9.71,115.8,4,Individual,0.38,Baled,3.2
Steel,666.0,Industrial Grade,Kolkata,Low,38.91,14.03,68.6,3,Industrial Recycler,0.37,Contaminated,25.89
Other,353.4,Industrial Grade,Chennai,High,15.5,14.04,6.0,1,Municipal Collector,0.72,Contaminated,9.47
Paper,468.7,Industrial Grade,Hyderabad,Low,11.83,8.8,97.8,3,Individual,0.96,Mixed,5.8
Other,1237.3,High,Surat,High,14.63,12.17,95.9,2,Municipal Collector,0.3,Baled,14.21
Plastic,519.2,Medium,Surat,Low,35.04,14.83,130.1,6,Business,0.62,Clean,24.18
Plastic,680.5,Low,Bengaluru,High,34.99,13.85,127.3,11,Business,0.41,Clean,26.02
Aluminum,1218.6,High,Delhi,Moderate,187.44,12.47,53.5,5,Individual,0.33,Sorted,230.65
Aluminum,119.0,Medium,Kolkata,High,178.41,5.06,15.3,2,Municipal Collector,0.71,Contaminated,142.62
Textile,358.9,Medium,Pune,High,29.66,11.59,19.2,4,Business,0.56,Sorted,31.21
Plastic,162.0,High,Coimbatore,Low,34.75,14.06,26.0,7,Municipal Collector,0.57,Mixed,24.92
Steel,381.6,Industrial Grade,Mumbai,Low,42.46,2.42,53.7,4,Industrial Recycler,0.5,Contaminated,32.64
Copper,242.5,Industrial Grade,Pune,Moderate,680.11,9.85,133.5,4,Individual,0.75,Mixed,774.11
Other,268.0,Medium,Chennai,Low,16.19,8.36,129.3,7,Individual,0.71,Baled,8.29
E-waste,1763.6,Low,Hyderabad,Low,127.52,9.53,52.5,4,Municipal Collector,0.71,Clean,102.92
Steel,216.7,High,Ahmedabad,High,42.21,2.44,116.4,12,Business,0.64,Mixed,44.07
Copper,762.4,Industrial Grade,Kolkata,High,620.67,7.29,105.5,1,Business,0.55,Mixed,795.48
Plastic,58.2,High,Bengaluru,Moderate,35.47,9.41,71.6,12,Industrial Recycler,0.98,Clean,38.34
E-waste,113.0,Medium,Ahmedabad,High,111.76,13.18,96.8,12,Industrial Recycler,0.93,Mixed,99.69
Glass,902.7,High,Surat,Moderate,8.24,4.69,88.4,9,Industrial Recycler,0.73,Sorted,5.53
Glass,301.8,High,Coimbatore,Low,7.41,8.05,60.5,2,Industrial Recycler,0.56,Baled,3.54
Cardboard,633.4,High,Bengaluru,Low,13.95,3.48,39.6,6,Individual,0.96,Baled,12.77
Other,111.4,Medium,Mumbai,Moderate,13.95,5.6,103.6,9,Industrial Recycler,0.54,Contaminated,6.0
E-waste,341.8,High,Ahmedabad,Low,123.71,10.75,58.4,10,Industrial Recycler,0.98,Mixed,108.97
Copper,949.5,Medium,Delhi,High,609.37,14.44,46.8,3,Business,0.49,Mixed,654.94
Steel,1033.5,Industrial Grade,Mumbai,High,39.53,9.04,145.6,7,Business,0.54,Contaminated,32.81
E-waste,135.2,High,Coimbatore,High,116.85,8.76,126.1,4,Business,0.71,Sorted,154.91
Glass,49.4,Industrial Grade,Ahmedabad,Low,7.75,13.68,87.3,5,Municipal Collector,0.85,Baled,3.2
Plastic,398.8,Industrial Grade,Bengaluru,Moderate,35.66,14.43,46.2,6,Business,0.41,Sorted,40.68
Cardboard,1378.1,Low,Bengaluru,High,14.17,14.92,22.0,4,Individual,0.61,Contaminated,5.6
Glass,210.0,Medium,Pune,Low,8.61,7.83,26.5,6,Business,0.67,Contaminated,3.2
Copper,100.3,High,Ahmedabad,Moderate,654.8,14.61,27.6,6,Individual,0.66,Mixed,671.2
Paper,2177.4,Industrial Grade,Surat,Low,12.36,7.75,136.5,12,Individual,0.81,Sorted,7.88
Aluminum,1032.2,Medium,Coimbatore,High,175.89,4.86,94.5,7,Industrial Recycler,0.53,Baled,214.91
Other,323.2,Medium,Mumbai,Low,14.87,9.0,8.3,4,Individual,0.77,Baled,10.32
Copper,569.6,Industrial Grade,Surat,Moderate,667.34,2.73,79.2,10,Industrial Recycler,0.58,Contaminated,620.66
Textile,95.2,Low,Mumbai,Moderate,29.68,14.71,55.9,6,Business,0.36,Mixed,13.26
E-waste,579.6,Industrial Grade,Delhi,Moderate,121.67,3.81,135.0,12,Individual,0.36,Mixed,137.03
Plastic,1771.8,Low,Chennai,Low,34.49,3.15,114.6,10,Industrial Recycler,0.94,Mixed,17.84
Textile,313.3,Medium,Hyderabad,Moderate,27.96,5.76,125.7,3,Individual,0.88,Baled,25.28
Paper,1033.0,Low,Hyderabad,Low,11.62,4.0,119.7,1,Municipal Collector,0.75,Mixed,4.8
E-waste,930.4,High,Ahmedabad,Moderate,125.08,2.37,98.5,12,Individual,0.65,Sorted,150.78
Copper,1466.7,Low,Mumbai,Moderate,683.1,14.67,104.5,11,Municipal Collector,0.56,Baled,599.06
Other,501.0,High,Bengaluru,High,14.66,11.01,71.9,6,Business,0.34,Sorted,14.42
Glass,1035.9,Industrial Grade,Mumbai,High,7.61,3.0,97.6,9,Industrial Recycler,0.74,Sorted,7.09
Copper,1356.5,Medium,Mumbai,Moderate,607.97,10.95,104.4,5,Industrial Recycler,0.71,Baled,690.01
Steel,604.8,High,Pune,Low,39.74,13.97,64.7,8,Industrial Recycler,0.45,Contaminated,19.84
Cardboard,557.8,Medium,Delhi,Low,13.17,3.52,137.8,8,Business,0.31,Contaminated,5.6
Glass,270.3,Low,Surat,High,8.27,6.45,115.7,9,Municipal Collector,0.32,Sorted,3.2
Copper,556.2,Medium,Hyderabad,Low,606.17,3.69,23.2,5,Individual,0.78,Contaminated,391.98
Copper,3740.9,High,Coimbatore,Moderate,651.4,12.31,20.6,4,Municipal Collector,0.34,Clean,906.15
Copper,782.5,Low,Coimbatore,High,619.36,13.96,118.4,2,Industrial Recycler,0.93,Clean,636.27
Steel,438.5,Low,Mumbai,High,42.0,4.09,55.4,10,Individual,0.81,Clean,38.53
Plastic,278.9,High,Kolkata,Low,33.16,14.54,108.8,4,Business,0.83,Clean,29.72
Aluminum,218.0,High,Pune,Low,193.18,7.72,90.5,12,Municipal Collector,0.43,Contaminated,136.67
Glass,738.3,Industrial Grade,Delhi,High,7.96,6.09,115.4,2,Individual,0.66,Mixed,4.84
E-waste,819.3,Low,Chennai,Low,119.17,7.0,76.6,6,Business,0.82,Sorted,89.31
E-waste,84.0,Medium,Delhi,Moderate,125.81,13.63,129.2,4,Industrial Recycler,0.96,Baled,129.03
Glass,413.2,Medium,Chennai,Low,7.47,10.56,68.5,7,Municipal Collector,0.4,Clean,3.2
Textile,614.5,High,Hyderabad,High,27.57,12.97,34.0,6,Industrial Recycler,0.46,Contaminated,18.51
Textile,266.0,Industrial Grade,Delhi,Low,27.57,9.84,74.0,6,Industrial Recycler,0.64,Sorted,25.36
Paper,253.6,Medium,Mumbai,High,11.3,10.17,77.1,8,Business,0.37,Mixed,4.82
Aluminum,148.9,High,Bengaluru,Low,174.32,6.25,92.7,7,Business,0.74,Mixed,152.8
Copper,571.6,Industrial Grade,Ahmedabad,High,682.19,9.05,78.2,8,Industrial Recycler,0.68,Mixed,847.51
Aluminum,503.1,High,Ahmedabad,High,166.64,7.75,128.7,6,Municipal Collector,0.42,Mixed,183.53
Paper,1015.1,Medium,Mumbai,Moderate,12.13,11.93,61.4,12,Individual,0.64,Mixed,4.8
Cardboard,386.0,Industrial Grade,Kolkata,Low,15.05,8.43,61.8,1,Individual,0.73,Mixed,10.12
Glass,228.7,Low,Surat,High,8.4,6.76,23.6,1,Business,0.71,Sorted,4.72
Glass,259.2,Industrial Grade,Pune,Moderate,7.68,10.6,55.9,7,Industrial Recycler,0.75,Clean,4.89
Other,401.4,High,Pune,Moderate,14.91,6.24,7.9,3,Business,0.9,Clean,16.62
Other,488.1,Industrial Grade,Surat,High,14.74,6.91,147.9,1,Municipal Collector,0.7,Sorted,15.6
E-waste,653.1,High,Kolkata,Moderate,117.38,9.99,54.2,11,Municipal Collector,0.61,Contaminated,91.87
E-waste,1576.4,High,Mumbai,High,125.85,9.46,48.1,1,Industrial Recycler,0.74,Baled,180.37
Copper,1328.9,High,Chennai,Moderate,619.81,8.18,121.2,10,Industrial Recycler,0.86,Baled,781.69
Paper,51.1,Low,Hyderabad,Low,11.91,10.12,63.3,7,Industrial Recycler,0.83,Mixed,4.8
Steel,73.5,High,Hyderabad,High,41.78,11.65,144.5,11,Municipal Collector,0.96,Baled,48.41
Cardboard,352.6,Industrial Grade,Kolkata,Low,13.22,3.92,57.8,4,Business,0.78,Baled,12.92
Paper,203.6,Industrial Grade,Hyderabad,Moderate,11.35,5.73,43.7,7,Business,0.78,Mixed,8.89
Plastic,832.3,Industrial Grade,Hyderabad,High,34.8,12.75,40.6,1,Individual,0.69,Contaminated,28.23
Textile,491.2,Industrial Grade,Mumbai,High,27.0,12.27,9.2,3,Individual,0.69,Clean,39.05
Aluminum,649.7,Industrial Grade,Pune,High,193.11,2.83,48.2,10,Business,0.93,Clean,294.33
Copper,85.0,Industrial Grade,Surat,High,667.08,3.57,77.5,12,Business,0.71,Contaminated,627.51
Cardboard,119.9,Low,Surat,High,14.74,6.07,117.1,2,Individual,0.82,Mixed,6.02
Plastic,392.4,Industrial Grade,Bengaluru,High,33.62,7.71,145.6,4,Business,0.71,Contaminated,27.54
E-waste,637.3,Low,Ahmedabad,Moderate,125.46,5.61,40.7,11,Municipal Collector,0.4,Clean,109.17
E-waste,168.2,Low,Coimbatore,High,115.26,10.73,138.0,12,Business,0.57,Sorted,98.73
Glass,1667.4,High,Delhi,High,8.61,7.11,136.9,1,Municipal Collector,0.48,Baled,6.02
Copper,419.5,Medium,Ahmedabad,High,665.02,12.56,51.0,11,Individual,0.85,Sorted,781.99
Paper,42.2,High,Pune,Moderate,11.23,13.94,66.2,12,Municipal Collector,0.41,Mixed,4.8
Paper,480.2,High,Ahmedabad,Moderate,12.27,2.68,9.0,12,Industrial Recycler,0.74,Sorted,13.91
Steel,875.2,High,Pune,High,42.11,4.05,16.9,10,Industrial Recycler,0.98,Mixed,46.97
Steel,139.2,Industrial Grade,Bengaluru,Moderate,40.84,9.71,30.2,5,Municipal Collector,0.5,Sorted,50.27
Copper,492.1,Industrial Grade,Delhi,High,694.0,14.33,37.6,10,Municipal Collector,0.75,Sorted,1029.26
Plastic,1171.4,High,Bengaluru,High,33.66,7.58,63.2,1,Industrial Recycler,0.36,Mixed,36.16
Glass,238.0,Medium,Kolkata,High,8.42,14.07,117.1,7,Business,0.65,Baled,3.2
Plastic,180.7,Medium,Ahmedabad,Moderate,35.56,13.13,23.9,7,Industrial Recycler,1.0,Contaminated,18.31
Paper,884.7,Medium,Bengaluru,High,12.23,5.4,47.1,1,Municipal Collector,0.94,Mixed,9.85
Glass,70.2,Industrial Grade,Bengaluru,High,7.63,7.17,146.3,6,Municipal Collector,0.57,Clean,4.29
Textile,508.9,Low,Coimbatore,High,27.35,8.12,140.0,6,Business,0.72,Clean,21.51
Other,112.0,High,Mumbai,Moderate,15.94,3.72,102.3,7,Municipal Collector,0.33,Clean,14.97
Steel,687.6,Low,Pune,Low,42.2,6.13,24.1,8,Municipal Collector,0.4,Contaminated,17.46
Copper,70.3,Low,Mumbai,High,691.89,7.59,57.3,12,Municipal Collector,0.48,Clean,678.89
Paper,32.0,Low,Ahmedabad,High,12.26,14.0,85.6,3,Industrial Recycler,0.61,Mixed,4.8
Plastic,415.6,Medium,Coimbatore,High,34.64,11.18,42.7,8,Individual,1.0,Clean,37.98
E-waste,151.9,High,Ahmedabad,Moderate,113.24,11.36,21.3,8,Municipal Collector,0.54,Mixed,113.31
Plastic,363.4,Low,Surat,High,37.64,9.59,89.9,11,Industrial Recycler,0.67,Contaminated,16.06
Other,2222.6,Medium,Ahmedabad,High,14.48,6.27,18.7,11,Individual,0.99,Mixed,12.21
Copper,279.0,Industrial Grade,Pune,Low,671.6,7.98,9.2,3,Business,0.64,Sorted,799.7
Paper,299.5,High,Pune,High,12.57,13.79,150.0,12,Municipal Collector,0.39,Sorted,7.54
Aluminum,2389.7,Low,Kolkata,High,170.73,7.19,60.3,10,Business,0.98,Sorted,164.36
Textile,88.7,High,Delhi,High,28.69,11.78,46.3,7,Individual,0.38,Clean,34.02
E-waste,451.8,Industrial Grade,Pune,Low,114.24,6.78,18.9,11,Individual,0.61,Sorted,128.81
Textile,180.2,Industrial Grade,Chennai,Low,27.7,9.98,122.6,7,Municipal Collector,0.6,Sorted,23.55
Aluminum,239.2,Low,Bengaluru,Low,168.02,10.41,81.5,8,Individual,0.63,Mixed,96.09
Copper,56.0,Industrial Grade,Mumbai,High,602.96,5.84,80.8,4,Individual,0.35,Sorted,885.59
Aluminum,825.6,High,Chennai,Moderate,172.9,9.39,100.8,8,Municipal Collector,0.48,Baled,210.17
Copper,153.1,High,Bengaluru,Low,641.29,2.59,127.2,3,Municipal Collector,0.79,Clean,749.29
Glass,546.2,Industrial Grade,Pune,Low,8.62,3.02,35.6,3,Industrial Recycler,0.48,Mixed,6.79
Copper,400.7,Industrial Grade,Delhi,High,645.86,10.53,6.9,2,Business,0.58,Baled,1006.41
Other,573.6,Industrial Grade,Delhi,Low,14.26,3.76,17.7,5,Industrial Recycler,0.87,Sorted,14.82
Plastic,2589.7,High,Hyderabad,Moderate,35.22,13.16,127.1,7,Individual,0.36,Contaminated,20.92
E-waste,675.9,Medium,Chennai,Moderate,118.95,11.6,135.9,3,Business,0.64,Mixed,109.88
Aluminum,332.9,Industrial Grade,Mumbai,High,175.21,7.09,125.3,10,Individual,0.37,Baled,257.18
Textile,1600.6,Industrial Grade,Coimbatore,Low,29.01,8.67,63.0,8,Industrial Recycler,0.95,Mixed,23.58
E-waste,116.4,Medium,Delhi,Low,127.54,2.83,50.8,10,Business,0.59,Clean,115.53
E-waste,403.7,High,Ahmedabad,Low,124.34,4.1,68.3,12,Industrial Recycler,0.63,Mixed,113.82
E-waste,70.8,Medium,Surat,High,116.03,3.71,100.3,12,Industrial Recycler,0.8,Baled,138.82
Textile,233.5,Low,Mumbai,High,26.34,10.67,113.6,12,Individual,0.44,Mixed,13.71
Other,566.7,Industrial Grade,Mumbai,Moderate,13.84,2.61,35.4,4,Municipal Collector,0.92,Clean,17.85
Glass,102.7,Medium,Chennai,Low,7.51,10.03,67.4,6,Business,0.46,Contaminated,3.2
Paper,2465.3,Low,Bengaluru,High,11.24,9.86,131.7,12,Industrial Recycler,0.34,Sorted,4.8
E-waste,942.7,Industrial Grade,Kolkata,High,112.67,4.17,78.6,1,Business,0.44,Clean,180.82
Glass,388.0,Medium,Kolkata,Low,8.19,3.29,111.2,8,Municipal Collector,0.53,Sorted,3.2
Steel,723.8,High,Coimbatore,Moderate,40.57,8.16,126.0,4,Municipal Collector,0.42,Contaminated,27.8
Paper,88.3,Low,Bengaluru,Moderate,12.58,4.97,66.1,9,Individual,0.59,Mixed,4.92
Textile,636.8,Industrial Grade,Coimbatore,Low,29.37,2.13,26.1,8,Industrial Recycler,0.96,Baled,33.77
Copper,38.4,Low,Delhi,Moderate,693.94,2.48,62.0,1,Individual,0.41,Sorted,565.05
Other,243.3,High,Delhi,Moderate,15.53,13.36,106.6,11,Municipal Collector,0.52,Baled,10.48
Glass,65.9,High,Delhi,Low,8.16,13.54,98.4,8,Individual,0.73,Sorted,3.2
E-waste,202.3,Low,Chennai,High,124.2,7.07,82.9,1,Industrial Recycler,0.92,Mixed,99.29
Cardboard,272.9,Low,Kolkata,High,12.94,4.08,114.8,6,Industrial Recycler,0.86,Contaminated,5.6
Other,382.5,Low,Kolkata,Moderate,14.42,12.94,111.1,2,Municipal Collector,0.66,Contaminated,6.0
Copper,1279.1,High,Surat,Moderate,622.55,6.41,5.8,12,Industrial Recycler,0.82,Clean,822.92
Other,973.3,Medium,Surat,Moderate,15.57,6.91,25.3,11,Industrial Recycler,0.37,Sorted,13.22
Cardboard,136.9,Medium,Bengaluru,Moderate,13.09,7.36,66.7,12,Business,0.6,Sorted,8.75
Steel,1071.8,Industrial Grade,Pune,Moderate,42.13,9.65,81.3,11,Business,0.58,Contaminated,32.49
Paper,1032.7,Industrial Grade,Delhi,Moderate,12.41,3.65,25.9,3,Municipal Collector,0.39,Mixed,12.86
Cardboard,201.7,High,Coimbatore,Moderate,14.94,9.27,27.7,12,Municipal Collector,0.38,Contaminated,7.8
Textile,62.2,High,Coimbatore,Moderate,30.2,6.83,27.2,9,Industrial Recycler,0.51,Clean,32.54
E-waste,613.6,High,Coimbatore,High,126.13,4.8,133.9,5,Municipal Collector,0.64,Contaminated,112.28
Copper,232.4,Low,Ahmedabad,High,633.13,7.88,49.9,10,Municipal Collector,0.56,Clean,612.71
Other,884.3,Medium,Ahmedabad,Low,14.58,13.26,70.1,11,Municipal Collector,0.86,Contaminated,6.0
Other,91.1,Industrial Grade,Pune,High,14.86,10.72,11.6,9,Municipal Collector,0.49,Mixed,14.24
Copper,743.7,Medium,Kolkata,Low,618.01,9.27,22.9,11,Industrial Recycler,0.73,Clean,601.5
Other,116.1,High,Ahmedabad,Low,16.05,3.56,135.0,9,Individual,0.43,Baled,10.83
Aluminum,99.1,Low,Chennai,High,166.9,7.22,93.0,9,Municipal Collector,0.9,Contaminated,96.08
Aluminum,249.1,Low,Coimbatore,High,168.9,5.34,51.0,9,Municipal Collector,0.37,Mixed,132.37
Steel,303.3,Low,Chennai,High,39.78,7.29,49.5,3,Industrial Recycler,0.73,Contaminated,21.84
Glass,206.8,Medium,Mumbai,Low,8.5,3.85,19.3,7,Business,0.48,Clean,5.63
Copper,75.8,High,Ahmedabad,High,609.97,7.01,114.1,9,Individual,0.34,Contaminated,528.47
E-waste,532.0,Industrial Grade,Delhi,Moderate,115.57,13.52,38.9,11,Business,0.97,Clean,155.79
Copper,545.2,Medium,Mumbai,Low,664.12,3.09,64.0,10,Individual,0.44,Baled,613.07
Steel,102.5,Low,Kolkata,High,38.92,9.22,144.4,7,Individual,0.87,Baled,28.51
Other,2656.0,Low,Ahmedabad,High,14.71,12.91,91.7,5,Business,0.55,Contaminated,6.0
Plastic,49.8,Low,Mumbai,High,32.98,3.6,62.3,2,Business,0.69,Clean,29.24
Paper,84.7,Industrial Grade,Pune,Low,11.91,11.79,42.9,11,Industrial Recycler,0.47,Contaminated,4.8
Glass,200.7,Low,Coimbatore,Moderate,8.14,13.99,24.4,12,Industrial Recycler,0.3,Contaminated,3.2
Aluminum,52.2,Medium,Delhi,Low,184.36,13.4,16.8,9,Municipal Collector,0.68,Mixed,131.91
E-waste,376.1,High,Delhi,Moderate,129.29,12.55,126.7,3,Industrial Recycler,0.39,Sorted,152.0
Glass,508.9,Medium,Coimbatore,High,7.61,11.22,103.7,5,Individual,0.87,Mixed,3.2
Paper,394.4,Medium,Coimbatore,Moderate,12.2,11.15,76.5,5,Industrial Recycler,0.3,Contaminated,4.8
Textile,1108.4,High,Bengaluru,Low,28.77,11.6,33.1,9,Municipal Collector,0.72,Sorted,25.14
Steel,318.7,High,Bengaluru,High,44.56,13.12,140.4,5,Business,0.81,Baled,54.3
Paper,287.3,Medium,Kolkata,Low,12.33,7.55,5.3,8,Industrial Recycler,0.76,Clean,8.38
Glass,898.8,Industrial Grade,Kolkata,Moderate,7.42,8.72,76.9,8,Business,0.8,Mixed,3.2
Aluminum,25.5,Low,Pune,Low,190.95,6.35,61.8,1,Municipal Collector,0.87,Mixed,118.24
Plastic,289.1,Industrial Grade,Bengaluru,High,32.74,10.14,50.1,6,Individual,0.64,Clean,45.52
Aluminum,170.4,Low,Ahmedabad,High,189.26,12.82,144.0,4,Business,0.66,Sorted,174.87
Plastic,734.2,High,Chennai,Low,37.66,3.62,69.7,11,Municipal Collector,0.94,Baled,38.48
Textile,141.2,Low,Ahmedabad,High,26.05,10.14,48.7,1,Business,0.77,Clean,20.07
Cardboard,26.1,High,Chennai,Moderate,14.22,5.03,114.0,10,Municipal Collector,0.76,Sorted,10.62
Aluminum,417.0,Industrial Grade,Surat,Moderate,185.06,10.46,19.7,10,Municipal Collector,0.32,Mixed,202.93
Cardboard,322.9,Low,Chennai,High,14.65,2.88,91.3,1,Business,0.44,Baled,10.46
Other,216.3,Medium,Delhi,Moderate,14.38,7.78,110.1,8,Industrial Recycler,0.86,Baled,8.9
Aluminum,688.5,Medium,Kolkata,Low,191.09,6.05,114.4,11,Municipal Collector,0.84,Sorted,165.61
Steel,270.8,Industrial Grade,Mumbai,Low,43.06,8.73,145.7,6,Industrial Recycler,0.4,Sorted,42.36
Plastic,327.6,High,Hyderabad,Moderate,34.11,12.21,136.7,11,Individual,0.77,Mixed,26.71
E-waste,1574.3,Low,Surat,Low,119.12,4.11,65.7,5,Industrial Recycler,0.85,Baled,93.21
Aluminum,793.0,Industrial Grade,Hyderabad,High,186.76,5.11,95.5,8,Individual,0.97,Contaminated,183.89
Glass,307.8,Industrial Grade,Coimbatore,Moderate,8.07,6.65,6.4,6,Individual,0.4,Contaminated,4.17
E-waste,167.0,Medium,Coimbatore,Moderate,127.4,4.26,33.7,4,Business,0.8,Baled,139.5
Glass,527.0,Medium,Bengaluru,High,8.23,2.27,137.0,5,Business,0.57,Contaminated,3.2
Copper,558.5,Low,Hyderabad,Moderate,695.88,10.59,122.4,6,Municipal Collector,0.98,Contaminated,397.02
Other,495.9,Industrial Grade,Bengaluru,High,14.7,6.92,32.8,4,Individual,0.72,Clean,20.36
Plastic,54.5,High,Kolkata,Low,32.5,6.26,119.5,5,Individual,0.86,Baled,28.75
Steel,688.6,Industrial Grade,Ahmedabad,Low,41.25,4.18,94.2,11,Business,0.92,Contaminated,27.89
Cardboard,378.9,Low,Bengaluru,Low,13.96,8.83,108.3,6,Municipal Collector,0.97,Mixed,5.6
E-waste,64.3,Low,Hyderabad,Moderate,114.9,7.88,134.8,4,Business,0.45,Baled,94.09
Textile,650.0,Industrial Grade,Mumbai,High,27.08,11.77,17.3,9,Industrial Recycler,0.66,Baled,35.33
Plastic,195.9,High,Delhi,Low,36.71,7.32,72.8,8,Industrial Recycler,0.52,Mixed,28.74
Textile,235.2,High,Mumbai,Moderate,27.08,13.72,16.0,11,Individual,0.65,Contaminated,16.2
Cardboard,122.4,High,Chennai,High,13.63,9.1,57.2,2,Business,0.77,Sorted,13.95
Paper,115.6,Low,Kolkata,High,12.62,5.89,6.2,5,Individual,0.85,Sorted,9.61
Textile,742.8,Industrial Grade,Ahmedabad,Low,26.43,11.9,79.3,11,Business,0.58,Baled,24.47
Plastic,174.0,Medium,Ahmedabad,High,33.25,6.07,119.8,6,Municipal Collector,0.84,Mixed,28.24
Textile,260.6,Medium,Pune,Moderate,29.99,3.67,88.7,3,Business,0.31,Mixed,24.87
Glass,135.1,Low,Delhi,Moderate,7.39,6.24,83.0,12,Municipal Collector,0.85,Contaminated,3.2
Steel,765.0,Medium,Delhi,Low,41.24,2.83,142.6,4,Municipal Collector,0.63,Sorted,34.29
Glass,536.3,Industrial Grade,Chennai,High,8.24,2.42,85.2,11,Individual,0.64,Sorted,8.66
Steel,1748.7,Medium,Hyderabad,Moderate,41.7,8.82,47.2,4,Industrial Recycler,0.56,Clean,44.49
Aluminum,821.5,Medium,Bengaluru,Moderate,187.0,7.44,23.7,2,Municipal Collector,0.57,Sorted,210.37
Plastic,709.3,Medium,Ahmedabad,Moderate,35.49,14.21,92.5,3,Municipal Collector,0.65,Contaminated,19.26
E-waste,855.0,Low,Ahmedabad,High,115.14,9.86,124.6,2,Individual,0.53,Contaminated,67.12
Other,226.4,Industrial Grade,Chennai,Moderate,14.63,13.95,98.7,5,Business,0.89,Mixed,8.51
Paper,1336.1,Industrial Grade,Hyderabad,High,11.92,11.53,135.5,3,Municipal Collector,0.94,Baled,10.58
Steel,302.9,High,Hyderabad,Low,40.6,10.17,44.7,3,Business,0.94,Mixed,32.34
Plastic,309.4,Industrial Grade,Pune,Low,36.57,8.56,114.5,2,Business,0.59,Mixed,31.42
Steel,157.7,Low,Ahmedabad,Low,43.68,11.03,15.6,1,Business,0.57,Contaminated,17.27
Textile,84.8,Medium,Mumbai,High,28.76,3.77,107.8,2,Business,0.62,Mixed,25.03
E-waste,539.0,High,Ahmedabad,Low,113.5,5.63,73.3,3,Individual,0.89,Clean,129.1
Other,188.4,High,Kolkata,Moderate,15.63,3.01,61.7,12,Business,0.77,Contaminated,9.76
Steel,957.1,Industrial Grade,Coimbatore,High,38.96,7.75,82.2,11,Individual,0.74,Sorted,53.28
Cardboard,1276.2,High,Ahmedabad,Low,13.73,2.63,91.7,1,Industrial Recycler,0.44,Mixed,9.69
Plastic,328.6,Low,Coimbatore,High,36.79,2.19,9.1,7,Business,0.78,Contaminated,21.48
Copper,942.6,Medium,Bengaluru,Low,632.02,3.4,65.3,1,Individual,0.69,Clean,653.41
Plastic,553.8,Medium,Chennai,Moderate,33.17,6.64,36.0,4,Municipal Collector,0.58,Baled,34.63
Glass,117.7,High,Hyderabad,High,8.16,5.62,100.4,2,Municipal Collector,0.33,Mixed,4.52
Plastic,1405.4,Industrial Grade,Chennai,Low,36.96,14.88,82.7,12,Municipal Collector,0.42,Sorted,36.24
Copper,42.1,Low,Pune,Low,631.07,13.49,97.1,3,Individual,0.9,Mixed,396.12
E-waste,667.3,High,Delhi,High,121.68,5.02,97.9,9,Municipal Collector,0.99,Sorted,159.74
Plastic,871.3,High,Hyderabad,High,32.64,5.17,67.1,12,Industrial Recycler,0.4,Baled,43.05
E-waste,938.5,Low,Hyderabad,High,121.88,14.0,10.5,11,Municipal Collector,0.96,Contaminated,68.73
Glass,679.9,Medium,Kolkata,Moderate,7.39,5.75,99.0,7,Business,0.89,Sorted,3.2
Glass,375.0,Low,Hyderabad,High,8.48,4.89,106.0,11,Business,0.67,Contaminated,3.2
Steel,196.6,Industrial Grade,Chennai,High,44.95,14.9,12.6,4,Municipal Collector,0.39,Clean,67.04
Steel,1053.1,Medium,Delhi,Low,39.97,4.13,72.7,12,Business,0.6,Contaminated,22.32
Other,525.7,Medium,Hyderabad,Moderate,16.08,8.26,130.1,5,Municipal Collector,0.55,Sorted,10.24
Textile,329.5,Medium,Kolkata,Moderate,29.43,11.88,111.6,10,Municipal Collector,0.86,Mixed,18.5
Aluminum,24.7,Industrial Grade,Surat,High,173.01,11.45,27.2,9,Industrial Recycler,0.62,Mixed,203.9
E-waste,2422.4,Low,Chennai,Low,113.37,8.1,24.8,6,Municipal Collector,0.43,Mixed,69.6
Aluminum,72.2,Low,Delhi,Moderate,184.06,8.36,59.1,12,Municipal Collector,0.71,Mixed,131.29
Textile,134.1,High,Hyderabad,Moderate,29.13,12.03,143.8,7,Individual,0.54,Clean,27.12
E-waste,424.9,Low,Delhi,Low,128.09,8.21,40.8,12,Municipal Collector,0.55,Clean,98.91
Aluminum,124.1,Medium,Bengaluru,Low,184.68,9.52,40.9,5,Municipal Collector,0.41,Sorted,174.03
Copper,239.6,High,Kolkata,Moderate,642.39,4.16,132.0,4,Business,0.78,Mixed,690.49
Cardboard,22.6,Industrial Grade,Chennai,Moderate,13.65,12.1,97.2,2,Municipal Collector,0.4,Baled,11.07
Plastic,735.6,Industrial Grade,Ahmedabad,High,34.54,12.06,19.0,1,Individual,0.59,Sorted,46.91
Paper,100.6,Industrial Grade,Bengaluru,High,12.01,8.32,24.5,12,Industrial Recycler,0.38,Contaminated,7.44
Other,202.4,Medium,Bengaluru,High,14.78,13.73,42.6,4,Business,0.74,Contaminated,6.0
Other,660.2,High,Chennai,High,13.87,2.84,23.1,7,Industrial Recycler,0.46,Contaminated,10.26
E-waste,1106.6,High,Coimbatore,High,112.26,14.84,89.5,11,Industrial Recycler,0.67,Clean,150.51
Aluminum,286.0,Industrial Grade,Ahmedabad,Low,175.29,9.86,114.8,8,Industrial Recycler,0.78,Baled,204.39
Glass,614.7,Low,Delhi,Moderate,7.78,6.63,13.3,10,Municipal Collector,0.37,Contaminated,3.2
E-waste,68.8,Industrial Grade,Kolkata,High,115.17,11.77,142.9,5,Business,0.62,Contaminated,103.45
E-waste,463.6,Industrial Grade,Coimbatore,High,125.91,2.59,57.2,11,Industrial Recycler,0.53,Contaminated,127.34
E-waste,53.5,Medium,Surat,Moderate,128.48,14.21,55.5,2,Municipal Collector,0.63,Baled,132.76
Copper,453.7,Industrial Grade,Bengaluru,Low,672.53,12.2,132.1,9,Individual,0.32,Sorted,788.62
E-waste,482.5,High,Bengaluru,Low,120.78,8.27,143.5,8,Municipal Collector,0.47,Sorted,125.34
Steel,584.2,High,Bengaluru,Moderate,40.12,11.96,135.9,6,Business,0.48,Clean,42.92
E-waste,891.6,High,Chennai,Low,121.46,4.91,53.3,12,Municipal Collector,0.95,Contaminated,87.74
Copper,364.8,Low,Kolkata,Low,610.03,4.91,122.2,7,Municipal Collector,0.36,Mixed,398.15
Copper,635.0,Low,Surat,High,637.54,6.07,23.5,6,Business,0.82,Baled,625.17
Paper,797.0,High,Delhi,Low,12.34,6.75,51.3,7,Individual,0.86,Baled,8.86
Cardboard,99.8,Medium,Kolkata,Moderate,13.54,12.61,50.8,8,Business,0.45,Clean,8.16
E-waste,218.9,Medium,Coimbatore,Moderate,123.62,8.53,51.4,10,Individual,0.49,Baled,124.83
Other,144.6,Industrial Grade,Delhi,Moderate,15.79,6.33,147.3,1,Industrial Recycler,0.45,Contaminated,7.12
Plastic,475.9,High,Mumbai,Moderate,32.32,4.07,137.3,11,Municipal Collector,0.57,Contaminated,20.71
Textile,293.4,Industrial Grade,Chennai,Moderate,29.9,5.67,110.4,9,Municipal Collector,0.79,Sorted,33.52
Cardboard,525.5,Industrial Grade,Surat,High,13.9,11.22,128.2,1,Industrial Recycler,0.41,Clean,13.92
Steel,283.7,Industrial Grade,Hyderabad,Moderate,43.02,4.54,121.6,4,Individual,0.55,Mixed,45.31
Other,935.7,High,Bengaluru,Moderate,14.23,14.66,18.9,1,Municipal Collector,0.34,Contaminated,6.01
Cardboard,463.1,Low,Delhi,Moderate,13.97,5.13,9.9,4,Individual,0.78,Baled,9.82
Steel,122.0,Industrial Grade,Mumbai,Moderate,39.45,6.78,99.7,11,Municipal Collector,0.36,Clean,46.73
E-waste,33.3,Medium,Mumbai,Low,113.88,12.33,113.1,12,Municipal Collector,0.64,Clean,96.99
Textile,32.2,Low,Pune,High,28.17,13.21,108.5,2,Business,0.58,Baled,18.58
Aluminum,385.0,Industrial Grade,Chennai,Low,189.18,9.01,126.4,9,Municipal Collector,0.76,Baled,218.49
Plastic,197.4,High,Coimbatore,Low,32.42,6.09,69.8,9,Individual,0.7,Contaminated,18.73
Steel,942.4,High,Chennai,Moderate,42.3,6.73,78.4,2,Business,0.6,Baled,50.79
Aluminum,123.0,Medium,Kolkata,High,174.61,8.38,25.3,8,Industrial Recycler,0.94,Sorted,195.92
Glass,349.8,Medium,Hyderabad,Low,8.43,5.9,32.3,1,Business,0.97,Clean,5.36
Other,91.6,Medium,Bengaluru,Moderate,14.41,2.97,95.2,12,Industrial Recycler,0.57,Baled,11.56
Steel,363.0,Industrial Grade,Delhi,High,42.87,4.65,25.8,12,Industrial Recycler,0.49,Mixed,52.27
Plastic,307.1,Low,Delhi,Low,34.32,12.24,50.9,3,Individual,0.97,Baled,21.61
Plastic,106.5,High,Kolkata,High,34.23,10.32,14.6,7,Business,0.53,Sorted,41.63
Paper,491.1,Medium,Chennai,Moderate,12.87,4.89,147.0,7,Business,0.85,Contaminated,4.8
Copper,554.9,Medium,Surat,Low,657.5,6.54,18.9,8,Industrial Recycler,0.5,Baled,616.13
Paper,1588.8,High,Delhi,High,12.9,11.64,55.1,3,Industrial Recycler,0.67,Clean,13.19
Other,161.8,Industrial Grade,Mumbai,Low,15.38,11.27,104.6,1,Individual,0.4,Mixed,7.67
Other,1203.6,Low,Hyderabad,Low,14.24,11.19,93.3,11,Industrial Recycler,0.99,Clean,6.0
E-waste,732.3,Low,Mumbai,Moderate,118.21,14.32,129.4,11,Individual,0.52,Sorted,89.37
Copper,318.7,High,Chennai,Low,627.73,3.1,88.4,3,Individual,0.95,Clean,723.51
Aluminum,52.4,Industrial Grade,Ahmedabad,Low,191.18,14.97,79.7,8,Individual,0.79,Baled,210.31
Textile,1204.6,High,Delhi,High,30.21,6.49,82.5,12,Business,0.76,Baled,38.83
Cardboard,284.7,High,Kolkata,Moderate,13.18,6.77,30.3,4,Individual,0.55,Baled,13.17
Aluminum,233.4,Industrial Grade,Pune,Moderate,189.55,10.83,54.0,2,Individual,0.9,Mixed,216.94
Copper,430.7,Low,Mumbai,Moderate,638.94,10.21,5.3,4,Industrial Recycler,0.95,Sorted,561.51
Cardboard,1400.9,High,Coimbatore,Low,13.55,7.98,5.9,6,Municipal Collector,0.38,Mixed,9.51
Glass,170.7,Medium,Chennai,Moderate,8.02,3.1,76.3,7,Business,0.41,Mixed,3.55
Copper,676.2,Industrial Grade,Hyderabad,High,642.55,5.89,62.3,8,Industrial Recycler,0.43,Clean,977.16
Paper,436.6,High,Bengaluru,Low,11.73,7.64,56.3,3,Municipal Collector,0.91,Mixed,6.68
Plastic,331.7,High,Bengaluru,Moderate,32.38,6.31,66.1,7,Business,0.77,Contaminated,21.76
E-waste,235.0,Low,Kolkata,Moderate,116.64,11.29,121.0,8,Municipal Collector,0.84,Clean,94.15
Textile,80.6,Industrial Grade,Coimbatore,High,29.2,8.5,27.6,3,Business,0.47,Contaminated,24.9
Glass,164.5,Industrial Grade,Delhi,Low,8.33,8.32,47.0,8,Business,0.47,Baled,4.9
Steel,970.6,Medium,Mumbai,Moderate,39.97,12.67,40.9,12,Business,0.79,Contaminated,23.64
Copper,81.0,Medium,Hyderabad,Low,701.0,2.5,24.2,2,Individual,0.95,Contaminated,474.31
Textile,1003.6,High,Coimbatore,High,28.6,5.98,64.1,7,Business,0.46,Baled,36.28
Glass,635.2,Industrial Grade,Coimbatore,High,8.57,6.73,21.0,5,Municipal Collector,0.8,Mixed,8.01
Plastic,412.1,Low,Coimbatore,High,33.8,6.18,100.8,1,Business,0.5,Clean,29.09
Other,351.5,High,Ahmedabad,High,15.41,3.45,53.5,6,Industrial Recycler,0.78,Mixed,15.02
Steel,110.6,Low,Surat,Low,40.49,5.1,92.7,9,Industrial Recycler,0.71,Sorted,23.89
Copper,285.3,High,Coimbatore,Low,683.01,13.49,145.4,10,Business,0.44,Contaminated,496.23
E-waste,546.3,High,Mumbai,Low,120.64,11.89,73.8,12,Industrial Recycler,0.41,Clean,129.58
Steel,379.2,Medium,Kolkata,Low,43.46,7.83,134.8,6,Industrial Recycler,0.94,Mixed,28.1
Copper,841.0,Industrial Grade,Bengaluru,Low,628.12,14.58,44.8,10,Business,0.97,Mixed,612.5
Aluminum,791.5,Medium,Bengaluru,Moderate,188.05,6.99,113.9,8,Business,0.58,Mixed,164.35
Paper,132.4,Medium,Surat,High,12.82,2.12,90.9,4,Individual,0.66,Contaminated,6.62
Cardboard,220.4,Low,Mumbai,High,14.08,4.91,22.3,9,Industrial Recycler,0.5,Sorted,10.25
Steel,726.8,Low,Hyderabad,Moderate,40.97,2.02,82.5,4,Business,0.72,Contaminated,19.85
Glass,1071.2,Low,Bengaluru,Low,8.62,5.83,135.3,7,Industrial Recycler,0.74,Clean,3.2
Aluminum,1078.4,Low,Bengaluru,Low,193.79,8.99,145.9,5,Industrial Recycler,0.84,Contaminated,91.67
Other,320.0,High,Surat,Low,14.58,7.75,34.9,9,Industrial Recycler,0.44,Mixed,9.15
Textile,2119.5,Medium,Pune,High,26.57,3.22,135.8,3,Municipal Collector,0.43,Mixed,23.65
Steel,1219.7,Medium,Mumbai,Moderate,44.13,13.51,50.0,1,Individual,0.78,Baled,42.96
Plastic,406.9,High,Hyderabad,High,32.76,14.62,136.8,8,Municipal Collector,0.67,Contaminated,18.84
Aluminum,554.7,High,Chennai,Moderate,166.86,10.38,115.7,1,Business,0.47,Mixed,172.87
Copper,883.3,Low,Coimbatore,Low,686.68,12.64,83.6,2,Business,0.36,Contaminated,369.79
Steel,1688.8,Industrial Grade,Mumbai,Moderate,42.29,5.17,74.4,6,Individual,0.49,Baled,55.12
Cardboard,133.9,High,Kolkata,High,13.81,13.52,19.9,5,Business,0.3,Clean,13.44
Plastic,807.2,High,Bengaluru,Moderate,37.12,4.94,100.0,6,Municipal Collector,0.57,Contaminated,26.13
Copper,450.9,Industrial Grade,Chennai,High,610.31,10.0,56.8,5,Individual,0.95,Contaminated,632.7
Copper,272.1,High,Delhi,High,642.23,4.36,53.6,9,Individual,0.93,Baled,885.26
Paper,1253.1,Low,Ahmedabad,High,12.78,5.45,58.5,11,Industrial Recycler,0.86,Sorted,8.14
Aluminum,615.2,Medium,Delhi,Moderate,179.38,12.21,109.6,8,Individual,0.35,Contaminated,118.42
Other,808.1,Industrial Grade,Pune,High,14.57,7.01,31.4,3,Business,0.6,Sorted,19.37
Textile,1203.0,Low,Delhi,Low,27.97,9.0,84.7,7,Individual,0.68,Contaminated,11.2
Plastic,182.1,Industrial Grade,Kolkata,Low,33.43,12.55,117.6,10,Municipal Collector,0.36,Clean,30.88
Glass,1142.1,High,Kolkata,High,7.44,13.97,143.9,8,Industrial Recycler,0.54,Contaminated,3.2
Steel,551.1,Low,Hyderabad,High,39.57,2.73,125.0,4,Municipal Collector,0.97,Mixed,28.7
Steel,497.6,Industrial Grade,Pune,Low,39.14,10.62,106.7,1,Municipal Collector,0.89,Clean,40.98
Steel,63.6,High,Chennai,Moderate,44.11,9.4,16.2,4,Individual,0.4,Contaminated,32.06
Steel,371.8,Industrial Grade,Ahmedabad,Low,42.97,7.77,109.8,7,Industrial Recycler,0.31,Contaminated,27.13
Copper,1727.5,Medium,Surat,Low,684.6,2.14,78.0,3,Business,0.78,Clean,716.61
E-waste,571.2,Low,Hyderabad,Low,112.17,5.53,140.1,7,Industrial Recycler,0.56,Baled,80.03
Steel,523.5,Medium,Hyderabad,Low,42.4,11.7,31.6,7,Business,0.89,Mixed,27.4
E-waste,26.3,Industrial Grade,Delhi,Low,118.55,6.83,12.9,3,Municipal Collector,0.49,Sorted,134.03
Copper,430.2,High,Coimbatore,Low,604.79,9.04,45.9,4,Industrial Recycler,0.72,Sorted,694.37
Paper,1124.8,Medium,Hyderabad,High,11.13,9.41,17.3,5,Business,0.99,Baled,10.01
E-waste,61.4,High,Mumbai,Moderate,128.81,11.77,147.2,1,Business,0.65,Clean,152.93
Glass,996.6,Industrial Grade,Pune,High,8.0,8.55,135.0,7,Business,0.84,Sorted,4.67
Aluminum,874.8,Industrial Grade,Mumbai,Low,191.09,8.02,27.0,3,Business,0.37,Mixed,204.69
Plastic,208.7,Medium,Kolkata,Low,35.13,9.91,148.9,9,Individual,0.84,Contaminated,14.0
E-waste,338.5,Medium,Surat,Moderate,123.51,11.27,10.8,7,Industrial Recycler,0.47,Sorted,125.22
Other,241.4,High,Chennai,Low,15.11,13.32,25.7,1,Municipal Collector,0.98,Contaminated,6.0
Copper,360.8,Industrial Grade,Bengaluru,Moderate,635.79,5.64,28.4,5,Industrial Recycler,0.36,Clean,897.52
Steel,115.4,Industrial Grade,Ahmedabad,Moderate,45.17,14.22,139.0,11,Industrial Recycler,0.64,Sorted,49.52
Glass,642.4,Low,Ahmedabad,Moderate,7.76,10.12,79.3,6,Individual,0.36,Mixed,3.2
Textile,233.8,Industrial Grade,Surat,Low,28.89,12.28,13.3,11,Business,0.69,Sorted,27.81
Steel,319.2,High,Surat,Moderate,44.51,4.9,128.8,7,Individual,0.77,Sorted,48.82
Glass,505.0,Industrial Grade,Chennai,Low,8.59,3.41,31.1,2,Municipal Collector,0.58,Mixed,6.87
Textile,237.2,Medium,Pune,Moderate,28.91,8.32,149.5,6,Business,0.63,Mixed,18.54
Paper,1954.1,Industrial Grade,Ahmedabad,Low,11.1,6.16,97.8,3,Individual,0.72,Clean,9.44
Textile,522.8,High,Hyderabad,Moderate,29.16,2.3,35.7,1,Municipal Collector,0.6,Sorted,34.98
Paper,216.6,Medium,Mumbai,High,11.91,13.36,16.8,7,Business,0.59,Clean,8.61
Plastic,599.7,Low,Delhi,High,33.31,5.86,144.7,6,Business,0.96,Contaminated,14.58
E-waste,927.1,Industrial Grade,Delhi,Low,126.2,9.41,137.3,6,Individual,0.69,Baled,149.1
Other,183.7,Medium,Pune,Low,15.58,14.21,148.0,11,Individual,0.82,Clean,6.0
Glass,379.4,High,Ahmedabad,Moderate,7.88,14.61,21.5,6,Individual,0.66,Contaminated,3.2
Aluminum,202.1,Industrial Grade,Surat,Low,171.0,11.69,10.3,2,Municipal Collector,0.79,Contaminated,135.46
Steel,1412.8,Industrial Grade,Hyderabad,Moderate,44.11,2.19,88.6,11,Individual,0.31,Contaminated,35.13
Paper,1044.8,High,Delhi,Low,11.86,12.77,56.0,7,Municipal Collector,0.98,Mixed,4.8
Glass,566.8,High,Pune,Moderate,7.92,4.11,85.1,3,Municipal Collector,0.5,Contaminated,3.2
Textile,170.7,Low,Chennai,High,27.6,10.01,99.2,2,Business,0.65,Baled,20.83
Other,431.0,High,Mumbai,Low,15.12,12.1,35.7,7,Business,0.38,Mixed,8.19
E-waste,78.8,High,Delhi,Moderate,120.15,12.17,141.2,1,Municipal Collector,0.49,Sorted,133.45
Paper,1019.6,Low,Coimbatore,Low,12.56,2.34,9.7,7,Individual,0.89,Mixed,6.38
Cardboard,415.5,Low,Hyderabad,High,14.32,4.5,146.2,9,Municipal Collector,0.88,Sorted,7.28
Other,78.7,Industrial Grade,Bengaluru,Low,14.85,8.72,136.1,7,Municipal Collector,0.37,Contaminated,6.0
Steel,294.6,High,Kolkata,Moderate,39.27,4.65,142.6,3,Industrial Recycler,0.61,Baled,44.86
Other,997.2,Medium,Surat,Low,16.16,11.54,8.7,7,Business,0.74,Clean,11.27
Glass,192.8,Medium,Mumbai,Low,8.36,5.19,82.6,4,Individual,0.85,Contaminated,3.2
Paper,837.1,High,Coimbatore,High,11.25,13.27,147.8,11,Individual,0.95,Sorted,5.87
Copper,29.1,High,Bengaluru,Moderate,692.92,12.98,16.2,2,Industrial Recycler,0.45,Contaminated,565.89
Copper,185.3,Industrial Grade,Ahmedabad,Moderate,637.03,10.94,16.1,11,Business,0.52,Clean,860.32
E-waste,1050.8,Medium,Bengaluru,Moderate,111.0,9.89,87.3,11,Business,0.98,Contaminated,73.9
Glass,409.0,Industrial Grade,Bengaluru,Low,7.61,14.05,112.5,9,Business,0.32,Baled,3.2
Aluminum,70.8,Medium,Hyderabad,Moderate,186.56,4.86,52.5,1,Business,0.96,Contaminated,121.45
Paper,476.1,Low,Pune,High,12.47,5.83,85.0,12,Business,0.65,Mixed,5.38
Cardboard,196.4,Industrial Grade,Hyderabad,Moderate,15.03,11.33,127.7,11,Individual,0.37,Contaminated,5.6
Other,44.7,Low,Delhi,High,15.76,11.71,66.4,8,Municipal Collector,0.74,Contaminated,6.0
Other,1186.0,Industrial Grade,Pune,High,15.93,7.84,123.8,11,Industrial Recycler,0.97,Mixed,13.9
Paper,469.7,Industrial Grade,Delhi,Low,11.86,12.52,21.6,1,Industrial Recycler,0.43,Sorted,8.84
Plastic,1134.2,High,Pune,Low,33.98,3.59,118.0,3,Industrial Recycler,0.31,Contaminated,21.38
Glass,37.6,Medium,Hyderabad,Low,7.63,5.69,14.6,9,Industrial Recycler,0.45,Mixed,3.2
Cardboard,457.1,Low,Surat,Low,13.59,11.83,66.2,11,Business,0.52,Baled,5.6
Plastic,910.0,High,Mumbai,Moderate,35.57,7.89,22.3,7,Business,0.71,Mixed,33.85
Plastic,476.9,High,Ahmedabad,High,32.41,14.57,24.0,5,Business,0.67,Sorted,39.33
Cardboard,903.9,High,Chennai,Low,14.5,12.43,18.8,8,Business,0.49,Sorted,10.23
Glass,1075.9,Industrial Grade,Ahmedabad,Low,8.62,5.88,11.8,10,Industrial Recycler,0.65,Clean,7.98
Copper,301.4,Low,Hyderabad,High,701.33,3.8,124.7,1,Business,0.9,Baled,731.72
Textile,210.6,Medium,Pune,High,29.65,14.14,148.5,9,Individual,0.48,Contaminated,13.55
Aluminum,480.6,High,Mumbai,Moderate,176.53,12.29,104.7,6,Business,0.79,Clean,220.08
Steel,1135.2,Industrial Grade,Bengaluru,High,41.42,14.56,133.7,10,Industrial Recycler,0.61,Clean,56.68
Copper,518.9,Medium,Mumbai,Moderate,607.55,8.28,117.0,6,Municipal Collector,0.84,Baled,653.63
Copper,467.9,Low,Chennai,High,599.37,2.78,145.9,2,Individual,0.45,Baled,592.34
Textile,379.1,Medium,Hyderabad,High,27.16,8.68,115.4,10,Industrial Recycler,0.96,Mixed,20.79
E-waste,75.0,Medium,Hyderabad,High,122.31,7.88,60.9,6,Individual,0.44,Baled,141.61
Textile,548.1,Medium,Bengaluru,Moderate,28.66,13.31,49.5,11,Municipal Collector,0.4,Clean,23.82
Copper,1523.2,High,Bengaluru,High,645.07,10.6,9.1,5,Municipal Collector,0.49,Contaminated,632.96
Cardboard,372.9,High,Bengaluru,Moderate,13.0,8.6,77.8,7,Individual,0.49,Sorted,10.21
Copper,522.7,High,Hyderabad,Low,626.7,4.3,32.5,5,Municipal Collector,0.73,Mixed,591.94
Cardboard,244.6,Industrial Grade,Hyderabad,Low,12.96,2.69,36.8,2,Business,0.49,Clean,14.11
Copper,339.8,High,Delhi,High,689.47,11.54,19.7,7,Municipal Collector,0.49,Sorted,929.9
Plastic,129.1,Medium,Surat,Moderate,35.02,3.23,111.4,5,Industrial Recycler,0.79,Contaminated,18.91
E-waste,491.8,Low,Chennai,High,113.12,13.7,32.2,3,Industrial Recycler,0.31,Contaminated,66.51
E-waste,383.4,Industrial Grade,Mumbai,High,110.59,11.88,29.8,2,Individual,0.55,Sorted,163.43
E-waste,22.8,High,Chennai,High,129.42,9.37,123.7,1,Municipal Collector,0.88,Mixed,143.51
Cardboard,444.4,Medium,Mumbai,High,13.67,8.38,53.7,12,Business,0.68,Contaminated,5.87
E-waste,379.4,Low,Pune,Moderate,125.27,13.59,108.0,5,Business,0.9,Sorted,101.51
Other,272.9,Industrial Grade,Bengaluru,Moderate,14.14,10.57,129.2,7,Business,0.65,Clean,11.33
Plastic,65.6,Industrial Grade,Hyderabad,High,37.11,14.55,97.6,7,Business,0.78,Sorted,43.97
E-waste,231.7,Medium,Pune,Low,115.7,14.29,90.4,7,Industrial Recycler,0.43,Sorted,99.06
Other,374.0,Low,Ahmedabad,High,14.49,12.3,145.4,10,Municipal Collector,0.98,Baled,6.0
E-waste,625.8,Medium,Kolkata,Low,116.23,10.64,95.5,5,Individual,0.5,Mixed,91.87
Paper,2488.0,High,Mumbai,High,11.05,8.35,22.9,10,Individual,0.55,Mixed,9.05
Aluminum,270.9,High,Mumbai,High,170.07,12.0,101.5,9,Industrial Recycler,0.36,Sorted,216.77
Paper,293.9,Medium,Mumbai,Moderate,11.52,14.13,9.7,4,Business,0.77,Contaminated,4.8
Textile,645.9,Industrial Grade,Mumbai,High,28.8,9.33,50.1,10,Industrial Recycler,0.53,Mixed,31.15
Other,488.1,Medium,Delhi,Moderate,14.51,5.96,33.9,9,Individual,0.95,Contaminated,7.0
E-waste,1571.2,Medium,Bengaluru,Moderate,128.35,6.07,69.1,9,Business,0.8,Mixed,111.61
E-waste,880.7,Low,Delhi,Moderate,128.78,9.27,9.0,8,Municipal Collector,0.59,Mixed,90.1
Steel,600.1,Low,Bengaluru,Low,40.61,9.35,83.8,10,Industrial Recycler,0.83,Contaminated,16.8
Textile,80.8,Medium,Ahmedabad,Low,26.01,2.71,71.7,9,Business,0.88,Mixed,16.21
Copper,250.3,Low,Surat,High,610.63,13.24,105.1,8,Industrial Recycler,0.71,Baled,547.55
Cardboard,84.5,High,Kolkata,Low,14.88,3.77,145.3,12,Individual,0.75,Contaminated,5.6
Steel,56.8,Low,Ahmedabad,Low,38.64,3.49,104.7,10,Business,0.72,Sorted,22.6
Copper,61.8,High,Ahmedabad,High,603.79,7.77,125.7,1,Business,0.39,Contaminated,547.7
Textile,572.2,Industrial Grade,Surat,High,26.31,10.56,68.7,11,Industrial Recycler,0.4,Contaminated,19.79
Aluminum,587.6,Medium,Bengaluru,Low,179.31,9.11,112.5,9,Individual,0.5,Contaminated,107.65
Copper,25.1,Industrial Grade,Delhi,Low,641.36,3.4,106.2,7,Industrial Recycler,0.6,Sorted,685.05
Aluminum,525.4,Low,Coimbatore,High,191.32,10.39,48.9,10,Municipal Collector,0.73,Mixed,149.72
Aluminum,1054.5,Low,Mumbai,Moderate,190.25,6.65,147.4,1,Municipal Collector,0.65,Contaminated,108.21
Glass,663.6,Industrial Grade,Bengaluru,High,7.95,9.32,100.1,6,Individual,0.9,Baled,5.69
Steel,96.7,Low,Ahmedabad,Moderate,39.85,9.88,144.6,7,Business,0.8,Sorted,24.04
Cardboard,25.9,Low,Surat,Low,13.78,10.03,55.5,10,Industrial Recycler,0.33,Contaminated,5.6
Steel,352.8,Medium,Ahmedabad,Low,45.23,11.88,74.1,11,Business,0.87,Clean,36.55
Plastic,450.4,High,Delhi,Low,32.41,5.26,14.0,2,Municipal Collector,0.82,Contaminated,20.28
E-waste,673.1,Low,Bengaluru,Low,112.96,7.84,20.6,6,Business,0.75,Baled,86.73
Cardboard,548.2,Medium,Ahmedabad,Moderate,13.24,4.62,46.5,11,Municipal Collector,0.87,Contaminated,6.29
Plastic,301.0,High,Hyderabad,High,34.21,13.61,122.5,1,Business,0.59,Baled,40.7
Cardboard,578.8,High,Hyderabad,High,13.67,8.16,87.7,4,Municipal Collector,0.73,Sorted,13.39
Cardboard,797.9,Medium,Delhi,Moderate,14.04,3.65,87.5,2,Municipal Collector,0.37,Clean,12.03
E-waste,315.7,Medium,Coimbatore,Low,126.3,5.77,124.1,4,Industrial Recycler,0.57,Clean,123.18
Glass,994.4,High,Kolkata,Moderate,8.14,8.73,40.0,10,Business,0.52,Contaminated,3.2
Other,1262.3,High,Surat,Low,15.37,14.8,140.9,8,Business,0.32,Baled,6.39
Textile,456.4,Low,Bengaluru,Moderate,29.9,11.54,84.3,4,Business,0.76,Contaminated,11.2
Aluminum,251.9,Medium,Pune,High,183.24,9.78,142.7,2,Business,0.36,Mixed,190.06
Cardboard,603.0,Industrial Grade,Chennai,Moderate,13.66,4.93,77.0,1,Business,0.63,Contaminated,8.45
Plastic,254.6,High,Kolkata,High,36.33,10.87,129.7,10,Individual,0.69,Clean,42.53
Aluminum,96.9,Industrial Grade,Delhi,Low,178.21,3.79,66.9,12,Individual,0.93,Mixed,168.44
Glass,1124.1,Low,Coimbatore,Moderate,7.65,9.65,38.6,4,Municipal Collector,0.82,Contaminated,3.2
Cardboard,32.9,High,Coimbatore,Low,13.51,7.7,13.2,2,Individual,0.52,Clean,11.54
Other,539.0,Medium,Ahmedabad,High,14.4,3.0,22.7,11,Municipal Collector,0.68,Sorted,14.86
E-waste,57.2,Low,Pune,Moderate,120.52,10.5,47.4,9,Industrial Recycler,0.49,Contaminated,62.12
Cardboard,283.5,High,Surat,Moderate,13.19,4.65,45.6,8,Municipal Collector,0.98,Clean,13.63
Plastic,485.4,Low,Pune,High,37.68,3.85,123.4,12,Business,0.79,Baled,31.39
E-waste,246.7,High,Mumbai,Moderate,128.93,5.91,90.3,5,Business,0.34,Clean,167.61
Other,95.7,Industrial Grade,Delhi,High,14.24,4.67,11.4,8,Municipal Collector,0.6,Mixed,15.11
Aluminum,352.4,Low,Coimbatore,Low,189.45,6.37,114.4,10,Industrial Recycler,0.48,Clean,140.07
Other,1682.4,Medium,Delhi,Moderate,15.74,11.78,139.6,12,Municipal Collector,0.69,Clean,9.12
Paper,262.4,Industrial Grade,Bengaluru,Low,11.5,14.9,72.8,7,Industrial Recycler,0.94,Mixed,4.8
Paper,31.8,Low,Pune,High,11.73,10.0,62.2,10,Industrial Recycler,0.76,Clean,5.08
Other,725.7,High,Mumbai,Moderate,13.82,2.22,69.4,3,Industrial Recycler,0.33,Clean,15.12
Glass,1171.7,Industrial Grade,Coimbatore,High,8.14,5.59,141.1,10,Municipal Collector,0.52,Baled,5.97
Copper,81.7,Industrial Grade,Mumbai,Moderate,613.28,10.19,23.4,8,Industrial Recycler,0.73,Contaminated,514.85
Aluminum,1116.4,Medium,Bengaluru,Low,174.74,7.72,78.5,11,Business,0.69,Clean,168.98
Plastic,481.8,High,Pune,Moderate,34.16,9.81,109.2,9,Business,0.35,Sorted,32.83
E-waste,228.1,High,Hyderabad,High,123.48,12.78,87.7,6,Individual,0.35,Baled,162.92
Textile,409.8,Low,Surat,High,28.68,7.31,53.6,6,Industrial Recycler,0.63,Contaminated,14.0
Paper,410.1,High,Mumbai,Moderate,12.21,2.33,137.2,3,Business,0.87,Contaminated,5.04
Cardboard,737.5,Low,Bengaluru,Moderate,15.02,10.44,115.6,7,Business,0.97,Contaminated,5.6
Plastic,200.0,Industrial Grade,Kolkata,Low,35.11,10.57,93.0,1,Business,0.52,Baled,36.69
Plastic,170.1,Low,Pune,Moderate,32.85,11.73,71.1,4,Individual,0.47,Contaminated,14.0
Textile,1716.9,Low,Pune,Moderate,29.28,4.99,75.2,11,Business,0.46,Clean,21.9
Steel,427.9,Medium,Surat,Low,39.43,6.44,120.4,5,Individual,0.59,Mixed,27.12
Cardboard,94.9,Medium,Bengaluru,Moderate,13.47,3.57,7.2,8,Individual,0.69,Baled,12.0
E-waste,313.5,High,Coimbatore,High,120.29,2.95,29.2,12,Municipal Collector,0.67,Contaminated,108.06
Textile,276.9,Industrial Grade,Kolkata,High,29.78,3.55,108.2,4,Municipal Collector,0.93,Sorted,42.35
Other,2565.5,High,Ahmedabad,High,14.85,11.63,96.5,7,Industrial Recycler,0.83,Clean,14.43
Steel,441.3,Medium,Bengaluru,Low,43.0,6.81,91.1,1,Business,0.57,Baled,37.85
E-waste,504.7,Medium,Chennai,Low,121.23,6.43,48.1,4,Industrial Recycler,0.93,Baled,116.44
Other,40.1,Industrial Grade,Pune,Moderate,16.07,2.55,143.3,3,Municipal Collector,0.92,Sorted,15.68
Plastic,342.7,Industrial Grade,Chennai,Moderate,33.73,3.54,46.3,6,Industrial Recycler,0.61,Baled,42.64
Steel,1682.5,Low,Hyderabad,Low,42.35,3.25,45.4,11,Business,0.66,Sorted,29.89
Steel,1221.0,High,Coimbatore,High,40.01,2.34,125.7,8,Individual,0.96,Baled,52.08
Other,1040.0,Industrial Grade,Ahmedabad,Low,16.01,11.31,138.1,5,Individual,0.38,Mixed,8.61
Textile,90.0,Industrial Grade,Mumbai,High,29.36,14.59,102.0,12,Individual,0.82,Sorted,33.98
Plastic,810.5,High,Mumbai,High,36.55,8.67,96.4,8,Industrial Recycler,0.79,Sorted,43.73
Glass,181.3,High,Hyderabad,High,7.41,13.41,100.9,9,Industrial Recycler,0.74,Mixed,3.2
Aluminum,2001.3,Medium,Hyderabad,Low,179.55,8.11,33.4,11,Municipal Collector,0.43,Contaminated,106.15
E-waste,350.3,Low,Kolkata,High,111.69,2.04,113.7,12,Business,0.69,Contaminated,67.96
Plastic,255.3,Medium,Surat,Moderate,34.15,5.05,96.5,7,Industrial Recycler,0.67,Clean,33.42
Steel,188.3,Low,Ahmedabad,Moderate,41.87,6.64,61.9,11,Municipal Collector,0.37,Contaminated,19.37
Copper,264.3,Low,Hyderabad,Moderate,697.46,4.29,66.6,11,Industrial Recycler,0.76,Mixed,489.85
Glass,378.0,Industrial Grade,Surat,Moderate,7.7,2.38,104.6,7,Municipal Collector,0.45,Contaminated,3.2
Textile,1023.4,High,Pune,Moderate,27.55,7.75,61.7,7,Industrial Recycler,0.94,Baled,29.96
Paper,1994.8,Industrial Grade,Mumbai,Moderate,11.36,9.44,64.4,8,Business,0.44,Contaminated,4.8
Copper,743.1,Low,Coimbatore,Low,692.87,11.16,18.1,7,Business,0.84,Contaminated,338.66
Cardboard,446.1,High,Pune,Low,14.08,4.04,33.8,9,Individual,0.9,Clean,13.3
Plastic,1137.9,Low,Delhi,Moderate,32.28,5.23,85.2,4,Industrial Recycler,0.89,Contaminated,14.54
Cardboard,52.2,High,Coimbatore,Moderate,14.29,2.32,46.0,3,Municipal Collector,0.78,Baled,15.73
Aluminum,377.1,Low,Bengaluru,Moderate,167.8,13.21,132.1,12,Municipal Collector,0.65,Clean,145.43
Textile,512.5,High,Chennai,Low,29.48,7.08,90.3,12,Individual,0.9,Clean,29.3
Glass,661.3,Industrial Grade,Mumbai,Low,8.6,3.3,71.5,5,Business,0.7,Baled,7.21
Textile,609.7,Low,Delhi,High,28.91,5.7,45.4,9,Individual,0.65,Mixed,19.45
Textile,242.1,High,Pune,Low,28.35,7.88,108.6,9,Municipal Collector,0.32,Mixed,18.6
Plastic,835.9,Industrial Grade,Mumbai,Moderate,32.67,10.19,25.8,6,Business,0.69,Sorted,38.98
Plastic,1598.5,Industrial Grade,Bengaluru,High,36.25,8.16,94.4,7,Business,0.7,Baled,50.01
Plastic,24.5,High,Mumbai,Moderate,34.0,3.96,54.0,12,Municipal Collector,0.7,Mixed,30.75
Textile,27.2,High,Kolkata,Low,28.68,6.07,84.1,8,Individual,0.53,Sorted,24.54
E-waste,689.5,High,Delhi,Moderate,124.76,4.11,114.7,3,Business,0.42,Clean,164.16
E-waste,97.1,High,Bengaluru,Moderate,124.78,8.33,121.5,11,Municipal Collector,0.68,Clean,150.14
Textile,720.1,High,Mumbai,High,28.1,10.8,138.7,12,Municipal Collector,0.73,Sorted,31.22
Glass,746.5,Medium,Surat,Moderate,7.96,9.86,58.8,12,Individual,0.45,Contaminated,3.2
Glass,955.1,Medium,Coimbatore,Low,7.45,3.95,65.4,6,Municipal Collector,0.98,Contaminated,3.2
Paper,354.4,Medium,Kolkata,Low,11.94,2.79,53.0,8,Business,0.41,Contaminated,4.8
Glass,60.4,Medium,Hyderabad,Low,7.91,13.85,46.2,5,Business,0.81,Sorted,3.2
Glass,54.1,Industrial Grade,Chennai,Low,7.72,11.5,27.1,10,Individual,0.48,Sorted,3.2
Copper,234.5,Medium,Pune,Low,626.83,9.7,116.9,10,Municipal Collector,0.87,Baled,582.85
Other,1495.3,Industrial Grade,Hyderabad,High,14.15,12.44,18.2,4,Business,0.42,Contaminated,9.33
Aluminum,57.5,Low,Kolkata,High,174.31,8.13,66.7,8,Individual,0.83,Clean,160.58
Plastic,198.0,Industrial Grade,Pune,Moderate,32.64,6.12,126.6,5,Municipal Collector,0.72,Mixed,31.89
Plastic,60.0,Medium,Delhi,Low,33.6,11.04,69.0,9,Individual,0.38,Sorted,24.38
Textile,633.9,Low,Ahmedabad,High,28.52,7.51,55.2,11,Industrial Recycler,0.91,Contaminated,13.53
Plastic,45.8,Industrial Grade,Hyderabad,High,35.48,4.53,57.3,8,Business,0.53,Sorted,46.47
Glass,195.0,Low,Coimbatore,High,7.42,8.22,44.9,11,Industrial Recycler,0.79,Baled,3.2
Paper,152.2,Low,Ahmedabad,Low,11.95,8.37,96.7,10,Business,0.91,Clean,4.8
Cardboard,1344.1,High,Surat,Moderate,14.83,11.57,27.2,12,Business,0.39,Clean,13.99
Textile,279.7,High,Pune,Moderate,29.58,5.61,129.4,2,Business,0.76,Clean,32.79
Aluminum,343.5,Low,Surat,Low,192.69,8.71,141.9,12,Individual,0.58,Sorted,140.03
Aluminum,148.1,High,Mumbai,Low,183.13,2.58,30.0,2,Individual,0.78,Contaminated,132.36
Textile,482.5,Medium,Kolkata,Moderate,29.51,8.06,22.1,6,Industrial Recycler,0.36,Clean,29.47
E-waste,241.4,High,Chennai,High,110.79,10.15,51.0,3,Individual,0.42,Clean,156.51
Aluminum,1117.6,Medium,Hyderabad,Moderate,191.56,10.35,126.4,5,Business,0.43,Sorted,205.99
Steel,369.7,Low,Bengaluru,Moderate,40.16,6.1,25.4,5,Industrial Recycler,0.43,Clean,35.32
Plastic,510.1,Medium,Mumbai,Moderate,34.15,9.52,76.0,2,Municipal Collector,0.75,Sorted,30.84
E-waste,57.2,Medium,Bengaluru,Low,118.73,14.92,87.5,9,Municipal Collector,0.75,Clean,99.16
Paper,645.8,Medium,Chennai,Low,11.94,5.36,117.1,9,Industrial Recycler,0.32,Sorted,5.58
Copper,884.5,Medium,Surat,High,659.19,6.91,59.0,6,Municipal Collector,0.32,Mixed,688.17
Copper,387.2,Low,Ahmedabad,High,617.46,13.74,53.8,6,Municipal Collector,0.55,Clean,633.58
Steel,97.1,Industrial Grade,Ahmedabad,High,41.56,9.49,71.2,10,Business,0.58,Baled,54.62
Plastic,363.3,Low,Ahmedabad,Low,37.4,2.52,63.2,11,Industrial Recycler,0.46,Sorted,25.56
Cardboard,187.2,High,Surat,Moderate,13.25,4.13,91.0,7,Industrial Recycler,0.51,Mixed,9.37
Other,47.9,Medium,Pune,High,15.64,6.02,145.7,1,Individual,0.86,Baled,11.89
E-waste,710.4,Industrial Grade,Bengaluru,Moderate,111.94,5.92,133.0,4,Business,0.47,Contaminated,96.05
Plastic,181.6,Industrial Grade,Bengaluru,Low,32.23,12.08,85.5,11,Individual,0.41,Clean,31.43
Copper,633.8,Industrial Grade,Hyderabad,Low,671.45,12.81,101.9,8,Municipal Collector,0.83,Baled,782.54
Copper,73.7,Industrial Grade,Delhi,Moderate,673.96,12.66,135.2,6,Individual,0.6,Contaminated,592.1
Textile,243.3,High,Hyderabad,Moderate,27.38,5.06,30.8,10,Business,0.65,Sorted,30.16
Aluminum,208.0,Industrial Grade,Bengaluru,Low,178.14,4.75,32.3,8,Individual,0.54,Clean,207.99
Steel,797.8,Industrial Grade,Delhi,Moderate,45.08,2.45,124.1,11,Industrial Recycler,0.6,Contaminated,35.42
Steel,1223.7,Industrial Grade,Chennai,High,44.44,3.32,104.5,6,Municipal Collector,0.86,Baled,66.45
Aluminum,256.9,Medium,Ahmedabad,High,177.17,14.48,75.5,1,Municipal Collector,0.84,Sorted,206.65
Paper,265.2,Industrial Grade,Surat,Low,12.41,12.15,77.8,8,Business,0.89,Sorted,7.48
Glass,520.8,High,Chennai,Moderate,8.27,14.33,6.0,3,Municipal Collector,0.48,Contaminated,3.2
Cardboard,568.9,Industrial Grade,Mumbai,High,13.7,8.37,22.6,1,Municipal Collector,0.92,Mixed,13.8
Glass,1711.4,Low,Coimbatore,Moderate,7.89,5.81,43.7,9,Industrial Recycler,0.61,Mixed,3.2
Paper,75.7,High,Coimbatore,High,11.2,5.23,112.1,9,Industrial Recycler,0.37,Baled,9.84
Steel,781.2,Industrial Grade,Ahmedabad,Moderate,44.71,13.94,94.5,12,Industrial Recycler,0.95,Mixed,43.32
Cardboard,243.2,Industrial Grade,Pune,High,14.31,14.7,26.3,1,Industrial Recycler,0.92,Clean,16.08
Textile,1591.0,High,Delhi,Low,26.91,14.35,8.2,7,Industrial Recycler,0.76,Sorted,21.95
Copper,326.0,Industrial Grade,Mumbai,High,623.35,13.11,79.5,10,Industrial Recycler,0.86,Clean,946.8
Glass,137.2,Industrial Grade,Bengaluru,Moderate,7.87,2.59,77.7,5,Industrial Recycler,0.43,Contaminated,3.44
Paper,46.9,Low,Coimbatore,Moderate,11.93,5.57,100.3,7,Individual,0.85,Clean,4.8
Glass,749.6,High,Pune,High,8.27,5.74,14.2,4,Business,0.88,Contaminated,5.39
Other,969.7,Industrial Grade,Ahmedabad,Moderate,14.63,6.43,6.8,9,Municipal Collector,0.61,Baled,17.04
E-waste,139.1,Industrial Grade,Delhi,Low,121.37,10.59,63.4,5,Individual,0.36,Contaminated,88.37
E-waste,1080.8,Low,Mumbai,High,119.37,7.87,113.9,5,Industrial Recycler,0.41,Clean,122.84
Other,141.5,Medium,Delhi,Moderate,15.59,5.69,114.0,1,Municipal Collector,0.99,Baled,11.79
Textile,195.0,Medium,Chennai,Low,28.32,14.9,36.7,7,Business,0.43,Mixed,16.19
Steel,93.4,Industrial Grade,Hyderabad,Moderate,43.82,5.63,135.6,7,Industrial Recycler,0.74,Baled,52.95
Glass,209.6,Industrial Grade,Ahmedabad,Moderate,8.54,7.84,124.8,5,Municipal Collector,0.42,Contaminated,3.2
Paper,537.6,High,Bengaluru,Moderate,12.29,6.98,136.6,11,Municipal Collector,0.98,Baled,8.96
Textile,131.1,Medium,Bengaluru,Low,28.45,14.99,94.9,10,Individual,0.81,Clean,17.68
Aluminum,1124.6,Low,Surat,High,176.26,3.18,73.4,11,Individual,0.82,Baled,168.43
Textile,49.9,Medium,Hyderabad,Moderate,26.66,11.27,73.5,3,Industrial Recycler,0.39,Contaminated,11.49
Copper,79.1,High,Ahmedabad,Low,623.16,7.77,104.1,4,Municipal Collector,0.42,Contaminated,422.17
E-waste,922.4,High,Hyderabad,Moderate,124.77,2.91,109.7,8,Individual,0.78,Baled,152.59
Textile,27.4,Industrial Grade,Mumbai,High,28.48,11.31,82.9,12,Municipal Collector,0.99,Mixed,27.21
Aluminum,29.8,Industrial Grade,Mumbai,Low,166.75,11.43,125.1,7,Business,0.58,Mixed,146.78
Cardboard,86.4,Industrial Grade,Bengaluru,High,14.65,9.54,114.9,5,Business,0.81,Mixed,11.36
Glass,279.0,Industrial Grade,Ahmedabad,High,8.25,6.29,43.4,4,Individual,0.62,Sorted,8.42
E-waste,398.5,Medium,Ahmedabad,Moderate,121.31,11.09,119.2,6,Industrial Recycler,0.72,Sorted,122.24
Steel,331.9,Medium,Hyderabad,Moderate,40.7,11.28,86.7,6,Business,0.8,Baled,37.77
Other,1675.2,Low,Mumbai,Low,14.15,11.04,112.8,3,Municipal Collector,0.5,Mixed,6.0
Textile,206.9,Low,Surat,High,27.39,2.16,26.5,5,Individual,0.66,Contaminated,16.12
Cardboard,763.6,Industrial Grade,Pune,Low,13.58,13.08,27.6,11,Individual,0.56,Mixed,7.68
E-waste,1885.1,Medium,Ahmedabad,Moderate,116.97,14.31,7.1,7,Individual,0.52,Baled,128.56
Plastic,87.1,Medium,Hyderabad,Low,35.78,9.4,77.3,6,Business,0.31,Sorted,26.74
Cardboard,174.3,Medium,Delhi,Moderate,13.03,6.28,19.3,11,Business,0.69,Contaminated,6.03
Cardboard,28.9,High,Hyderabad,Moderate,14.98,4.37,120.6,5,Individual,0.9,Clean,13.73
Plastic,384.9,Industrial Grade,Kolkata,High,36.85,4.47,18.2,5,Industrial Recycler,0.34,Contaminated,34.66
Steel,233.9,Low,Hyderabad,High,39.3,8.2,115.4,10,Individual,0.92,Clean,32.37
Aluminum,1848.6,Low,Chennai,High,181.22,4.57,17.1,8,Municipal Collector,0.45,Clean,175.58
E-waste,958.9,Low,Chennai,High,114.14,12.11,133.5,12,Municipal Collector,0.86,Baled,107.55
Other,326.2,Industrial Grade,Surat,Moderate,15.02,4.29,76.4,5,Municipal Collector,0.66,Clean,17.59
Paper,273.8,Low,Mumbai,High,11.88,6.01,86.4,11,Industrial Recycler,0.98,Baled,6.43
Steel,149.5,Industrial Grade,Ahmedabad,Moderate,43.16,11.89,30.9,3,Municipal Collector,0.37,Clean,55.72
E-waste,161.6,Low,Chennai,High,116.54,8.52,35.9,4,Individual,0.67,Baled,116.19
Copper,341.0,Low,Pune,High,615.86,7.15,32.8,3,Individual,0.41,Baled,621.67
Steel,49.8,Low,Mumbai,Moderate,44.39,8.14,140.3,4,Municipal Collector,0.51,Baled,31.86
Steel,59.3,Low,Pune,Low,43.77,9.32,49.7,8,Industrial Recycler,0.3,Sorted,26.05
Textile,247.6,High,Ahmedabad,Moderate,26.69,11.16,7.8,5,Individual,0.8,Mixed,23.41
Paper,95.9,Low,Delhi,Moderate,12.57,11.61,85.9,6,Municipal Collector,0.73,Clean,4.8
E-waste,507.0,Low,Bengaluru,High,121.78,14.24,109.8,6,Individual,0.97,Clean,115.36
Aluminum,99.5,Industrial Grade,Surat,High,184.02,3.32,59.4,10,Industrial Recycler,0.49,Mixed,227.8
Glass,853.3,Industrial Grade,Bengaluru,High,8.3,14.7,15.7,12,Municipal Collector,0.88,Sorted,6.1
Steel,580.6,Low,Ahmedabad,High,43.08,9.11,52.5,4,Business,0.69,Baled,40.18
Paper,170.5,High,Pune,High,11.66,4.79,113.4,8,Industrial Recycler,0.46,Contaminated,5.17
Glass,191.6,Low,Mumbai,Low,7.51,2.3,113.4,10,Industrial Recycler,0.59,Contaminated,3.2
Textile,337.4,Industrial Grade,Kolkata,Low,25.9,7.68,7.3,6,Business,0.65,Clean,28.89
Glass,52.1,Industrial Grade,Chennai,Low,8.07,3.2,16.0,12,Industrial Recycler,0.38,Sorted,7.55
Steel,99.7,High,Chennai,Moderate,41.67,5.6,67.5,11,Individual,0.92,Baled,45.8
Steel,1604.3,Low,Ahmedabad,High,45.01,11.61,118.3,9,Industrial Recycler,0.92,Clean,36.78
Textile,397.1,Low,Coimbatore,Low,26.92,7.55,37.7,1,Municipal Collector,0.46,Clean,17.52
Glass,589.1,Industrial Grade,Surat,Low,7.75,3.93,32.4,3,Industrial Recycler,0.37,Contaminated,3.53
Cardboard,59.7,High,Chennai,Low,14.35,14.07,131.2,6,Industrial Recycler,0.44,Contaminated,5.6
Steel,327.8,Industrial Grade,Pune,High,41.59,13.69,24.9,1,Individual,0.88,Sorted,56.59
Textile,415.5,High,Delhi,Low,26.68,7.19,69.8,1,Individual,0.57,Mixed,19.99
Copper,110.6,High,Bengaluru,Low,660.9,8.36,22.5,4,Business,0.82,Contaminated,476.09
Glass,314.9,Industrial Grade,Kolkata,High,8.57,8.61,74.3,6,Business,0.31,Contaminated,3.2
Textile,158.5,Industrial Grade,Pune,High,29.56,7.64,126.3,5,Industrial Recycler,0.51,Mixed,31.47
Copper,1637.3,Industrial Grade,Pune,High,656.72,5.24,25.4,1,Industrial Recycler,0.39,Mixed,878.43
Steel,170.2,Medium,Surat,High,41.14,10.59,130.6,4,Business,0.59,Mixed,35.06
Steel,307.2,Industrial Grade,Bengaluru,High,39.73,3.42,132.5,6,Individual,0.65,Contaminated,33.75
Paper,506.9,Industrial Grade,Coimbatore,Moderate,11.11,13.55,53.1,1,Industrial Recycler,0.91,Sorted,8.24
Textile,2006.4,High,Bengaluru,Moderate,26.17,13.66,7.2,2,Individual,0.99,Baled,29.71
Copper,1212.4,Industrial Grade,Bengaluru,Moderate,647.53,2.01,122.4,10,Municipal Collector,0.93,Mixed,728.27
Paper,1458.5,Medium,Surat,Low,12.48,8.21,108.9,11,Industrial Recycler,0.9,Sorted,5.34
Plastic,1912.9,Medium,Bengaluru,Low,36.22,11.66,100.6,4,Individual,0.5,Contaminated,16.78
Other,728.0,High,Bengaluru,High,16.14,6.27,100.6,12,Industrial Recycler,0.77,Contaminated,9.5
Cardboard,653.5,Low,Pune,Moderate,14.79,11.57,26.1,11,Municipal Collector,0.82,Contaminated,5.6
Textile,162.1,High,Bengaluru,High,26.49,12.33,9.9,11,Business,0.53,Contaminated,19.27
Other,108.8,Industrial Grade,Surat,Moderate,15.29,4.79,70.6,7,Individual,0.68,Mixed,13.29
Copper,436.3,Low,Bengaluru,Moderate,678.29,13.34,54.4,5,Industrial Recycler,0.62,Baled,603.01
Copper,26.1,Low,Pune,Moderate,611.13,14.54,98.1,7,Business,0.46,Baled,519.51
E-waste,24.5,High,Bengaluru,Low,129.3,7.67,49.5,6,Industrial Recycler,0.36,Clean,137.35
Cardboard,149.8,Medium,Bengaluru,Low,14.52,2.22,37.2,11,Individual,0.55,Mixed,9.34
Other,523.1,Medium,Kolkata,Low,16.19,11.02,83.2,6,Business,0.42,Baled,8.72
Steel,962.1,High,Bengaluru,Low,44.41,9.93,141.6,9,Individual,0.49,Contaminated,22.59
Textile,672.6,Low,Ahmedabad,Low,27.1,11.38,51.7,8,Municipal Collector,0.35,Mixed,11.2
Cardboard,34.8,Low,Coimbatore,Low,13.24,8.25,25.3,7,Business,0.98,Contaminated,5.6
Plastic,347.8,Industrial Grade,Delhi,Low,32.59,12.85,33.0,10,Municipal Collector,0.97,Contaminated,18.28
Paper,190.5,Medium,Hyderabad,High,11.67,5.58,25.6,8,Individual,0.75,Mixed,8.67
Cardboard,273.6,Low,Hyderabad,High,14.09,12.69,68.5,11,Municipal Collector,0.73,Baled,6.16
Steel,721.8,High,Delhi,Moderate,42.57,8.06,21.4,5,Business,0.91,Sorted,48.75
E-waste,1273.1,Low,Chennai,Low,117.36,9.79,92.5,12,Business,0.91,Contaminated,53.94
E-waste,240.9,Industrial Grade,Mumbai,High,122.69,13.76,111.2,12,Business,0.53,Mixed,149.52
Paper,794.5,Low,Ahmedabad,High,11.87,4.88,89.9,4,Business,0.49,Clean,7.88
E-waste,242.0,Industrial Grade,Coimbatore,Low,122.74,12.9,20.6,10,Municipal Collector,0.37,Baled,134.64
Copper,554.5,High,Delhi,Moderate,679.97,6.51,112.9,12,Municipal Collector,0.9,Contaminated,548.44
Other,1272.0,High,Coimbatore,Low,16.07,2.31,87.2,4,Municipal Collector,0.37,Mixed,11.96
Textile,73.7,High,Pune,Moderate,27.76,5.23,146.2,6,Industrial Recycler,0.33,Mixed,21.25
E-waste,39.9,Low,Delhi,High,120.0,4.24,118.2,6,Industrial Recycler,0.36,Contaminated,68.9
Glass,38.3,Medium,Chennai,Moderate,8.18,10.08,63.9,11,Business,0.83,Sorted,3.2
Plastic,186.0,Low,Ahmedabad,Moderate,34.01,14.47,114.4,6,Industrial Recycler,0.38,Mixed,15.4
Other,1522.5,Low,Kolkata,Low,13.98,10.04,30.8,9,Industrial Recycler,0.37,Baled,6.0
Other,453.9,Industrial Grade,Kolkata,High,14.05,13.98,62.5,6,Industrial Recycler,0.97,Sorted,14.32
Paper,383.6,High,Coimbatore,High,11.57,10.68,84.5,4,Municipal Collector,0.65,Sorted,9.43
Plastic,237.7,Medium,Bengaluru,Moderate,37.0,14.54,48.0,1,Individual,0.64,Contaminated,20.1
E-waste,1142.6,Industrial Grade,Delhi,Low,122.44,9.55,127.9,3,Individual,0.92,Baled,151.89
Textile,343.5,Low,Pune,Moderate,27.19,14.18,135.5,6,Municipal Collector,0.55,Sorted,13.37
Steel,364.1,Low,Chennai,Low,39.34,8.96,107.7,9,Individual,0.88,Contaminated,16.8
Plastic,123.0,Low,Mumbai,High,34.65,7.98,126.3,10,Municipal Collector,0.71,Baled,24.87
Copper,221.4,Medium,Kolkata,Low,688.23,6.52,13.3,11,Municipal Collector,0.4,Clean,657.51
Glass,56.9,High,Coimbatore,Low,8.34,7.6,91.7,12,Industrial Recycler,0.39,Sorted,3.2
Textile,55.8,Medium,Pune,Moderate,30.0,13.39,87.6,4,Industrial Recycler,0.4,Mixed,19.44
Cardboard,283.3,Low,Pune,Low,14.26,14.71,22.4,10,Business,0.67,Clean,5.6
Steel,852.7,Medium,Bengaluru,Low,39.44,8.43,99.2,1,Individual,0.36,Contaminated,18.83
Textile,611.5,Industrial Grade,Bengaluru,Moderate,26.55,6.05,31.5,6,Municipal Collector,0.6,Mixed,27.98
Paper,757.3,Industrial Grade,Delhi,High,12.26,14.81,37.9,4,Industrial Recycler,0.54,Clean,12.76
Copper,1063.3,Low,Kolkata,Low,598.18,3.24,104.0,1,Business,0.99,Clean,490.57
Aluminum,407.3,High,Coimbatore,Moderate,193.12,13.17,86.7,10,Industrial Recycler,0.43,Sorted,222.74
Other,39.1,Industrial Grade,Pune,Low,15.24,13.86,131.5,2,Individual,0.7,Contaminated,6.0
E-waste,88.4,Medium,Coimbatore,High,128.79,8.99,10.6,10,Municipal Collector,0.96,Baled,149.15
Paper,48.1,Low,Surat,Moderate,11.41,3.3,29.3,9,Individual,0.41,Clean,6.8
Other,1827.4,Low,Ahmedabad,Low,14.39,2.85,102.0,2,Municipal Collector,0.4,Mixed,6.0
E-waste,201.2,Medium,Coimbatore,High,123.99,13.83,122.6,8,Industrial Recycler,0.89,Mixed,111.55
Copper,151.0,High,Kolkata,Low,644.58,6.16,34.1,11,Municipal Collector,0.44,Sorted,691.83
Textile,963.3,Industrial Grade,Ahmedabad,Moderate,27.93,6.18,76.2,1,Business,0.57,Mixed,28.85
E-waste,294.6,Low,Hyderabad,Low,127.69,9.64,49.5,2,Business,0.68,Clean,95.47
Glass,643.5,High,Mumbai,High,7.43,14.53,32.3,7,Business,0.88,Baled,3.54
Textile,868.5,Medium,Hyderabad,Moderate,26.75,4.41,71.3,2,Business,0.52,Baled,26.59
Plastic,1181.1,Industrial Grade,Coimbatore,Low,37.38,10.96,34.9,7,Business,0.3,Contaminated,23.34
Plastic,841.7,Low,Pune,Moderate,33.58,3.84,11.5,7,Individual,0.77,Contaminated,18.35
Textile,560.9,Low,Delhi,Low,27.45,12.71,6.5,12,Industrial Recycler,0.89,Contaminated,11.2
Plastic,60.9,Industrial Grade,Delhi,Low,35.91,7.84,105.9,1,Business,0.46,Sorted,36.68
Copper,111.6,High,Bengaluru,Moderate,624.68,14.27,52.5,9,Business,0.78,Contaminated,486.41
Textile,778.5,Low,Surat,Moderate,29.45,3.55,20.7,5,Industrial Recycler,0.92,Baled,25.02
Copper,41.7,Industrial Grade,Ahmedabad,High,684.64,4.97,20.9,8,Business,0.43,Contaminated,642.34
Copper,174.2,Medium,Ahmedabad,Low,602.27,9.76,25.7,12,Industrial Recycler,0.95,Mixed,456.27
Plastic,646.6,Medium,Bengaluru,High,33.18,5.26,129.6,6,Business,0.62,Sorted,34.85
Aluminum,731.5,Industrial Grade,Kolkata,High,175.27,10.15,37.7,2,Industrial Recycler,0.8,Mixed,229.34
Aluminum,375.5,Industrial Grade,Kolkata,High,167.23,14.53,25.8,3,Industrial Recycler,0.78,Clean,261.33
Textile,250.4,High,Pune,Low,28.83,13.72,10.6,6,Individual,0.3,Baled,26.81
Aluminum,329.7,High,Hyderabad,Low,166.17,9.09,10.1,11,Business,0.88,Mixed,151.81
E-waste,1289.1,Industrial Grade,Ahmedabad,Low,115.2,8.38,39.5,12,Municipal Collector,0.99,Sorted,137.04
E-waste,1009.1,Industrial Grade,Hyderabad,Moderate,128.89,11.5,46.6,3,Industrial Recycler,0.57,Contaminated,117.05
Paper,180.2,Medium,Delhi,Low,12.4,7.98,25.9,5,Business,0.68,Sorted,7.65
Plastic,231.8,Industrial Grade,Hyderabad,Low,36.31,7.43,66.1,7,Industrial Recycler,0.61,Contaminated,23.36
Textile,224.4,Industrial Grade,Delhi,Moderate,26.73,4.68,109.9,3,Industrial Recycler,0.43,Sorted,32.07
Plastic,432.9,Low,Pune,Low,34.83,7.11,49.5,11,Municipal Collector,0.68,Mixed,18.62
E-waste,1489.6,Low,Hyderabad,Moderate,123.07,13.57,54.0,4,Business,0.96,Baled,101.43
Textile,109.0,Medium,Delhi,High,29.1,5.55,101.7,10,Individual,0.69,Mixed,23.3
Steel,791.4,Industrial Grade,Delhi,High,39.52,13.28,72.9,6,Individual,0.95,Baled,53.8
Glass,32.8,High,Coimbatore,High,7.78,13.3,138.4,1,Business,0.36,Clean,3.2
Glass,933.2,Medium,Chennai,High,8.52,6.1,95.4,6,Industrial Recycler,0.61,Contaminated,3.2
Glass,153.9,Medium,Kolkata,Moderate,7.89,3.98,135.6,3,Business,0.67,Sorted,3.2
Other,630.2,Industrial Grade,Mumbai,Low,14.07,5.24,128.0,12,Municipal Collector,0.96,Contaminated,6.0
E-waste,1726.2,High,Ahmedabad,High,121.65,11.97,74.1,7,Municipal Collector,0.99,Clean,174.33
Glass,46.5,Industrial Grade,Ahmedabad,Low,8.09,14.31,145.7,1,Individual,0.92,Baled,3.2
Copper,1012.6,Low,Surat,High,609.54,13.92,103.2,5,Individual,0.95,Clean,626.15
Plastic,118.8,Low,Pune,Low,35.68,8.43,147.6,10,Business,0.71,Sorted,18.14
Steel,272.5,Low,Kolkata,High,38.99,13.78,76.0,1,Industrial Recycler,0.47,Sorted,31.25
Paper,90.6,Low,Coimbatore,Moderate,11.92,11.88,113.7,5,Industrial Recycler,0.36,Mixed,4.8
Cardboard,1045.6,High,Surat,Low,13.93,4.6,48.9,1,Business,0.57,Contaminated,6.83
Paper,578.4,Industrial Grade,Delhi,Moderate,12.42,14.26,54.6,12,Municipal Collector,0.69,Sorted,9.3
E-waste,510.2,Low,Chennai,High,127.6,13.2,137.4,11,Municipal Collector,0.32,Sorted,114.04
Steel,444.0,High,Pune,High,43.87,12.42,27.3,2,Individual,0.9,Contaminated,35.9
Aluminum,189.6,High,Bengaluru,Low,178.87,13.33,95.8,10,Business,0.91,Sorted,176.68
Copper,203.2,High,Hyderabad,Low,672.7,4.41,139.4,12,Individual,0.36,Clean,768.37
Textile,223.3,Medium,Delhi,High,29.42,4.5,95.7,6,Business,0.8,Contaminated,17.87
E-waste,679.7,Medium,Ahmedabad,Moderate,129.1,3.03,78.6,3,Business,0.48,Mixed,118.45
Cardboard,785.7,Medium,Hyderabad,Low,13.39,11.83,128.0,3,Business,0.58,Clean,5.6
Other,188.3,Low,Hyderabad,Moderate,14.38,6.48,41.4,7,Industrial Recycler,0.3,Baled,9.08
Paper,222.1,Low,Chennai,High,12.23,11.53,54.9,8,Business,0.87,Contaminated,4.8
Copper,49.1,Industrial Grade,Pune,Low,670.6,13.89,116.9,10,Business,0.72,Clean,778.55
Copper,533.2,Low,Ahmedabad,Moderate,630.6,11.92,77.5,6,Industrial Recycler,1.0,Sorted,536.02
Plastic,576.6,Medium,Pune,High,37.37,8.0,72.4,7,Business,0.89,Baled,39.68
Textile,290.9,Industrial Grade,Bengaluru,Moderate,25.87,7.45,113.8,12,Individual,0.4,Mixed,23.54
Glass,715.0,Industrial Grade,Coimbatore,Moderate,7.58,10.6,119.7,7,Industrial Recycler,0.72,Contaminated,3.2
Steel,181.7,Medium,Ahmedabad,High,41.98,4.57,44.3,3,Municipal Collector,0.41,Clean,50.22
Cardboard,302.8,Low,Surat,High,14.79,7.66,77.4,12,Municipal Collector,0.64,Contaminated,5.6
Aluminum,1784.7,Low,Ahmedabad,High,192.77,5.06,47.0,10,Industrial Recycler,0.86,Clean,191.17
Textile,80.1,Industrial Grade,Pune,Moderate,28.5,10.04,50.0,11,Individual,0.72,Clean,33.78
Cardboard,629.6,Low,Bengaluru,Low,12.92,8.16,87.0,6,Industrial Recycler,0.56,Sorted,5.6
Plastic,294.7,Medium,Pune,Low,36.61,14.64,137.8,11,Individual,0.69,Sorted,23.18
Other,173.5,Low,Surat,High,15.75,9.92,107.7,4,Industrial Recycler,0.47,Contaminated,6.0
Other,134.9,Industrial Grade,Delhi,Moderate,14.98,3.06,95.4,3,Business,0.72,Clean,16.72
Paper,189.5,High,Mumbai,Moderate,11.15,13.02,25.7,12,Individual,0.47,Mixed,5.66
Aluminum,554.7,Low,Kolkata,Low,179.56,14.44,118.6,3,Municipal Collector,0.52,Sorted,131.76
Cardboard,60.1,Medium,Mumbai,Low,14.05,13.5,13.8,12,Business,0.65,Contaminated,5.6
Plastic,59.3,Industrial Grade,Mumbai,Low,32.36,5.85,34.6,5,Business,0.75,Mixed,28.79
Textile,68.3,High,Ahmedabad,Moderate,27.75,4.04,60.4,11,Individual,0.52,Sorted,29.46
Paper,477.0,Industrial Grade,Mumbai,High,11.07,6.2,90.0,3,Municipal Collector,0.34,Sorted,12.4
Glass,175.6,Industrial Grade,Delhi,High,7.77,7.65,8.7,9,Industrial Recycler,0.42,Sorted,8.07
Other,27.6,High,Kolkata,Moderate,14.99,11.28,109.8,1,Business,0.95,Sorted,10.51
Steel,490.8,Medium,Hyderabad,Low,40.91,14.64,114.4,2,Individual,0.59,Clean,33.32
Copper,207.6,Industrial Grade,Kolkata,Low,614.12,7.15,98.1,7,Business,0.88,Mixed,609.18
Plastic,1025.3,Industrial Grade,Hyderabad,High,32.34,10.89,13.2,4,Industrial Recycler,0.75,Contaminated,28.0
Plastic,1486.2,Industrial Grade,Hyderabad,High,33.99,3.79,143.4,3,Individual,0.57,Clean,50.47
Textile,462.9,High,Coimbatore,Moderate,26.06,7.39,108.6,11,Municipal Collector,0.44,Baled,26.67
Aluminum,623.9,Medium,Coimbatore,Low,176.2,9.56,106.8,6,Municipal Collector,0.93,Contaminated,101.85
Steel,27.8,Industrial Grade,Surat,High,41.25,6.87,43.5,5,Business,0.88,Contaminated,37.49
Other,457.2,Low,Mumbai,High,13.87,5.71,22.3,7,Industrial Recycler,0.72,Sorted,10.14
Cardboard,1600.1,Industrial Grade,Coimbatore,High,14.84,11.66,121.7,7,Business,0.44,Contaminated,6.25
Other,274.6,Low,Pune,Low,15.16,10.14,12.9,8,Industrial Recycler,0.92,Contaminated,6.0
Paper,578.1,Medium,Coimbatore,High,11.44,13.18,125.3,4,Industrial Recycler,0.96,Baled,5.7
Textile,1906.3,Low,Ahmedabad,Moderate,30.18,5.71,86.3,8,Individual,0.9,Mixed,16.89
Plastic,709.9,High,Coimbatore,High,33.74,2.15,12.3,10,Business,0.3,Baled,45.94
E-waste,1249.9,Industrial Grade,Coimbatore,High,118.52,4.48,36.2,6,Business,0.91,Baled,180.33
Copper,304.9,Low,Mumbai,Low,625.32,5.93,135.3,1,Business,0.95,Mixed,397.8
Plastic,662.7,High,Coimbatore,Moderate,37.07,5.05,17.5,2,Individual,0.71,Clean,47.16
Cardboard,495.0,Low,Chennai,High,13.77,4.8,105.3,12,Municipal Collector,0.56,Sorted,8.21
Aluminum,527.6,Industrial Grade,Bengaluru,Moderate,167.41,2.57,88.6,1,Municipal Collector,0.84,Mixed,195.91
Paper,67.9,Low,Coimbatore,High,11.49,13.34,44.4,11,Industrial Recycler,0.61,Mixed,4.8
Aluminum,131.1,High,Hyderabad,Moderate,176.08,2.61,128.0,12,Municipal Collector,0.72,Baled,216.13
E-waste,26.9,Industrial Grade,Pune,High,124.52,3.89,84.9,12,Industrial Recycler,0.54,Baled,181.24
Steel,162.8,Industrial Grade,Mumbai,Moderate,41.96,11.77,123.1,3,Industrial Recycler,0.68,Sorted,48.22
Glass,162.2,Industrial Grade,Bengaluru,Low,7.94,10.39,139.1,6,Industrial Recycler,0.68,Clean,3.2
Steel,52.3,High,Surat,Low,39.71,12.82,83.3,6,Individual,0.86,Sorted,35.53
Steel,486.6,Medium,Chennai,High,42.51,8.75,83.9,9,Municipal Collector,0.48,Mixed,36.44
Cardboard,578.7,Medium,Ahmedabad,Low,13.72,12.87,52.2,2,Industrial Recycler,0.96,Contaminated,5.6
Cardboard,885.8,Industrial Grade,Delhi,Low,14.31,3.38,114.0,12,Industrial Recycler,0.62,Contaminated,6.79
Plastic,1369.4,High,Bengaluru,High,36.43,5.99,105.8,2,Municipal Collector,0.51,Baled,47.81
Plastic,499.6,High,Coimbatore,High,36.55,4.41,22.6,5,Business,0.35,Contaminated,32.09
Paper,699.1,Industrial Grade,Delhi,Moderate,11.78,5.9,106.2,1,Industrial Recycler,0.45,Clean,11.49
Textile,55.5,Industrial Grade,Ahmedabad,Low,26.91,6.57,77.5,1,Business,0.63,Baled,28.12
Textile,251.9,High,Ahmedabad,Low,29.16,14.52,60.1,1,Industrial Recycler,0.36,Mixed,19.87
Paper,406.5,High,Ahmedabad,High,12.93,5.14,113.6,7,Business,0.32,Clean,13.2
Paper,176.6,Industrial Grade,Chennai,Low,12.34,9.71,104.2,1,Municipal Collector,0.32,Contaminated,4.8
Cardboard,569.0,Industrial Grade,Ahmedabad,Low,14.95,7.05,106.1,5,Individual,0.76,Clean,12.84
Aluminum,794.1,Low,Bengaluru,High,173.96,4.12,47.5,8,Municipal Collector,0.53,Baled,174.5
Copper,162.8,Medium,Ahmedabad,High,681.91,12.08,5.8,4,Municipal Collector,0.93,Clean,854.47
Textile,631.2,High,Pune,High,28.96,8.41,89.6,11,Individual,0.87,Sorted,32.86
Copper,543.9,High,Surat,High,680.61,8.45,8.4,10,Individual,0.6,Contaminated,585.19
Cardboard,1396.6,Low,Ahmedabad,High,13.83,9.24,45.4,1,Municipal Collector,0.35,Baled,9.01
Paper,31.1,Low,Bengaluru,Moderate,11.4,3.12,8.5,2,Individual,0.44,Mixed,6.32
Cardboard,199.1,Low,Chennai,Moderate,14.13,7.37,31.9,11,Municipal Collector,0.46,Baled,8.07
Steel,357.7,Low,Coimbatore,Low,39.4,12.25,13.7,6,Municipal Collector,0.77,Contaminated,16.8
Other,1329.4,High,Hyderabad,High,14.94,4.45,121.2,8,Industrial Recycler,0.64,Sorted,15.22
Copper,283.5,Medium,Bengaluru,Low,687.56,8.63,23.4,11,Business,0.35,Mixed,537.05
Cardboard,552.4,High,Delhi,High,13.47,4.93,57.4,11,Individual,0.34,Baled,15.11
Textile,107.5,High,Hyderabad,Moderate,27.78,6.86,110.3,11,Business,0.89,Sorted,26.75
Plastic,56.5,Medium,Bengaluru,Low,36.53,5.74,91.9,4,Municipal Collector,0.6,Mixed,24.72
Aluminum,1087.2,Industrial Grade,Bengaluru,Low,173.69,5.61,10.8,11,Business,0.76,Clean,209.29
Glass,861.3,Low,Mumbai,Low,8.48,7.02,79.2,8,Industrial Recycler,0.78,Baled,3.2
Cardboard,190.7,Medium,Ahmedabad,Moderate,13.02,10.01,82.2,6,Business,0.74,Mixed,5.6
Paper,205.4,Low,Pune,Low,11.71,9.36,136.5,6,Individual,0.51,Baled,4.8
Glass,403.5,Industrial Grade,Hyderabad,Moderate,8.35,3.81,134.1,10,Municipal Collector,0.51,Sorted,5.12
Glass,240.7,Low,Chennai,Moderate,7.68,5.79,109.8,12,Individual,0.72,Contaminated,3.2
Glass,798.6,Medium,Delhi,Moderate,7.95,14.12,109.0,8,Individual,0.54,Mixed,3.2
Paper,203.9,High,Kolkata,High,12.83,4.46,5.5,7,Municipal Collector,0.95,Sorted,15.08
E-waste,372.2,Low,Hyderabad,Low,129.25,7.56,12.4,5,Municipal Collector,0.72,Baled,95.35
E-waste,1436.1,Industrial Grade,Bengaluru,Moderate,129.49,11.88,22.8,3,Business,0.33,Mixed,154.11
Copper,369.7,Low,Bengaluru,Low,619.31,10.93,139.2,2,Industrial Recycler,0.92,Clean,466.86
Other,127.8,High,Surat,High,14.35,7.59,45.2,12,Industrial Recycler,0.73,Clean,16.15
Other,929.8,Low,Bengaluru,Moderate,14.33,6.12,85.3,1,Individual,0.86,Baled,8.3
Textile,998.7,Medium,Bengaluru,Low,30.12,9.98,87.8,2,Business,0.87,Baled,23.7
Copper,491.5,High,Hyderabad,Moderate,693.43,13.59,93.4,8,Individual,0.5,Contaminated,571.19
Aluminum,107.4,Medium,Ahmedabad,Moderate,177.37,13.01,38.7,4,Municipal Collector,0.61,Sorted,181.39
Steel,612.0,Industrial Grade,Kolkata,Moderate,41.57,10.75,34.7,5,Business,0.91,Baled,53.86
Glass,150.4,Low,Ahmedabad,Moderate,7.46,3.88,34.8,10,Municipal Collector,0.89,Clean,3.86
Textile,108.0,Medium,Pune,High,27.06,5.23,63.7,6,Individual,0.46,Mixed,24.29
Other,63.6,Industrial Grade,Chennai,Low,15.17,2.28,108.4,8,Individual,0.55,Clean,13.49
Aluminum,238.7,Industrial Grade,Delhi,Low,173.35,6.53,68.4,2,Municipal Collector,0.94,Mixed,175.6
Paper,75.7,Industrial Grade,Surat,High,11.42,8.9,80.0,11,Individual,0.33,Contaminated,5.04
Textile,487.9,Low,Bengaluru,High,26.88,9.19,94.2,2,Business,0.67,Clean,20.57
Paper,160.8,Industrial Grade,Delhi,Moderate,11.83,4.42,131.3,5,Individual,0.42,Contaminated,4.85
Copper,153.4,Medium,Surat,Low,688.15,13.33,118.5,11,Business,0.82,Clean,644.42
Paper,143.9,Industrial Grade,Coimbatore,High,12.52,3.0,92.4,4,Individual,0.49,Mixed,12.34
Steel,427.0,High,Bengaluru,Low,43.93,4.43,82.4,3,Industrial Recycler,0.53,Mixed,38.38
Steel,288.7,Low,Delhi,High,44.33,8.1,29.2,3,Business,0.47,Baled,42.01
Other,616.1,Low,Hyderabad,Moderate,14.4,3.43,30.4,8,Municipal Collector,0.75,Baled,9.52
Aluminum,625.6,High,Mumbai,High,187.32,8.37,81.7,8,Business,0.69,Mixed,212.44
Textile,285.5,Industrial Grade,Mumbai,Moderate,29.6,4.17,140.8,9,Municipal Collector,0.39,Baled,32.85
Aluminum,1042.1,Medium,Mumbai,Low,176.43,7.36,92.6,2,Industrial Recycler,0.56,Clean,178.61
Glass,81.3,Industrial Grade,Delhi,High,8.12,7.85,113.8,11,Individual,0.83,Contaminated,3.2
Steel,485.2,Low,Coimbatore,High,41.32,5.29,136.0,4,Individual,0.8,Mixed,28.65
Glass,97.1,Medium,Coimbatore,High,8.54,13.66,142.4,4,Municipal Collector,0.51,Mixed,3.2
Aluminum,608.9,Low,Chennai,Moderate,181.49,12.67,47.6,10,Municipal Collector,0.33,Mixed,123.07
E-waste,1150.1,High,Mumbai,Moderate,113.2,14.9,29.1,9,Individual,0.8,Sorted,128.3
Paper,134.3,High,Kolkata,Low,12.57,7.24,8.5,6,Individual,0.62,Clean,10.27
Other,29.1,Low,Kolkata,Moderate,14.97,7.7,22.9,10,Business,0.83,Sorted,8.3
Aluminum,806.9,High,Ahmedabad,Moderate,169.7,5.47,109.8,12,Industrial Recycler,0.94,Contaminated,135.92
Copper,431.3,Industrial Grade,Coimbatore,Moderate,618.23,14.4,48.9,1,Individual,0.7,Sorted,827.34
Textile,515.0,Medium,Hyderabad,Low,25.93,4.12,148.7,1,Industrial Recycler,0.81,Mixed,14.72
Copper,25.0,Medium,Chennai,High,633.64,12.55,102.1,2,Municipal Collector,0.81,Mixed,642.34
Glass,662.7,Industrial Grade,Pune,Low,8.28,10.87,27.6,9,Industrial Recycler,0.66,Sorted,4.6
Paper,881.3,Medium,Ahmedabad,High,12.0,8.61,52.6,5,Municipal Collector,0.81,Contaminated,4.92
Textile,946.8,High,Chennai,Moderate,26.74,12.98,85.5,3,Industrial Recycler,0.97,Baled,26.62
E-waste,804.0,Medium,Delhi,Low,116.14,9.37,63.0,12,Industrial Recycler,0.47,Clean,110.41
Other,320.1,Industrial Grade,Delhi,Moderate,14.94,4.0,123.2,7,Business,0.32,Clean,15.45
Glass,1090.9,High,Ahmedabad,High,8.45,7.27,90.3,7,Municipal Collector,0.5,Sorted,6.06
Other,334.0,Medium,Surat,High,14.0,3.31,128.7,7,Industrial Recycler,0.82,Sorted,11.32
Steel,833.6,Industrial Grade,Coimbatore,High,40.6,2.42,73.3,1,Individual,0.89,Mixed,50.08
Glass,1180.2,High,Pune,High,8.62,9.58,10.6,2,Industrial Recycler,0.73,Clean,8.87
Plastic,410.2,Medium,Mumbai,Moderate,32.6,12.88,47.3,10,Business,0.73,Mixed,23.37
Steel,1742.0,High,Bengaluru,Low,41.98,8.69,117.5,11,Industrial Recycler,0.46,Mixed,32.69
Paper,58.5,High,Ahmedabad,Moderate,11.6,8.62,57.0,8,Individual,0.79,Mixed,6.29
Textile,255.4,Industrial Grade,Hyderabad,Moderate,25.92,11.14,71.9,4,Industrial Recycler,0.34,Contaminated,16.87
Copper,2955.9,Medium,Bengaluru,Moderate,669.52,12.01,15.6,12,Individual,0.71,Clean,792.03
E-waste,429.4,Industrial Grade,Hyderabad,High,117.9,6.73,100.1,8,Industrial Recycler,0.54,Mixed,140.08
Aluminum,235.8,High,Ahmedabad,Moderate,186.02,7.17,100.5,8,Individual,0.53,Sorted,213.68
Steel,253.0,Low,Surat,Low,39.74,13.3,31.7,12,Industrial Recycler,0.48,Mixed,19.16
Copper,332.0,Industrial Grade,Bengaluru,High,626.9,8.44,79.4,4,Business,0.44,Sorted,951.41
Steel,661.4,Industrial Grade,Pune,High,41.88,2.04,59.1,10,Industrial Recycler,0.88,Clean,63.38
Cardboard,24.2,Medium,Kolkata,High,15.11,13.56,82.0,5,Industrial Recycler,0.73,Contaminated,5.6
Other,142.7,Medium,Ahmedabad,Low,16.19,5.77,90.7,12,Business,0.62,Mixed,7.81
Paper,22.7,Low,Ahmedabad,Moderate,12.21,13.88,139.7,7,Business,0.46,Clean,4.8
Glass,836.1,Medium,Coimbatore,Moderate,7.87,9.53,101.9,4,Industrial Recycler,0.3,Mixed,3.2
Plastic,54.4,High,Delhi,Moderate,36.69,14.46,67.4,1,Individual,0.49,Contaminated,22.91
Cardboard,747.3,Industrial Grade,Surat,Low,13.36,14.86,12.4,11,Industrial Recycler,0.76,Clean,10.55
Paper,716.7,High,Bengaluru,Moderate,11.86,2.18,100.1,9,Industrial Recycler,0.53,Contaminated,5.8
Plastic,832.3,Industrial Grade,Mumbai,High,34.53,10.73,100.3,3,Individual,0.93,Clean,48.69
Plastic,576.1,Medium,Mumbai,High,32.63,10.31,105.3,9,Industrial Recycler,0.41,Sorted,31.11
Copper,504.4,High,Bengaluru,High,650.05,6.39,115.9,2,Industrial Recycler,0.88,Contaminated,602.81
Cardboard,128.4,Industrial Grade,Surat,High,13.09,6.63,118.9,5,Municipal Collector,0.42,Baled,14.11
Plastic,1125.5,Low,Chennai,Low,36.77,4.08,26.1,3,Business,0.67,Clean,28.4
E-waste,730.9,Low,Delhi,Moderate,118.13,12.09,122.1,2,Municipal Collector,0.42,Clean,102.36
Other,474.6,Industrial Grade,Hyderabad,Low,15.14,12.15,140.4,11,Business,0.62,Baled,9.36
Glass,452.3,Low,Ahmedabad,High,8.62,6.62,5.5,4,Business,0.95,Contaminated,3.2
Glass,520.4,Industrial Grade,Chennai,Moderate,8.08,9.73,127.2,3,Municipal Collector,0.38,Clean,4.05
Steel,650.1,Industrial Grade,Chennai,Low,42.93,12.22,122.6,10,Industrial Recycler,0.47,Mixed,33.15
Cardboard,178.0,Industrial Grade,Coimbatore,High,14.44,14.98,101.4,5,Business,0.87,Sorted,12.55
Steel,158.2,Low,Kolkata,Moderate,40.65,6.01,15.9,6,Business,0.32,Sorted,30.69
Paper,141.0,Low,Bengaluru,Low,11.74,13.07,92.4,9,Business,0.37,Contaminated,4.8
Paper,373.7,Low,Surat,High,11.13,3.02,89.4,4,Individual,0.52,Sorted,7.06
Cardboard,124.1,High,Kolkata,Low,14.57,13.64,48.1,11,Industrial Recycler,0.33,Baled,8.91
Textile,261.3,High,Bengaluru,Moderate,25.78,14.28,18.7,2,Business,0.92,Sorted,25.93
Aluminum,882.5,Industrial Grade,Mumbai,Moderate,188.47,9.3,90.7,3,Business,0.36,Sorted,261.98
Steel,178.7,Medium,Coimbatore,Low,39.78,11.21,36.7,8,Business,0.97,Baled,32.11
Cardboard,609.4,Medium,Surat,High,14.11,4.44,117.6,12,Industrial Recycler,0.34,Mixed,9.39
Plastic,525.8,Industrial Grade,Pune,Low,37.3,9.68,63.7,3,Industrial Recycler,0.5,Contaminated,24.62
Plastic,216.2,High,Coimbatore,Moderate,33.62,4.49,63.8,2,Municipal Collector,0.39,Mixed,31.9
Steel,613.1,High,Hyderabad,High,43.24,11.51,113.0,4,Business,0.39,Contaminated,32.75
Plastic,143.4,Low,Hyderabad,Low,34.51,11.05,21.1,12,Business,0.54,Clean,20.77
E-waste,562.3,Medium,Pune,Low,120.36,6.92,146.7,6,Business,0.49,Contaminated,70.68
Plastic,863.5,Medium,Hyderabad,Moderate,34.94,10.61,129.4,11,Industrial Recycler,0.96,Contaminated,17.37
Textile,124.0,High,Ahmedabad,High,26.03,13.56,13.9,3,Municipal Collector,0.62,Sorted,30.98
Paper,66.3,Medium,Bengaluru,High,11.07,7.54,45.5,5,Industrial Recycler,0.85,Mixed,6.64
Cardboard,303.1,High,Mumbai,Moderate,14.82,4.61,37.5,11,Industrial Recycler,0.89,Baled,15.91
Textile,35.8,Low,Ahmedabad,Moderate,27.94,5.05,7.5,3,Individual,0.45,Contaminated,13.4
Cardboard,427.5,Medium,Kolkata,Moderate,14.35,5.53,105.0,5,Industrial Recycler,0.86,Clean,11.2
Textile,39.9,High,Hyderabad,Low,30.05,5.18,41.6,5,Business,0.95,Clean,29.4
Other,1161.0,Medium,Bengaluru,Low,15.13,10.97,52.5,1,Business,0.7,Mixed,7.07
Aluminum,1115.2,Industrial Grade,Mumbai,High,188.77,5.27,115.8,12,Business,0.71,Contaminated,189.58
Textile,2800.8,Low,Surat,Moderate,29.6,6.22,134.1,4,Municipal Collector,0.55,Clean,21.6
Plastic,892.7,Low,Kolkata,High,37.22,3.34,105.0,1,Municipal Collector,0.46,Mixed,26.81
Aluminum,449.8,Medium,Chennai,Moderate,186.29,9.13,148.5,11,Business,0.45,Mixed,163.67
Plastic,54.8,Medium,Mumbai,High,37.75,7.32,138.1,1,Business,0.75,Sorted,38.33
E-waste,841.7,Medium,Surat,Moderate,121.89,5.25,18.6,2,Individual,0.82,Clean,138.05
Plastic,996.0,High,Kolkata,Low,32.24,11.05,100.3,3,Industrial Recycler,0.89,Mixed,23.96
Plastic,89.7,Industrial Grade,Kolkata,High,32.2,9.48,38.3,10,Business,0.79,Sorted,40.72
Glass,31.3,Industrial Grade,Coimbatore,Low,7.39,10.15,19.1,12,Individual,0.49,Baled,4.16
Steel,437.6,Medium,Bengaluru,Low,40.62,4.57,125.0,4,Business,0.34,Contaminated,20.25
E-waste,207.5,Medium,Chennai,High,122.44,4.65,137.3,12,Business,0.92,Baled,141.12
Paper,27.2,Industrial Grade,Bengaluru,Low,11.11,4.23,59.8,8,Business,0.42,Contaminated,4.82
Textile,742.7,High,Chennai,High,28.89,7.65,65.2,3,Individual,0.42,Clean,39.36
Cardboard,39.9,Low,Ahmedabad,High,13.88,12.88,30.0,7,Individual,0.52,Mixed,5.6
Other,927.4,Medium,Mumbai,High,14.02,8.04,117.0,7,Municipal Collector,0.71,Clean,11.27
Steel,509.9,High,Kolkata,Low,43.43,10.45,62.2,8,Business,0.87,Contaminated,26.47
Aluminum,1019.1,Medium,Hyderabad,High,191.07,9.89,78.7,1,Individual,0.47,Baled,243.61
Cardboard,2357.8,High,Mumbai,Low,13.28,3.77,53.2,5,Business,0.6,Sorted,12.5
Plastic,726.8,Medium,Kolkata,Low,36.24,2.93,95.6,3,Business,0.68,Contaminated,20.98
Glass,266.5,Industrial Grade,Pune,Low,7.39,2.15,9.8,1,Industrial Recycler,0.77,Contaminated,4.64
Aluminum,150.0,High,Surat,Moderate,193.05,4.48,17.0,2,Individual,0.37,Clean,252.55
Cardboard,1343.5,Low,Bengaluru,Low,14.66,10.74,50.4,6,Business,0.65,Clean,6.1
Paper,229.2,Low,Kolkata,High,11.96,9.49,92.1,3,Business,0.64,Sorted,4.84
Copper,2736.6,Medium,Pune,Moderate,646.6,8.59,73.0,7,Business,0.33,Contaminated,467.67
Aluminum,2004.8,High,Pune,High,180.46,6.7,54.5,11,Municipal Collector,0.67,Sorted,252.63
Textile,647.8,Industrial Grade,Delhi,High,30.2,8.65,120.7,3,Individual,0.56,Baled,41.79
Aluminum,469.7,Low,Coimbatore,High,167.13,10.13,108.6,9,Municipal Collector,0.45,Sorted,149.07
Textile,581.6,Industrial Grade,Surat,Moderate,28.12,13.13,143.2,11,Business,0.39,Baled,28.62
Aluminum,585.9,Low,Mumbai,High,180.84,9.23,23.0,9,Municipal Collector,0.3,Clean,175.83
Paper,111.6,Medium,Hyderabad,Moderate,11.4,11.34,33.1,9,Municipal Collector,0.75,Baled,6.4
Textile,366.9,Low,Bengaluru,High,29.01,10.81,63.0,12,Business,0.67,Contaminated,13.02
Paper,543.0,Industrial Grade,Hyderabad,High,12.43,3.7,114.7,7,Business,0.89,Sorted,13.86
Textile,181.0,Medium,Chennai,Moderate,27.07,12.69,131.6,8,Industrial Recycler,0.99,Clean,20.5
Textile,477.3,Medium,Coimbatore,Moderate,28.79,4.98,63.5,3,Industrial Recycler,0.54,Sorted,27.51
Steel,118.8,Low,Chennai,Low,40.52,7.35,59.7,8,Business,0.5,Contaminated,16.8
Other,570.9,High,Pune,Low,14.23,8.51,85.6,4,Business,0.99,Contaminated,6.0
Glass,928.1,Medium,Pune,Low,8.63,10.31,47.0,1,Business,0.5,Mixed,3.2
Plastic,621.4,Medium,Kolkata,Moderate,32.88,13.49,90.1,5,Individual,0.81,Contaminated,16.94
Steel,930.6,High,Kolkata,High,42.3,12.24,109.6,8,Municipal Collector,0.72,Clean,51.63
Plastic,277.0,Medium,Ahmedabad,High,37.8,10.37,24.5,4,Individual,0.33,Baled,45.0
Textile,103.4,High,Pune,High,29.61,14.49,18.8,7,Municipal Collector,0.85,Clean,34.06
Cardboard,1291.1,High,Coimbatore,High,13.81,6.35,90.0,1,Individual,0.68,Clean,15.65
Other,457.6,High,Pune,Low,15.55,8.47,97.3,8,Municipal Collector,0.88,Contaminated,6.0
Other,46.7,High,Delhi,High,15.93,6.5,93.4,6,Individual,0.35,Mixed,13.15
Other,36.1,High,Chennai,Low,15.07,5.01,47.4,9,Industrial Recycler,0.54,Clean,12.32
Aluminum,486.8,Medium,Bengaluru,High,167.72,8.58,93.0,4,Individual,0.62,Mixed,171.46
Glass,1084.2,Low,Mumbai,High,7.74,13.14,105.8,1,Business,0.66,Mixed,3.2
Textile,138.6,High,Pune,Low,27.71,7.14,76.4,4,Business,0.85,Sorted,25.68
Aluminum,1013.9,High,Delhi,Low,190.8,14.27,141.1,1,Individual,0.34,Clean,213.72
Plastic,688.6,Low,Coimbatore,Moderate,33.99,7.92,27.3,7,Business,0.82,Mixed,21.08
Copper,188.8,Medium,Pune,Moderate,617.07,8.62,123.5,1,Industrial Recycler,0.7,Contaminated,439.87
E-waste,332.8,Industrial Grade,Surat,Low,115.98,12.81,147.7,4,Individual,0.97,Mixed,110.89
Copper,959.9,Medium,Kolkata,Low,622.69,6.45,118.1,8,Business,0.9,Sorted,573.94
Cardboard,54.7,Medium,Hyderabad,High,13.0,11.41,59.3,11,Individual,0.77,Mixed,6.29
E-waste,1871.3,High,Surat,High,115.89,12.44,107.6,10,Industrial Recycler,0.43,Baled,157.63
Aluminum,1410.0,Industrial Grade,Delhi,Low,183.63,10.11,107.4,10,Individual,0.84,Sorted,209.92
Other,64.5,Industrial Grade,Chennai,Low,14.68,8.96,47.9,9,Municipal Collector,0.57,Sorted,11.1
Other,138.4,Medium,Mumbai,Moderate,15.17,13.54,117.0,1,Business,0.85,Contaminated,6.0
Plastic,150.3,Medium,Hyderabad,High,34.61,12.09,118.2,5,Individual,0.69,Contaminated,18.14
Aluminum,73.2,Industrial Grade,Kolkata,Low,178.77,10.32,27.5,8,Business,0.59,Baled,199.96
Aluminum,111.7,Industrial Grade,Mumbai,Low,180.58,11.42,141.7,9,Individual,0.45,Contaminated,120.19
Other,820.5,Low,Kolkata,Low,15.79,14.75,126.2,1,Individual,0.93,Contaminated,6.0
Textile,217.5,High,Pune,Low,26.42,13.04,84.6,1,Municipal Collector,0.71,Contaminated,11.2
Glass,89.4,Medium,Chennai,Low,7.88,6.92,60.5,9,Industrial Recycler,0.35,Mixed,3.2
Plastic,168.2,High,Chennai,Moderate,36.49,13.47,125.4,11,Municipal Collector,0.87,Baled,36.85
Glass,52.3,Low,Mumbai,Moderate,8.38,5.13,83.5,7,Individual,0.52,Clean,3.2
Cardboard,138.2,Low,Ahmedabad,High,14.03,10.68,5.1,4,Individual,0.72,Clean,9.74
Textile,229.8,High,Kolkata,High,29.41,10.69,15.9,4,Municipal Collector,0.53,Clean,38.8
Aluminum,1020.0,High,Surat,Moderate,183.07,5.81,45.5,11,Business,0.9,Clean,226.72
Glass,434.4,High,Kolkata,Moderate,8.18,14.34,131.4,4,Individual,0.74,Mixed,3.2
Aluminum,834.3,Low,Mumbai,Low,182.85,7.73,134.9,1,Industrial Recycler,0.57,Contaminated,88.54
Aluminum,372.1,Industrial Grade,Delhi,Low,166.16,3.78,23.9,11,Municipal Collector,0.86,Contaminated,122.84
E-waste,97.8,Industrial Grade,Surat,High,125.33,2.87,140.2,12,Individual,0.32,Mixed,149.08
Cardboard,354.6,Low,Hyderabad,High,15.02,14.18,38.7,8,Individual,0.52,Clean,8.12
Steel,62.9,Medium,Ahmedabad,Moderate,40.02,8.04,139.4,9,Business,1.0,Sorted,31.45
Steel,884.1,High,Coimbatore,Low,40.24,11.75,21.3,7,Individual,0.66,Clean,40.12
Glass,49.3,Medium,Delhi,Moderate,8.5,7.82,32.6,2,Industrial Recycler,0.68,Mixed,3.46
Paper,665.5,Low,Surat,High,11.6,13.23,11.9,6,Individual,0.33,Baled,5.39
Copper,447.0,Industrial Grade,Hyderabad,Moderate,608.57,5.25,34.7,8,Business,0.63,Sorted,809.78
Copper,1011.0,Medium,Kolkata,Low,684.73,2.98,137.7,3,Municipal Collector,0.75,Mixed,584.56
E-waste,208.3,Medium,Mumbai,Low,121.39,7.46,139.9,9,Individual,0.54,Clean,111.19
E-waste,2295.9,Industrial Grade,Kolkata,Moderate,113.8,13.02,132.1,4,Individual,0.78,Contaminated,98.88
Glass,1121.5,Industrial Grade,Surat,Moderate,8.37,2.3,144.2,8,Individual,0.71,Clean,6.24
Textile,356.1,Industrial Grade,Coimbatore,Moderate,29.79,8.45,129.8,7,Municipal Collector,0.66,Clean,33.68
Steel,696.7,High,Kolkata,High,39.85,12.93,17.2,3,Municipal Collector,0.74,Sorted,48.9
Glass,930.8,Medium,Coimbatore,Moderate,7.49,7.81,83.2,6,Industrial Recycler,0.49,Clean,3.2
Other,244.2,Medium,Chennai,Low,16.13,9.38,25.1,10,Individual,0.83,Clean,10.86
Aluminum,218.9,Low,Kolkata,Moderate,192.06,3.65,143.2,1,Industrial Recycler,0.9,Contaminated,108.69
Aluminum,322.6,Medium,Kolkata,Moderate,183.04,5.88,99.0,5,Industrial Recycler,0.89,Baled,197.64
Other,129.3,High,Ahmedabad,Moderate,15.74,7.95,84.1,11,Industrial Recycler,0.94,Clean,14.1
E-waste,1532.5,High,Kolkata,High,120.75,8.21,69.9,7,Individual,0.98,Sorted,163.73
Steel,452.9,High,Delhi,Moderate,42.86,2.83,144.7,2,Industrial Recycler,0.98,Baled,49.52
E-waste,356.3,Industrial Grade,Surat,Low,124.2,8.58,137.7,10,Individual,0.41,Mixed,111.88
Steel,422.2,Low,Ahmedabad,Low,40.78,10.36,10.5,12,Individual,0.67,Baled,27.88
Textile,252.7,Medium,Mumbai,Moderate,29.14,13.28,101.2,1,Business,0.57,Contaminated,12.19
Other,443.0,Low,Coimbatore,Low,15.1,5.63,23.1,11,Business,0.84,Mixed,6.84
Glass,122.4,Low,Kolkata,Moderate,7.54,7.12,71.8,7,Individual,0.88,Sorted,3.2
Other,121.0,Low,Bengaluru,Low,14.45,9.49,82.2,11,Individual,0.57,Contaminated,6.0
Plastic,893.5,Medium,Pune,Low,36.01,3.03,28.8,7,Business,0.53,Baled,33.18
Cardboard,1772.1,Low,Delhi,High,15.0,4.23,145.5,3,Industrial Recycler,0.46,Mixed,6.97
Plastic,443.5,Low,Chennai,Low,32.79,14.21,129.8,4,Industrial Recycler,0.8,Baled,16.42
Glass,819.1,Low,Kolkata,Low,8.08,14.34,143.7,5,Municipal Collector,0.31,Clean,3.2
Glass,249.0,Industrial Grade,Coimbatore,Moderate,8.48,10.1,49.5,4,Individual,0.93,Sorted,6.09
Other,952.6,High,Bengaluru,Moderate,14.6,12.83,33.9,1,Municipal Collector,0.47,Clean,13.08
Aluminum,814.6,High,Mumbai,High,175.01,7.9,52.2,2,Municipal Collector,0.53,Sorted,248.83
Copper,144.6,Medium,Delhi,Moderate,608.13,14.36,110.5,8,Individual,0.86,Contaminated,395.52
E-waste,143.1,Low,Bengaluru,High,115.84,12.43,130.3,12,Industrial Recycler,0.84,Clean,105.14
Copper,172.8,High,Delhi,High,670.39,14.97,81.7,10,Municipal Collector,0.67,Sorted,890.04
Cardboard,20.3,High,Ahmedabad,Low,14.77,3.69,44.4,1,Individual,0.67,Baled,13.21
Glass,513.5,Industrial Grade,Kolkata,High,8.47,14.42,65.3,7,Industrial Recycler,0.71,Contaminated,3.2
Textile,713.7,Industrial Grade,Mumbai,Moderate,28.05,11.18,25.0,3,Industrial Recycler,0.99,Baled,35.03
Paper,236.3,Low,Pune,Moderate,12.0,5.74,127.0,12,Industrial Recycler,0.51,Baled,4.8
Other,69.2,High,Pune,Low,15.92,13.06,24.7,1,Municipal Collector,0.33,Clean,12.16
Paper,40.4,Low,Chennai,Low,12.74,13.41,24.0,4,Individual,0.88,Contaminated,4.8
Glass,192.3,Low,Pune,High,8.17,8.78,74.7,6,Business,0.6,Clean,3.2
Steel,1215.4,High,Kolkata,Moderate,42.81,7.02,94.5,9,Industrial Recycler,0.8,Sorted,46.06
Steel,335.6,Industrial Grade,Ahmedabad,Moderate,39.65,10.36,142.7,12,Municipal Collector,0.3,Contaminated,28.33
Glass,103.9,Medium,Chennai,Moderate,8.27,12.58,36.7,9,Individual,0.87,Sorted,3.2
Copper,354.0,Medium,Hyderabad,High,598.74,12.94,25.8,10,Individual,0.51,Contaminated,486.52
Copper,3881.8,High,Chennai,Low,614.66,5.41,40.5,9,Business,0.8,Mixed,555.96
E-waste,753.6,Low,Ahmedabad,Low,119.16,3.13,80.2,7,Individual,0.85,Clean,93.24
Glass,113.6,Industrial Grade,Pune,Moderate,7.85,8.29,96.0,9,Industrial Recycler,0.9,Mixed,3.2
Aluminum,35.5,Low,Kolkata,Low,184.54,6.97,112.6,11,Business,0.47,Contaminated,79.64
Copper,377.3,Industrial Grade,Ahmedabad,Low,645.55,4.28,98.6,2,Individual,0.45,Clean,800.8
E-waste,497.4,Medium,Coimbatore,Low,128.74,4.02,31.4,6,Individual,0.94,Baled,123.27
Plastic,367.9,Industrial Grade,Pune,High,33.9,2.98,128.8,11,Municipal Collector,0.69,Contaminated,29.03
Steel,45.8,Medium,Hyderabad,Moderate,40.79,9.02,129.1,10,Industrial Recycler,0.96,Contaminated,20.0
Paper,308.3,Industrial Grade,Ahmedabad,Moderate,11.51,7.11,28.4,4,Municipal Collector,0.31,Clean,12.74
Glass,933.7,Low,Surat,Low,7.93,4.35,110.1,12,Municipal Collector,0.88,Sorted,3.2
Other,45.4,Industrial Grade,Ahmedabad,High,15.4,6.3,28.5,2,Individual,0.72,Clean,20.53
Cardboard,664.8,Industrial Grade,Pune,High,14.93,9.26,89.0,3,Municipal Collector,0.47,Clean,18.16
Steel,185.0,High,Delhi,High,42.32,13.22,119.6,12,Industrial Recycler,0.42,Clean,50.97
Aluminum,115.3,Low,Kolkata,Moderate,175.66,9.4,78.4,9,Municipal Collector,0.45,Baled,145.87
Glass,268.9,Low,Coimbatore,High,7.75,5.62,34.3,1,Municipal Collector,0.95,Contaminated,3.2
Copper,714.7,Low,Pune,Moderate,657.33,13.34,143.3,3,Business,0.95,Clean,610.75
Copper,155.2,High,Surat,Low,629.49,2.31,55.5,12,Individual,0.63,Contaminated,440.95
Cardboard,585.7,Medium,Coimbatore,Low,13.35,8.11,65.3,10,Individual,0.72,Clean,7.98
Copper,265.0,High,Bengaluru,Moderate,610.28,4.69,27.0,12,Business,0.78,Contaminated,498.39
E-waste,54.2,Industrial Grade,Coimbatore,Low,112.11,11.7,92.8,2,Individual,0.38,Mixed,108.88
Textile,153.6,High,Chennai,High,29.0,7.8,109.6,10,Business,0.76,Contaminated,19.33
Cardboard,231.6,Industrial Grade,Coimbatore,High,13.64,7.61,87.9,5,Individual,0.68,Contaminated,8.23
Steel,174.3,Industrial Grade,Bengaluru,Low,38.79,3.17,30.5,5,Business,0.69,Sorted,43.89
Textile,492.7,Medium,Bengaluru,High,25.84,6.88,91.5,3,Industrial Recycler,0.88,Sorted,26.01
Plastic,962.3,Low,Chennai,Low,37.41,2.02,111.7,12,Municipal Collector,0.8,Sorted,25.38
Other,1490.3,Low,Coimbatore,Low,14.14,7.9,38.2,2,Municipal Collector,0.43,Contaminated,6.0
Glass,182.5,Low,Mumbai,Moderate,8.57,2.35,35.7,3,Municipal Collector,0.92,Baled,5.78
Steel,185.4,High,Delhi,Moderate,40.19,4.11,57.5,2,Business,0.65,Contaminated,31.01
Aluminum,507.3,Medium,Ahmedabad,Low,177.87,3.11,109.6,12,Business,0.71,Baled,173.02
Textile,2328.1,Medium,Kolkata,High,27.19,3.39,142.0,11,Industrial Recycler,0.97,Contaminated,15.92
Steel,61.1,High,Coimbatore,Low,41.08,2.22,13.5,4,Industrial Recycler,0.93,Contaminated,27.23
E-waste,312.4,Industrial Grade,Surat,Moderate,125.34,9.67,58.8,2,Industrial Recycler,0.54,Sorted,164.52
Paper,919.6,Industrial Grade,Ahmedabad,High,11.93,12.53,24.8,2,Industrial Recycler,0.3,Contaminated,6.4
Aluminum,1390.4,High,Coimbatore,Low,188.42,13.85,8.9,4,Business,0.69,Clean,217.55
Copper,1339.9,Industrial Grade,Ahmedabad,Moderate,599.37,2.55,66.5,3,Business,0.37,Mixed,707.8
Glass,51.9,Industrial Grade,Chennai,High,7.61,8.02,107.1,6,Business,0.33,Clean,4.99
E-waste,1742.2,High,Hyderabad,High,127.11,2.62,16.6,6,Municipal Collector,0.55,Contaminated,119.46
Cardboard,315.9,Low,Delhi,Moderate,12.92,4.56,21.6,3,Individual,0.6,Mixed,6.84
Glass,338.3,Low,Surat,Moderate,8.08,4.66,76.9,5,Municipal Collector,0.53,Mixed,3.2
Plastic,562.2,Industrial Grade,Delhi,Moderate,34.18,3.94,68.3,7,Industrial Recycler,0.34,Contaminated,27.29
Plastic,451.2,Medium,Coimbatore,High,33.94,7.53,63.4,5,Business,0.53,Mixed,31.29
Other,1193.6,High,Ahmedabad,High,15.99,8.08,75.4,10,Business,0.33,Clean,17.69
Paper,48.6,Medium,Surat,Low,11.56,10.2,129.4,12,Business,0.3,Baled,4.8
Plastic,23.5,High,Mumbai,High,35.5,2.49,93.3,10,Business,0.75,Sorted,42.24
Other,284.8,Industrial Grade,Hyderabad,Low,14.85,8.02,14.4,11,Municipal Collector,0.38,Mixed,10.77
Textile,277.4,Industrial Grade,Chennai,Low,26.43,14.42,136.7,7,Industrial Recycler,0.64,Baled,21.46
Aluminum,607.3,Industrial Grade,Hyderabad,Low,178.18,11.91,125.5,4,Industrial Recycler,0.45,Mixed,180.26
Cardboard,178.5,Low,Surat,Low,14.72,2.87,122.0,8,Business,0.48,Baled,6.06
Textile,229.4,Medium,Coimbatore,High,29.54,13.75,71.8,9,Municipal Collector,0.37,Clean,27.88
Textile,301.0,High,Mumbai,Low,28.2,13.73,128.2,2,Business,0.98,Contaminated,11.68
Copper,189.8,Medium,Bengaluru,Low,600.33,7.78,17.1,2,Municipal Collector,0.89,Sorted,594.09
Cardboard,359.4,Low,Kolkata,High,13.19,5.95,134.7,7,Business,0.83,Baled,6.65
E-waste,304.4,Low,Surat,Low,128.3,6.86,146.0,8,Individual,0.68,Baled,85.83
Aluminum,109.8,High,Delhi,Low,189.47,10.67,51.4,8,Business,0.43,Sorted,191.05
Plastic,1183.5,Industrial Grade,Surat,High,32.67,10.42,18.3,7,Industrial Recycler,0.41,Baled,45.32
E-waste,230.8,Low,Kolkata,Low,117.93,11.44,26.8,9,Municipal Collector,0.96,Contaminated,53.86
E-waste,1360.9,High,Hyderabad,High,112.1,13.76,22.1,12,Industrial Recycler,0.71,Sorted,155.32
Copper,880.1,Low,Kolkata,High,668.12,8.34,41.0,11,Municipal Collector,0.87,Mixed,571.0
Cardboard,1163.3,Medium,Pune,Low,14.67,7.98,118.0,2,Municipal Collector,0.86,Sorted,7.99
Textile,275.0,Medium,Surat,Low,28.49,5.68,106.8,7,Business,0.57,Sorted,21.17
Plastic,75.2,Low,Mumbai,Moderate,34.69,3.97,79.2,8,Business,0.41,Baled,25.44
Glass,450.0,High,Pune,High,7.88,12.73,115.2,10,Individual,0.68,Mixed,3.2
Steel,1990.4,High,Mumbai,Low,40.17,11.06,63.0,9,Individual,0.33,Baled,38.4
Textile,140.8,Medium,Bengaluru,Moderate,27.66,9.48,69.6,9,Municipal Collector,0.74,Sorted,22.54
Copper,691.4,High,Chennai,High,623.82,14.92,134.9,10,Individual,0.76,Sorted,830.49
Other,36.5,Medium,Chennai,Low,15.95,11.36,35.9,4,Municipal Collector,0.54,Contaminated,6.0
Plastic,74.5,High,Delhi,Moderate,37.3,11.1,118.1,6,Business,0.55,Sorted,38.28
Paper,114.7,Low,Chennai,High,11.1,6.13,19.1,10,Industrial Recycler,0.44,Mixed,5.3
Paper,1412.9,Low,Delhi,Low,12.76,11.62,73.2,2,Municipal Collector,0.95,Clean,4.8
Copper,873.9,Medium,Kolkata,Low,688.1,11.48,143.7,9,Business,0.62,Sorted,630.19
Cardboard,233.5,Medium,Ahmedabad,Moderate,13.11,13.02,65.0,5,Business,0.46,Clean,7.82
Glass,45.8,Medium,Mumbai,Low,8.15,10.62,66.2,9,Municipal Collector,0.94,Mixed,3.2
Other,326.2,Industrial Grade,Mumbai,Low,15.94,6.06,60.3,9,Municipal Collector,0.36,Baled,14.42
Glass,148.4,Low,Chennai,Low,8.23,11.39,94.0,2,Business,0.34,Sorted,3.2
E-waste,450.9,Low,Coimbatore,Low,118.51,8.17,21.4,6,Municipal Collector,0.81,Contaminated,57.59
Plastic,242.5,Industrial Grade,Hyderabad,Moderate,32.76,10.42,146.5,7,Industrial Recycler,0.71,Contaminated,20.41
Glass,344.4,Low,Ahmedabad,High,8.19,9.72,12.1,1,Municipal Collector,0.51,Baled,4.04
Steel,236.0,Low,Bengaluru,Low,41.16,6.89,47.5,1,Industrial Recycler,0.91,Baled,29.03
Cardboard,218.9,Industrial Grade,Coimbatore,Moderate,12.91,5.41,119.4,6,Municipal Collector,0.85,Mixed,8.83
Paper,137.3,Low,Ahmedabad,Moderate,11.91,2.38,82.9,6,Municipal Collector,0.97,Mixed,5.17
Glass,349.0,Medium,Delhi,Low,7.69,12.17,40.2,3,Business,0.58,Contaminated,3.2
Textile,939.1,Medium,Mumbai,Moderate,28.46,10.22,20.7,1,Industrial Recycler,0.54,Contaminated,15.99
Aluminum,846.2,High,Chennai,High,187.55,4.35,27.1,3,Individual,0.62,Mixed,225.0
E-waste,887.6,Industrial Grade,Pune,Moderate,111.92,2.36,14.8,10,Individual,0.5,Sorted,145.22
Copper,200.7,High,Kolkata,Low,598.64,14.91,97.7,9,Industrial Recycler,0.93,Sorted,586.53
Cardboard,1368.2,High,Ahmedabad,Moderate,13.32,9.26,76.7,12,Municipal Collector,0.36,Clean,11.7
Other,36.6,Low,Ahmedabad,High,14.43,7.31,149.2,3,Industrial Recycler,0.41,Mixed,6.0
Textile,342.7,High,Bengaluru,Low,29.05,5.27,34.6,1,Business,0.92,Contaminated,17.55
Glass,554.2,Medium,Kolkata,Moderate,8.41,6.55,71.9,1,Municipal Collector,0.42,Mixed,3.2
Paper,1792.8,Medium,Kolkata,High,12.73,8.55,113.9,12,Business,0.55,Sorted,9.3
Paper,55.5,High,Mumbai,Low,11.94,5.71,99.7,5,Municipal Collector,0.82,Clean,8.2
Plastic,290.4,High,Bengaluru,High,35.21,5.71,147.8,12,Individual,0.84,Clean,44.28
E-waste,1414.2,High,Hyderabad,Moderate,123.43,10.39,101.4,4,Municipal Collector,0.42,Mixed,127.73
Steel,562.0,High,Bengaluru,Low,38.72,6.6,135.2,2,Municipal Collector,0.68,Contaminated,22.11
Copper,420.0,Industrial Grade,Pune,High,661.32,2.43,97.1,12,Industrial Recycler,0.85,Contaminated,652.17
Plastic,278.1,Low,Mumbai,Low,33.49,6.3,134.6,10,Individual,0.51,Baled,18.97
Aluminum,493.2,High,Ahmedabad,High,167.53,8.68,78.2,8,Municipal Collector,0.6,Baled,229.0
Steel,253.8,Low,Mumbai,Moderate,40.05,12.74,67.0,5,Industrial Recycler,0.67,Sorted,27.2
Glass,239.2,High,Ahmedabad,Low,8.18,3.39,118.7,12,Individual,0.76,Mixed,3.2
Glass,286.5,Medium,Kolkata,High,7.69,8.66,144.3,8,Individual,0.68,Baled,3.2
Textile,56.3,Industrial Grade,Surat,Low,27.92,14.81,49.4,1,Individual,0.79,Baled,26.65
E-waste,271.5,High,Mumbai,Moderate,126.95,12.53,38.7,7,Individual,0.99,Sorted,146.53
Cardboard,898.1,Industrial Grade,Bengaluru,High,14.21,10.43,125.6,4,Industrial Recycler,0.41,Sorted,14.21
Plastic,41.4,Medium,Chennai,High,34.39,8.5,100.6,11,Individual,0.87,Baled,33.09
Other,1077.3,Medium,Surat,Low,14.09,4.18,139.0,9,Business,0.87,Contaminated,6.0
Aluminum,427.1,Medium,Coimbatore,High,178.1,7.02,105.3,2,Business,0.38,Contaminated,140.96
Aluminum,677.4,Industrial Grade,Kolkata,High,176.65,4.46,123.6,2,Business,0.37,Mixed,224.78
Aluminum,1606.4,Medium,Hyderabad,Moderate,187.35,9.67,141.8,11,Industrial Recycler,0.85,Baled,202.07
Paper,1381.4,Industrial Grade,Hyderabad,Low,12.17,13.26,49.9,6,Individual,0.88,Baled,8.26
Copper,1261.0,High,Ahmedabad,High,683.01,2.05,137.8,7,Business,0.5,Clean,1008.0
Glass,278.1,Industrial Grade,Coimbatore,High,8.51,7.63,11.7,12,Industrial Recycler,0.57,Mixed,7.74
Paper,718.0,High,Pune,High,12.39,11.22,130.8,5,Municipal Collector,0.92,Clean,10.49
Plastic,299.7,Low,Chennai,Moderate,35.51,13.99,94.0,7,Industrial Recycler,0.84,Clean,23.2
E-waste,677.4,High,Pune,Low,120.93,7.59,115.2,9,Business,0.51,Baled,125.26
Steel,914.7,Industrial Grade,Bengaluru,Low,42.19,12.2,93.0,7,Municipal Collector,0.68,Baled,43.83
Cardboard,408.6,High,Surat,Low,14.2,6.82,57.8,2,Municipal Collector,0.43,Mixed,9.07
E-waste,258.2,High,Coimbatore,Moderate,128.51,3.64,91.2,12,Municipal Collector,0.39,Baled,160.84
Glass,1252.9,Industrial Grade,Delhi,Low,8.45,3.02,48.9,1,Individual,0.83,Baled,8.07
Other,350.8,Low,Pune,High,14.08,14.63,79.0,6,Municipal Collector,0.64,Contaminated,6.0
Paper,380.9,High,Delhi,Moderate,12.08,2.97,31.8,10,Industrial Recycler,0.86,Contaminated,7.71
Cardboard,216.7,Medium,Bengaluru,High,14.23,4.12,43.6,7,Municipal Collector,0.63,Sorted,13.25
Cardboard,40.0,High,Pune,High,14.12,3.37,137.9,5,Industrial Recycler,0.78,Mixed,11.29
Glass,232.2,Industrial Grade,Kolkata,Moderate,7.52,9.51,5.4,3,Municipal Collector,0.91,Clean,6.73
E-waste,576.0,High,Chennai,High,127.65,14.03,62.9,11,Business,0.59,Baled,175.96
Aluminum,174.6,Industrial Grade,Mumbai,High,192.08,8.54,148.8,8,Individual,0.73,Contaminated,175.54
Paper,2339.5,High,Kolkata,High,11.39,12.62,142.1,11,Municipal Collector,0.78,Clean,7.47
E-waste,558.7,Medium,Chennai,High,128.28,9.05,141.5,7,Municipal Collector,0.84,Clean,151.65
Aluminum,602.4,Industrial Grade,Kolkata,High,168.23,14.33,106.2,11,Industrial Recycler,0.7,Clean,255.83
Aluminum,145.9,Medium,Pune,High,166.86,11.72,67.0,3,Business,0.55,Mixed,163.53
E-waste,203.5,High,Coimbatore,High,121.8,12.53,72.0,1,Individual,0.78,Baled,161.53
Aluminum,107.3,Industrial Grade,Kolkata,Low,175.02,9.3,118.9,10,Business,0.51,Sorted,194.39
Steel,113.7,Industrial Grade,Delhi,Low,45.07,5.34,24.1,6,Individual,0.84,Mixed,43.12
Textile,1161.2,High,Ahmedabad,Low,26.13,12.54,121.7,4,Individual,0.93,Baled,21.62
Copper,63.9,High,Bengaluru,Moderate,639.94,10.63,117.3,6,Business,0.78,Sorted,748.02
Copper,28.4,Industrial Grade,Ahmedabad,High,623.16,13.46,81.0,5,Industrial Recycler,0.91,Sorted,898.72
Steel,561.9,Industrial Grade,Mumbai,High,41.65,11.69,68.1,9,Municipal Collector,0.71,Baled,55.25
Plastic,153.2,Low,Kolkata,Low,33.48,6.13,145.3,5,Individual,0.94,Sorted,18.74
Paper,32.0,Industrial Grade,Pune,Low,12.82,12.61,12.7,6,Business,0.79,Contaminated,4.8
Textile,1034.0,Low,Pune,Low,26.68,7.16,57.8,2,Industrial Recycler,0.43,Mixed,13.17
Aluminum,1325.0,High,Chennai,Moderate,186.64,11.1,76.5,1,Industrial Recycler,0.77,Baled,236.97
Other,40.1,High,Chennai,High,14.03,14.24,117.9,8,Business,0.99,Contaminated,6.0
Aluminum,446.6,Medium,Delhi,Moderate,183.85,4.3,104.6,1,Municipal Collector,0.58,Sorted,194.88
Other,457.6,Low,Chennai,Moderate,14.0,2.01,30.7,11,Industrial Recycler,0.39,Contaminated,6.18
E-waste,25.7,Low,Coimbatore,Moderate,123.83,11.87,129.7,3,Business,0.34,Baled,97.33
Glass,40.5,High,Pune,High,7.92,9.65,104.5,11,Individual,0.92,Sorted,3.55
Glass,463.8,High,Ahmedabad,Moderate,8.44,11.15,115.9,2,Business,0.62,Mixed,3.2
Cardboard,412.8,High,Coimbatore,Low,12.99,12.78,101.6,4,Industrial Recycler,0.99,Sorted,6.33
Paper,181.0,Medium,Hyderabad,Low,11.57,3.54,135.1,12,Business,0.39,Sorted,5.09
Aluminum,1193.0,Medium,Chennai,High,191.8,10.15,83.7,2,Industrial Recycler,0.97,Mixed,203.69
Glass,254.8,Medium,Hyderabad,Moderate,7.42,6.43,104.5,6,Industrial Recycler,0.57,Baled,3.2
Aluminum,297.7,High,Coimbatore,Moderate,191.77,14.26,87.8,7,Business,0.68,Mixed,191.12
Copper,913.0,Industrial Grade,Coimbatore,Moderate,650.1,14.95,134.8,12,Industrial Recycler,0.79,Mixed,741.76
Steel,148.1,Medium,Mumbai,Low,44.43,14.83,106.3,10,Industrial Recycler,0.31,Contaminated,18.27
Textile,870.0,Industrial Grade,Pune,Moderate,27.32,4.09,6.2,6,Individual,0.31,Mixed,28.96
E-waste,1042.8,Medium,Bengaluru,Moderate,120.71,3.37,31.6,7,Industrial Recycler,0.43,Mixed,107.61
Aluminum,63.6,Medium,Hyderabad,Low,167.61,13.13,49.6,4,Individual,0.82,Baled,157.85
Aluminum,46.3,High,Pune,Low,181.18,11.94,5.8,4,Business,0.94,Mixed,159.3
Cardboard,359.2,Low,Chennai,High,14.66,7.77,60.7,2,Individual,0.73,Contaminated,5.6
Aluminum,270.9,Low,Surat,Moderate,174.91,9.06,119.5,9,Industrial Recycler,0.7,Sorted,135.34
Steel,397.4,High,Mumbai,Low,44.31,5.0,62.3,3,Municipal Collector,0.59,Contaminated,29.45
Steel,838.5,High,Pune,Moderate,45.25,5.33,32.0,9,Industrial Recycler,0.92,Contaminated,32.55
Other,733.9,Medium,Chennai,Moderate,15.6,4.93,127.1,6,Business,0.3,Clean,11.92
Plastic,176.1,Industrial Grade,Chennai,High,32.9,8.82,136.5,6,Individual,0.7,Contaminated,24.82
E-waste,244.0,High,Delhi,Low,114.46,8.54,117.1,2,Business,0.56,Sorted,123.87
Cardboard,49.2,High,Ahmedabad,Moderate,14.13,3.22,107.1,3,Municipal Collector,0.33,Baled,13.11
Aluminum,37.6,Low,Chennai,Moderate,170.05,9.91,147.0,9,Individual,0.94,Contaminated,88.07
E-waste,127.5,Medium,Mumbai,Moderate,113.05,14.94,100.3,1,Industrial Recycler,0.81,Baled,113.4
E-waste,532.9,Medium,Kolkata,High,122.41,8.98,94.2,4,Individual,0.89,Clean,154.06
Plastic,1150.2,Medium,Chennai,High,35.87,14.84,45.4,5,Industrial Recycler,0.81,Contaminated,22.23
Cardboard,196.4,High,Surat,Moderate,14.39,11.11,108.0,10,Industrial Recycler,0.82,Clean,10.12
Aluminum,157.6,Medium,Coimbatore,Low,171.91,11.05,140.9,5,Individual,0.39,Clean,156.45
E-waste,578.0,Industrial Grade,Hyderabad,High,125.32,2.54,109.1,6,Business,0.39,Sorted,186.79
Copper,889.6,Industrial Grade,Mumbai,High,683.79,10.87,33.6,7,Municipal Collector,0.54,Sorted,1034.98
Other,272.9,Medium,Pune,Moderate,15.09,3.25,135.9,7,Municipal Collector,0.39,Mixed,8.38
Copper,243.5,High,Delhi,Low,675.2,10.92,133.1,11,Business,0.63,Contaminated,461.01
Textile,576.3,High,Chennai,Low,29.08,12.95,43.2,1,Individual,0.87,Contaminated,14.86
Copper,2471.9,Industrial Grade,Surat,High,610.33,4.64,121.2,2,Individual,0.64,Mixed,824.79
Cardboard,104.9,High,Delhi,Moderate,14.88,11.79,71.8,7,Industrial Recycler,0.57,Sorted,11.01
Textile,451.1,Medium,Pune,Low,29.25,9.56,13.8,6,Municipal Collector,0.85,Clean,25.44
Paper,1025.3,High,Hyderabad,Moderate,12.42,12.01,49.4,11,Municipal Collector,0.7,Mixed,6.82
Glass,503.0,High,Bengaluru,Low,7.85,13.0,32.5,8,Municipal Collector,0.6,Sorted,3.2
Copper,284.8,High,Hyderabad,High,674.84,13.96,101.5,7,Industrial Recycler,0.96,Sorted,882.81
Cardboard,435.3,Low,Chennai,Low,14.87,8.67,79.6,11,Individual,0.33,Sorted,5.6
E-waste,970.5,High,Hyderabad,Moderate,112.02,12.67,50.1,12,Individual,0.72,Baled,140.28
Textile,426.2,Low,Hyderabad,High,27.02,14.51,109.4,3,Industrial Recycler,0.62,Contaminated,11.2
Steel,776.0,Low,Hyderabad,Moderate,44.12,4.63,42.8,4,Individual,0.87,Clean,38.67
Plastic,165.9,High,Kolkata,Low,36.23,6.86,63.8,8,Industrial Recycler,0.56,Clean,34.46
E-waste,1023.3,Industrial Grade,Ahmedabad,Low,124.07,7.22,120.4,6,Industrial Recycler,0.8,Baled,145.76
Paper,584.3,Low,Delhi,Moderate,11.56,14.88,86.8,6,Individual,0.57,Contaminated,4.8
Other,471.0,Industrial Grade,Mumbai,Moderate,14.69,6.46,16.5,3,Individual,0.67,Clean,18.77
Aluminum,448.3,Low,Pune,Moderate,174.91,9.75,115.3,3,Business,0.96,Baled,155.66
Other,300.2,Industrial Grade,Bengaluru,Moderate,14.89,5.11,128.8,2,Municipal Collector,0.99,Mixed,11.88
Steel,148.3,Medium,Mumbai,Low,40.56,14.13,60.8,3,Business,1.0,Sorted,30.75
Paper,609.4,Medium,Chennai,High,11.45,13.52,117.6,5,Municipal Collector,0.87,Contaminated,4.8
E-waste,707.3,Industrial Grade,Hyderabad,Low,110.75,10.85,144.4,2,Municipal Collector,0.67,Contaminated,78.64
Copper,143.4,Industrial Grade,Bengaluru,Moderate,644.45,11.49,16.5,2,Individual,0.94,Baled,907.06
Cardboard,43.0,Low,Pune,High,13.85,13.65,45.5,11,Individual,0.93,Sorted,5.91
E-waste,682.4,Low,Coimbatore,Low,113.54,10.36,77.1,2,Municipal Collector,0.75,Sorted,81.84
Aluminum,1341.5,Industrial Grade,Hyderabad,Low,177.98,3.72,72.1,8,Individual,0.78,Sorted,197.99
Textile,221.7,Medium,Chennai,Moderate,25.97,10.39,137.1,5,Business,0.83,Contaminated,11.2
Glass,62.6,Medium,Coimbatore,Low,8.62,8.75,52.2,6,Business,0.33,Mixed,3.2
Steel,169.6,Industrial Grade,Chennai,Low,44.33,8.02,32.0,5,Individual,0.44,Contaminated,30.86
Textile,297.9,High,Surat,Moderate,26.73,12.0,119.8,12,Individual,0.58,Baled,25.28
Copper,417.2,Industrial Grade,Chennai,High,671.76,6.5,59.8,4,Individual,0.66,Contaminated,680.7
Textile,565.1,Medium,Surat,Low,26.86,8.3,96.5,12,Individual,0.39,Clean,20.08
Glass,1700.5,Low,Bengaluru,High,7.93,12.02,97.8,3,Individual,0.79,Contaminated,3.2
Plastic,366.9,Medium,Ahmedabad,Moderate,36.86,13.63,105.6,12,Industrial Recycler,0.85,Clean,34.21
Plastic,56.0,Medium,Chennai,Moderate,34.42,2.45,55.8,9,Municipal Collector,0.94,Contaminated,20.62
Cardboard,228.5,Industrial Grade,Delhi,Low,14.59,14.47,77.2,10,Individual,0.86,Clean,9.11
Plastic,1266.1,Industrial Grade,Ahmedabad,High,35.81,3.3,27.6,2,Business,0.97,Clean,56.18
Cardboard,647.1,Medium,Chennai,Low,13.85,12.94,101.6,8,Individual,0.8,Baled,5.6
Paper,193.6,Low,Pune,Moderate,11.44,3.7,114.3,8,Individual,0.98,Mixed,4.8
Plastic,1172.6,Medium,Chennai,High,34.14,14.96,47.3,10,Business,0.99,Contaminated,19.95
Other,805.6,Medium,Delhi,High,15.28,12.67,59.7,1,Industrial Recycler,1.0,Contaminated,6.1
Plastic,1478.7,Low,Ahmedabad,Moderate,35.18,10.42,14.7,4,Individual,0.49,Clean,29.45
E-waste,195.4,Low,Ahmedabad,High,128.64,13.14,50.7,11,Business,0.84,Clean,121.13
Cardboard,522.2,Low,Hyderabad,High,14.02,10.59,30.3,7,Business,0.5,Contaminated,5.6
Textile,470.0,Medium,Pune,Low,29.3,11.5,14.2,7,Municipal Collector,0.33,Baled,23.79
Glass,426.6,Low,Chennai,High,7.7,14.71,17.5,6,Individual,0.35,Baled,3.2
Glass,229.8,Low,Surat,Moderate,8.12,11.37,18.2,11,Business,0.45,Mixed,3.2
Glass,277.1,Industrial Grade,Bengaluru,Moderate,7.54,2.01,74.2,1,Industrial Recycler,0.48,Baled,7.53
Textile,672.7,Medium,Chennai,High,27.14,3.17,110.7,3,Municipal Collector,0.96,Clean,30.78
Other,20.0,Medium,Ahmedabad,Low,13.89,7.9,87.1,9,Municipal Collector,0.97,Mixed,6.0
E-waste,642.6,Medium,Ahmedabad,High,129.31,12.37,38.5,8,Municipal Collector,0.43,Clean,150.97
E-waste,26.5,Industrial Grade,Surat,Moderate,120.86,8.18,82.5,9,Industrial Recycler,0.55,Clean,149.91
Plastic,408.6,Low,Delhi,High,35.07,2.4,49.8,6,Business,0.81,Contaminated,20.51
Other,64.4,Low,Bengaluru,High,14.64,9.62,28.0,1,Business,0.32,Contaminated,6.0
Glass,418.0,Industrial Grade,Surat,Moderate,7.97,13.98,71.1,11,Industrial Recycler,0.8,Mixed,3.2
Aluminum,266.1,Medium,Delhi,Low,178.14,10.65,49.8,5,Municipal Collector,0.58,Mixed,134.16
Other,157.4,Industrial Grade,Chennai,Moderate,14.63,7.01,123.4,7,Industrial Recycler,0.78,Baled,13.02
Aluminum,70.8,Low,Delhi,High,179.14,11.09,56.2,4,Business,0.33,Sorted,163.53
Textile,117.3,Low,Ahmedabad,Moderate,28.29,13.48,16.5,8,Individual,0.55,Baled,17.97
Other,399.5,Industrial Grade,Coimbatore,Moderate,13.82,8.06,58.8,12,Individual,0.56,Contaminated,7.48
Copper,1054.2,Medium,Delhi,High,700.69,5.9,34.9,11,Municipal Collector,0.9,Baled,858.29
Other,202.5,Low,Surat,Low,15.38,5.66,55.6,7,Industrial Recycler,0.47,Baled,8.03
Glass,277.7,Low,Mumbai,Low,8.51,2.95,42.3,12,Individual,0.73,Sorted,4.15
Textile,209.3,Medium,Mumbai,High,29.71,4.94,70.4,10,Industrial Recycler,0.91,Baled,32.0
Paper,91.5,High,Bengaluru,Low,11.85,6.27,11.9,4,Individual,0.72,Baled,10.18
E-waste,452.0,Medium,Chennai,Low,129.56,14.58,27.9,4,Industrial Recycler,0.83,Baled,123.76
E-waste,611.1,Medium,Chennai,Low,116.19,8.23,115.4,8,Individual,0.9,Clean,108.73
Glass,1051.2,Medium,Pune,Low,8.46,9.61,73.5,6,Municipal Collector,0.39,Sorted,3.2
Plastic,366.5,High,Surat,Moderate,32.56,6.96,128.0,7,Industrial Recycler,0.81,Clean,35.38
Plastic,123.3,High,Chennai,High,37.04,4.65,117.9,3,Industrial Recycler,0.53,Clean,49.86
Textile,33.0,Low,Hyderabad,Low,29.52,10.16,89.4,6,Municipal Collector,0.97,Baled,15.01
Cardboard,500.0,Industrial Grade,Chennai,Low,13.3,9.18,107.3,5,Individual,0.79,Clean,9.41
Textile,968.4,Industrial Grade,Hyderabad,High,26.68,2.62,84.9,9,Business,0.92,Contaminated,22.6
Plastic,1674.9,Industrial Grade,Coimbatore,Low,33.23,7.95,33.3,4,Individual,0.58,Contaminated,23.19
Copper,77.2,High,Surat,High,681.3,11.01,78.1,7,Municipal Collector,0.58,Sorted,929.95
Cardboard,409.8,High,Bengaluru,Low,14.18,6.96,129.8,10,Industrial Recycler,0.34,Clean,8.89
Copper,65.0,Industrial Grade,Ahmedabad,Moderate,619.62,2.49,32.3,5,Business,0.52,Mixed,715.62
Steel,153.1,Medium,Bengaluru,Moderate,40.52,9.92,123.2,3,Business,0.57,Baled,39.66
Steel,527.7,Industrial Grade,Hyderabad,Low,42.83,14.92,24.4,4,Individual,0.46,Sorted,47.18
Steel,165.4,High,Surat,Moderate,40.18,13.41,36.3,2,Municipal Collector,0.45,Contaminated,27.01
Paper,203.9,Industrial Grade,Chennai,Moderate,11.74,12.18,135.6,11,Business,0.87,Mixed,4.8
E-waste,850.2,Industrial Grade,Pune,Moderate,115.74,2.74,135.3,4,Industrial Recycler,0.56,Contaminated,103.19
Aluminum,457.5,High,Ahmedabad,High,186.24,4.82,39.1,3,Industrial Recycler,0.97,Contaminated,171.53
Steel,532.2,High,Ahmedabad,Low,44.08,12.39,142.2,2,Industrial Recycler,0.86,Contaminated,24.89
Aluminum,333.8,High,Bengaluru,Low,190.98,5.8,120.6,11,Individual,0.34,Mixed,171.14
Textile,426.5,Low,Ahmedabad,Moderate,29.46,8.44,97.2,11,Business,0.59,Baled,18.9
Other,242.1,Medium,Pune,High,16.01,8.98,83.5,11,Municipal Collector,0.41,Sorted,12.62
E-waste,747.3,Medium,Bengaluru,Low,128.75,2.52,50.9,3,Business,0.85,Sorted,123.91
Glass,625.5,Industrial Grade,Mumbai,Low,7.68,3.92,110.1,9,Industrial Recycler,0.47,Mixed,3.2
Plastic,272.0,Industrial Grade,Chennai,High,32.87,14.73,17.3,3,Individual,0.62,Baled,44.85
Cardboard,725.8,High,Kolkata,Low,12.99,11.66,122.1,7,Industrial Recycler,0.94,Contaminated,5.6
Copper,1384.6,Industrial Grade,Coimbatore,Moderate,634.66,9.78,140.2,11,Industrial Recycler,0.71,Clean,875.37
Other,164.4,Low,Chennai,High,15.97,4.28,19.8,8,Industrial Recycler,0.96,Sorted,12.52
Paper,1762.1,Medium,Bengaluru,Low,11.33,13.14,8.1,3,Municipal Collector,0.38,Contaminated,4.8
Steel,257.3,Industrial Grade,Surat,Low,44.75,14.46,60.5,11,Industrial Recycler,0.82,Sorted,44.0
Aluminum,372.5,Medium,Mumbai,Moderate,174.38,12.84,132.2,8,Industrial Recycler,0.89,Contaminated,110.73
E-waste,108.3,Low,Coimbatore,Moderate,123.52,6.86,6.5,3,Municipal Collector,0.84,Clean,104.22
Glass,276.0,High,Ahmedabad,Moderate,7.59,11.13,42.3,8,Individual,0.6,Baled,3.51
Plastic,81.2,Medium,Delhi,Low,34.99,7.88,43.9,4,Industrial Recycler,0.52,Baled,29.38
Steel,264.9,Medium,Coimbatore,Low,42.29,7.19,16.7,7,Individual,0.4,Sorted,36.57
Other,558.9,Medium,Surat,Low,14.49,3.96,139.5,12,Industrial Recycler,0.35,Clean,9.27
Textile,51.7,Medium,Pune,High,27.71,7.23,106.7,11,Industrial Recycler,0.62,Clean,26.71
Steel,860.3,Industrial Grade,Bengaluru,Low,43.1,2.99,67.6,1,Industrial Recycler,0.74,Contaminated,31.87
Aluminum,1565.7,Low,Chennai,High,166.76,11.88,99.9,4,Individual,0.49,Clean,170.78
Cardboard,102.1,Medium,Bengaluru,High,14.63,12.77,18.7,3,Business,0.56,Contaminated,6.83
Paper,455.8,High,Delhi,Low,11.81,8.49,65.5,9,Individual,0.93,Sorted,7.0
Copper,276.6,High,Kolkata,Moderate,629.78,6.02,13.5,9,Industrial Recycler,0.39,Baled,758.48
Aluminum,268.6,High,Ahmedabad,High,174.63,5.18,81.0,11,Municipal Collector,0.53,Mixed,197.01
Textile,108.8,Industrial Grade,Chennai,Moderate,27.09,3.68,68.1,10,Industrial Recycler,0.43,Sorted,30.7
Other,50.2,Medium,Chennai,High,13.95,5.97,31.5,4,Individual,0.5,Mixed,11.12
Other,421.9,Low,Mumbai,High,15.91,8.64,75.4,12,Business,0.84,Baled,10.36
Copper,450.2,High,Bengaluru,Low,661.75,9.72,90.3,7,Municipal Collector,0.7,Mixed,605.92
Cardboard,231.9,High,Chennai,Low,14.84,2.74,84.7,12,Individual,0.6,Contaminated,7.08
Aluminum,61.3,Medium,Pune,High,171.17,9.01,113.5,4,Business,0.58,Clean,212.52
Copper,437.2,High,Pune,Low,691.51,13.52,44.2,3,Business,0.68,Sorted,766.85
Aluminum,195.7,Low,Delhi,Low,187.7,12.12,29.8,10,Individual,0.34,Baled,137.78
E-waste,97.4,Industrial Grade,Bengaluru,Low,126.87,14.14,114.7,8,Municipal Collector,0.42,Baled,137.11
Cardboard,472.8,Medium,Hyderabad,Low,14.55,7.3,123.1,4,Municipal Collector,0.65,Baled,7.64
Copper,62.0,Industrial Grade,Chennai,Moderate,678.81,5.96,67.9,4,Municipal Collector,0.3,Contaminated,615.54
Copper,61.8,Medium,Hyderabad,Low,667.99,3.98,108.9,4,Individual,0.89,Contaminated,417.91
Plastic,343.9,Low,Kolkata,Moderate,36.32,14.19,52.2,8,Business,0.79,Contaminated,14.0
Textile,785.0,Industrial Grade,Coimbatore,Moderate,29.46,11.4,114.6,7,Business,0.42,Mixed,26.06
Cardboard,182.2,High,Surat,High,13.8,7.78,72.7,3,Business,0.62,Sorted,14.29
Cardboard,40.6,High,Surat,Low,13.55,9.03,98.3,9,Municipal Collector,0.76,Sorted,6.96
Steel,280.0,High,Delhi,Low,42.23,12.69,105.9,6,Municipal Collector,0.83,Contaminated,24.41
Other,1393.9,Low,Pune,High,15.22,10.02,34.6,8,Individual,0.92,Baled,10.12
Steel,577.8,Low,Delhi,High,43.6,11.93,97.3,11,Industrial Recycler,0.92,Sorted,35.1
Other,1523.2,High,Bengaluru,Moderate,16.19,9.67,64.7,10,Municipal Collector,0.34,Mixed,11.26
E-waste,31.2,Industrial Grade,Kolkata,High,119.96,10.92,71.3,10,Business,0.69,Mixed,136.32
Other,90.9,Low,Kolkata,Moderate,15.83,12.43,121.4,4,Business,0.38,Mixed,6.0
E-waste,309.8,Medium,Hyderabad,Moderate,120.64,8.97,111.3,7,Industrial Recycler,1.0,Sorted,117.26
Paper,48.1,High,Coimbatore,Moderate,12.59,10.32,29.2,10,Industrial Recycler,0.91,Sorted,9.98
Glass,477.5,Medium,Delhi,High,7.87,2.51,144.4,3,Individual,0.69,Clean,4.88
Aluminum,141.9,High,Kolkata,High,171.98,3.36,57.0,5,Industrial Recycler,0.69,Baled,244.15
Cardboard,312.2,Medium,Mumbai,Moderate,14.27,9.16,123.1,11,Municipal Collector,0.82,Clean,8.5
Paper,237.8,High,Hyderabad,Moderate,12.55,14.48,26.7,1,Municipal Collector,0.94,Baled,9.76
Aluminum,824.2,High,Delhi,High,190.64,9.7,63.5,11,Industrial Recycler,0.72,Contaminated,174.29
Plastic,519.1,High,Chennai,Moderate,36.82,9.35,42.9,9,Industrial Recycler,0.99,Sorted,39.48
Paper,787.2,Industrial Grade,Kolkata,Low,12.29,13.86,137.5,8,Business,0.67,Mixed,4.8
Steel,1604.4,Industrial Grade,Hyderabad,High,38.96,10.94,59.0,7,Business,0.49,Clean,57.27
Paper,409.5,Low,Delhi,High,11.85,6.46,44.8,8,Business,0.93,Sorted,6.87
Textile,511.3,Low,Delhi,Moderate,27.21,3.64,119.2,3,Business,0.54,Contaminated,11.39
Other,443.9,Industrial Grade,Delhi,High,14.1,13.12,31.7,3,Industrial Recycler,0.31,Mixed,12.99
Plastic,390.5,Medium,Mumbai,Moderate,33.9,13.71,49.6,8,Business,0.5,Sorted,28.91
Glass,148.6,Low,Pune,High,7.66,12.71,19.0,3,Municipal Collector,0.46,Baled,3.2
Aluminum,311.5,Industrial Grade,Pune,High,185.8,3.32,55.4,12,Industrial Recycler,0.9,Clean,289.64
Other,109.2,High,Delhi,Low,16.03,14.3,100.5,3,Individual,0.35,Clean,9.52
E-waste,264.5,Medium,Ahmedabad,Low,122.74,5.52,66.7,3,Municipal Collector,0.81,Contaminated,73.67
Other,46.3,Low,Kolkata,Moderate,14.53,9.6,29.8,6,Industrial Recycler,0.78,Baled,7.74
Glass,350.1,Medium,Chennai,High,7.47,6.79,52.5,9,Municipal Collector,0.35,Sorted,4.02
Glass,261.3,High,Pune,Low,7.94,5.36,91.9,5,Business,0.49,Baled,4.02
Plastic,372.3,Low,Mumbai,Moderate,36.98,11.51,131.7,8,Individual,0.51,Contaminated,14.0
E-waste,52.0,High,Surat,Low,127.7,5.76,33.9,8,Industrial Recycler,0.44,Sorted,127.65
Glass,437.4,Medium,Hyderabad,Low,7.47,4.83,23.1,4,Business,0.85,Mixed,3.48
Plastic,1072.0,Medium,Delhi,Low,37.18,8.58,79.4,1,Individual,0.87,Baled,31.91
Cardboard,45.0,High,Kolkata,High,14.12,5.71,33.5,8,Municipal Collector,0.43,Sorted,15.07
Copper,71.6,Low,Mumbai,High,694.36,10.59,52.4,7,Municipal Collector,0.81,Contaminated,448.02
E-waste,43.3,High,Pune,Low,115.76,4.44,104.4,7,Business,0.57,Clean,121.61
Copper,1479.1,Industrial Grade,Bengaluru,Low,604.79,9.66,122.3,10,Municipal Collector,0.52,Mixed,596.6
Plastic,60.2,Industrial Grade,Delhi,Low,37.27,5.41,120.1,11,Industrial Recycler,0.34,Contaminated,22.83
Other,113.1,High,Kolkata,High,15.19,8.24,85.3,10,Business,0.67,Clean,14.66
Plastic,241.7,Low,Kolkata,High,37.27,8.79,64.4,10,Business,0.42,Contaminated,17.75
Paper,2298.4,Industrial Grade,Surat,Low,11.75,7.95,94.2,11,Industrial Recycler,0.42,Sorted,8.17
Glass,96.9,Industrial Grade,Kolkata,Low,8.44,11.64,142.1,3,Industrial Recycler,0.34,Sorted,3.2
Steel,260.7,High,Kolkata,Low,42.88,10.61,100.7,10,Municipal Collector,0.35,Mixed,30.75
Steel,22.1,Low,Surat,Low,44.86,8.01,135.3,8,Individual,0.83,Baled,25.17
Cardboard,575.0,Low,Mumbai,Moderate,13.24,11.89,66.7,4,Business,1.0,Sorted,5.6
Cardboard,356.3,High,Coimbatore,High,13.85,6.44,81.6,4,Individual,0.68,Clean,16.05
Copper,288.5,Medium,Mumbai,Moderate,600.36,13.54,88.6,6,Business,0.86,Baled,653.68
Other,672.2,Medium,Surat,Moderate,15.87,3.92,58.7,1,Municipal Collector,0.95,Clean,15.13
Other,209.4,Medium,Pune,Moderate,15.61,11.76,78.2,12,Business,0.63,Contaminated,6.0
Aluminum,71.0,Low,Coimbatore,High,172.54,3.58,112.9,12,Municipal Collector,0.71,Contaminated,100.72
Aluminum,118.6,Medium,Mumbai,High,169.09,6.1,98.7,3,Municipal Collector,0.81,Baled,208.13
Aluminum,415.9,High,Kolkata,Moderate,167.36,5.68,22.8,12,Business,0.39,Baled,213.8
Plastic,342.3,Industrial Grade,Pune,Moderate,33.35,8.9,120.3,12,Business,0.83,Contaminated,22.01
Steel,782.6,Industrial Grade,Kolkata,High,40.04,9.39,91.9,12,Industrial Recycler,0.47,Clean,56.25
Other,2467.4,High,Kolkata,Low,15.82,14.7,146.4,6,Industrial Recycler,0.6,Clean,8.47
Glass,907.8,Low,Chennai,Low,7.84,7.02,53.5,11,Individual,0.71,Mixed,3.2
Other,147.2,Medium,Chennai,Moderate,15.43,7.11,47.1,7,Business,0.33,Sorted,11.35
Steel,1933.4,Medium,Ahmedabad,Moderate,41.47,9.08,129.0,1,Individual,0.84,Mixed,30.9
Textile,119.8,Industrial Grade,Mumbai,Moderate,26.9,6.91,80.6,3,Individual,0.35,Clean,32.7
Textile,676.3,High,Pune,High,29.67,6.35,134.3,11,Municipal Collector,0.74,Clean,36.82
Paper,292.4,Industrial Grade,Chennai,High,11.04,9.28,32.4,1,Industrial Recycler,0.64,Sorted,12.38
Plastic,835.2,High,Delhi,High,35.05,14.14,66.2,4,Municipal Collector,0.37,Sorted,42.98
Paper,1026.5,Low,Surat,High,12.14,14.05,120.2,6,Individual,0.7,Mixed,4.8
Aluminum,95.4,Industrial Grade,Surat,Moderate,182.01,13.96,145.0,11,Industrial Recycler,0.42,Mixed,190.27
Cardboard,288.8,Low,Mumbai,Low,14.8,6.56,114.4,6,Municipal Collector,0.47,Baled,5.6
Glass,386.6,Industrial Grade,Ahmedabad,Moderate,8.6,2.28,133.8,5,Business,0.86,Contaminated,3.2
Cardboard,2851.3,High,Coimbatore,Moderate,14.01,4.71,49.2,4,Industrial Recycler,0.67,Clean,15.99
Copper,272.1,Industrial Grade,Ahmedabad,Low,621.13,14.5,113.4,11,Municipal Collector,0.46,Contaminated,459.32
Textile,91.4,Low,Mumbai,Moderate,25.82,2.11,38.7,2,Business,0.94,Mixed,17.8
Glass,350.6,Medium,Coimbatore,Low,7.81,7.15,84.0,3,Municipal Collector,0.85,Baled,3.2
Aluminum,291.0,Low,Hyderabad,Low,175.86,11.41,93.6,2,Individual,0.62,Clean,139.06
Aluminum,448.5,Low,Coimbatore,High,189.76,10.96,105.1,12,Business,0.49,Sorted,169.41
Other,108.0,Medium,Hyderabad,Moderate,14.96,2.77,98.3,9,Industrial Recycler,0.73,Contaminated,6.89
Copper,442.3,Medium,Coimbatore,Moderate,613.71,9.25,110.9,10,Municipal Collector,0.57,Contaminated,404.56
Paper,137.9,Industrial Grade,Pune,High,12.56,12.95,148.8,2,Individual,0.43,Contaminated,4.8
Aluminum,434.9,Low,Chennai,High,166.62,10.08,82.4,2,Municipal Collector,0.51,Contaminated,101.21
Cardboard,171.3,Industrial Grade,Hyderabad,Low,13.77,3.94,73.9,1,Municipal Collector,0.79,Clean,13.45
Steel,815.4,High,Surat,High,44.64,5.07,118.0,6,Business,0.59,Contaminated,37.64
Steel,684.1,High,Delhi,Moderate,41.76,2.13,89.6,9,Individual,0.72,Baled,48.23
Aluminum,91.5,High,Bengaluru,Moderate,165.95,9.32,143.5,6,Individual,0.86,Clean,210.36
Plastic,171.5,Industrial Grade,Ahmedabad,High,35.23,3.42,28.2,3,Business,0.57,Clean,55.46
Aluminum,380.5,Industrial Grade,Ahmedabad,Low,189.32,2.32,31.9,3,Municipal Collector,0.52,Clean,234.23
Paper,190.0,Industrial Grade,Surat,Moderate,11.17,14.91,84.3,3,Business,0.88,Clean,7.5
E-waste,188.2,Low,Coimbatore,High,116.03,11.87,124.6,3,Municipal Collector,0.85,Sorted,104.64
Steel,683.3,Medium,Delhi,High,44.76,4.35,25.9,1,Business,0.49,Sorted,52.75
Copper,1439.1,Medium,Mumbai,Low,647.34,12.37,124.4,12,Industrial Recycler,0.43,Clean,642.29
Other,115.8,High,Delhi,Low,14.34,6.11,95.7,11,Individual,0.39,Contaminated,6.0
Textile,511.3,High,Kolkata,Low,26.97,10.8,145.7,1,Industrial Recycler,0.54,Mixed,16.91
Glass,419.8,Low,Bengaluru,Moderate,7.77,10.68,20.4,2,Business,0.95,Clean,3.2
Other,1154.5,High,Mumbai,Moderate,14.79,8.97,93.0,12,Municipal Collector,0.64,Contaminated,6.0
Textile,129.3,Industrial Grade,Delhi,High,26.97,8.5,136.6,1,Municipal Collector,0.62,Contaminated,19.97
Aluminum,474.3,Medium,Surat,Low,183.45,8.38,87.9,2,Business,0.7,Mixed,147.77
Copper,850.8,Industrial Grade,Delhi,High,695.06,11.93,111.9,10,Business,0.84,Sorted,1044.34
Plastic,1241.2,Industrial Grade,Hyderabad,Low,33.71,5.62,147.0,6,Individual,0.61,Baled,34.83
E-waste,444.5,High,Hyderabad,High,115.67,7.33,145.0,10,Business,0.43,Baled,152.13
Aluminum,130.7,Medium,Ahmedabad,High,166.02,3.93,141.1,11,Individual,0.93,Clean,193.76
Aluminum,161.8,Medium,Coimbatore,High,188.45,6.9,84.5,1,Business,0.82,Contaminated,147.8
Textile,463.4,Industrial Grade,Surat,Low,29.2,8.77,5.5,1,Business,0.7,Contaminated,18.73
Copper,298.0,High,Coimbatore,High,607.6,13.13,89.0,1,Municipal Collector,0.7,Sorted,832.52
Steel,65.9,Medium,Hyderabad,Low,42.21,9.57,112.6,8,Municipal Collector,0.84,Contaminated,18.1
E-waste,114.3,High,Mumbai,High,128.5,14.36,148.4,9,Industrial Recycler,0.91,Mixed,131.05
Cardboard,186.5,Industrial Grade,Hyderabad,Moderate,14.71,13.98,12.3,1,Municipal Collector,0.98,Mixed,11.04
Cardboard,275.7,Low,Chennai,High,13.88,5.18,109.8,2,Municipal Collector,0.95,Contaminated,5.6
Cardboard,821.4,High,Mumbai,High,15.04,11.87,77.7,6,Industrial Recycler,0.52,Sorted,14.34
Aluminum,1369.7,Medium,Chennai,Low,173.6,11.91,34.5,6,Business,0.59,Sorted,161.51
E-waste,435.7,Low,Mumbai,Low,118.16,5.55,134.1,10,Industrial Recycler,0.61,Mixed,70.94
Aluminum,563.9,High,Mumbai,Low,185.94,12.53,109.5,11,Individual,0.68,Clean,203.44
Copper,2916.2,Medium,Kolkata,Low,698.69,11.97,91.5,8,Individual,0.4,Contaminated,438.83
Textile,656.8,Medium,Kolkata,Low,29.81,10.95,77.0,2,Industrial Recycler,0.63,Clean,24.25
Glass,45.2,Medium,Hyderabad,Moderate,7.74,2.23,149.4,6,Individual,0.41,Mixed,3.2
Copper,151.4,Medium,Chennai,Low,605.22,7.44,21.8,9,Industrial Recycler,0.42,Baled,554.74
Glass,144.6,Low,Delhi,High,8.13,2.79,133.1,2,Industrial Recycler,0.45,Baled,3.2
Paper,94.3,Industrial Grade,Chennai,High,11.92,8.79,86.4,3,Business,0.32,Mixed,9.35
Steel,581.8,Medium,Chennai,Low,44.72,2.38,18.0,6,Municipal Collector,0.96,Contaminated,27.86
Glass,156.6,High,Delhi,Low,8.5,12.59,37.5,6,Municipal Collector,0.94,Mixed,3.2
Paper,207.4,Low,Mumbai,Low,11.88,3.88,30.8,11,Business,0.99,Mixed,5.22
Paper,284.4,Industrial Grade,Pune,High,12.47,8.49,6.0,4,Business,0.74,Clean,16.62
Plastic,200.8,Low,Hyderabad,High,34.95,7.48,86.0,6,Industrial Recycler,0.59,Mixed,23.08
Steel,781.4,Medium,Ahmedabad,High,45.27,7.13,143.1,11,Individual,0.66,Sorted,47.81
Textile,1705.4,Industrial Grade,Bengaluru,Low,29.91,3.0,45.0,3,Municipal Collector,0.92,Sorted,35.38
Textile,270.1,Industrial Grade,Ahmedabad,Moderate,28.35,10.61,125.3,8,Industrial Recycler,0.75,Baled,30.13
Glass,673.4,High,Kolkata,Moderate,7.75,8.28,77.6,5,Business,0.4,Clean,4.51
Plastic,447.9,Low,Coimbatore,High,36.42,13.42,110.3,5,Industrial Recycler,0.68,Sorted,27.02
Copper,207.1,Medium,Mumbai,Moderate,635.12,6.63,112.0,10,Municipal Collector,0.7,Clean,664.08
Steel,298.8,High,Mumbai,Low,39.32,11.96,123.7,11,Industrial Recycler,0.8,Mixed,28.54
E-waste,152.1,Medium,Kolkata,Low,123.24,2.03,72.2,3,Business,0.46,Baled,120.38
Plastic,279.9,Low,Chennai,Moderate,34.55,9.63,79.9,9,Individual,0.32,Baled,22.64
Textile,784.8,Industrial Grade,Chennai,High,26.48,4.36,149.0,2,Industrial Recycler,0.91,Sorted,34.79
Paper,1219.8,Medium,Hyderabad,High,11.64,7.22,22.2,1,Individual,0.82,Sorted,11.27
Cardboard,1156.5,Industrial Grade,Bengaluru,High,14.01,10.34,108.5,2,Municipal Collector,0.34,Clean,15.49
Aluminum,955.8,Medium,Chennai,High,183.54,12.76,69.8,10,Individual,0.94,Contaminated,133.03
Aluminum,52.2,High,Coimbatore,Moderate,189.02,14.18,48.2,4,Business,0.47,Clean,231.27
E-waste,352.9,High,Coimbatore,Moderate,117.85,10.19,20.2,12,Municipal Collector,0.95,Baled,144.19
Glass,210.6,High,Surat,Moderate,7.96,14.72,46.3,11,Business,0.67,Baled,3.2
Glass,847.3,High,Ahmedabad,High,8.26,8.89,37.4,6,Individual,0.32,Clean,7.4
Steel,998.4,Industrial Grade,Ahmedabad,Low,39.02,9.78,118.0,3,Business,0.46,Baled,42.81
Copper,993.3,Industrial Grade,Kolkata,Moderate,646.88,12.13,79.2,12,Business,0.88,Clean,910.36
Steel,606.1,Medium,Mumbai,Low,39.97,3.57,76.1,8,Municipal Collector,0.54,Baled,34.8
Plastic,1470.4,High,Coimbatore,Moderate,35.97,9.11,120.7,3,Business,0.8,Mixed,32.08
Glass,367.2,Low,Coimbatore,Low,7.74,10.7,99.4,3,Business,0.86,Mixed,3.2
Steel,538.8,Medium,Chennai,High,41.22,12.26,89.8,7,Individual,0.77,Mixed,33.65
Textile,207.0,Low,Ahmedabad,Moderate,28.82,7.75,61.4,1,Municipal Collector,0.35,Mixed,16.4
Other,830.7,High,Bengaluru,Low,15.81,11.57,51.7,2,Industrial Recycler,0.93,Contaminated,6.0
Steel,562.8,Industrial Grade,Coimbatore,High,44.96,2.6,33.7,4,Municipal Collector,0.87,Clean,71.4
Cardboard,716.8,Low,Chennai,Moderate,13.19,4.89,83.0,10,Individual,0.68,Contaminated,5.6
Paper,90.6,High,Mumbai,High,12.59,9.81,112.1,2,Business,0.87,Contaminated,4.8
Glass,630.5,Medium,Pune,High,8.34,11.36,59.7,2,Business,0.8,Clean,4.68
Textile,165.4,Low,Hyderabad,Low,27.24,9.99,130.8,11,Individual,0.52,Mixed,11.2
Copper,1052.0,High,Chennai,Moderate,677.95,7.47,137.3,5,Business,0.41,Clean,896.3
Cardboard,965.6,Industrial Grade,Hyderabad,Moderate,14.93,11.68,53.9,9,Municipal Collector,0.38,Clean,14.91
Cardboard,261.8,High,Chennai,Moderate,14.14,6.84,39.0,3,Industrial Recycler,0.65,Mixed,11.51
Glass,418.0,Low,Coimbatore,High,7.65,8.0,122.8,11,Municipal Collector,0.57,Sorted,3.2
Steel,124.9,Low,Mumbai,Moderate,38.89,8.09,117.1,7,Industrial Recycler,0.35,Sorted,25.63
Copper,483.6,High,Kolkata,High,625.41,7.0,22.8,8,Business,0.76,Mixed,745.47
Cardboard,328.9,Medium,Hyderabad,Low,13.39,5.99,75.6,2,Business,0.31,Mixed,6.55
Steel,637.9,Industrial Grade,Kolkata,High,41.22,10.73,107.3,6,Industrial Recycler,0.41,Sorted,55.35
Steel,75.7,Low,Bengaluru,Moderate,40.66,8.71,32.0,8,Municipal Collector,0.33,Sorted,29.06
Textile,617.1,Industrial Grade,Ahmedabad,High,26.4,10.88,134.4,11,Business,0.96,Sorted,31.58
Plastic,245.5,Low,Ahmedabad,Low,32.9,6.66,105.3,7,Municipal Collector,0.93,Contaminated,14.0
Textile,79.7,Industrial Grade,Coimbatore,High,30.21,14.17,80.0,5,Municipal Collector,0.71,Baled,38.45
Plastic,281.9,Medium,Pune,Low,32.34,6.51,42.7,4,Industrial Recycler,0.67,Clean,28.86
Other,519.0,Medium,Chennai,High,16.08,7.84,91.4,6,Municipal Collector,0.84,Mixed,10.85
Glass,177.7,Medium,Coimbatore,Moderate,7.95,9.74,73.7,12,Municipal Collector,0.8,Sorted,3.2
Glass,269.7,Low,Surat,Moderate,8.36,5.14,130.1,12,Business,0.48,Contaminated,3.2
Steel,95.0,Industrial Grade,Ahmedabad,Moderate,39.82,2.78,34.9,12,Individual,0.96,Contaminated,32.67
Steel,1880.3,Industrial Grade,Ahmedabad,High,42.72,8.37,99.4,6,Business,0.98,Clean,62.59
Copper,250.3,Industrial Grade,Bengaluru,High,628.05,6.84,133.0,10,Industrial Recycler,0.89,Contaminated,584.54
Textile,387.6,Medium,Chennai,Moderate,28.38,2.1,143.5,7,Individual,0.86,Clean,25.63
Steel,310.5,High,Surat,Low,44.62,14.96,7.0,9,Municipal Collector,0.43,Contaminated,25.08
Textile,374.4,Low,Delhi,High,27.84,2.93,8.7,9,Business,0.92,Mixed,21.43
Aluminum,94.5,Medium,Ahmedabad,Moderate,192.71,10.91,133.8,1,Individual,0.5,Clean,207.34
Plastic,472.4,Medium,Bengaluru,Moderate,33.45,6.9,137.9,5,Municipal Collector,0.38,Contaminated,17.12
E-waste,288.2,Medium,Delhi,Moderate,114.67,2.07,137.8,4,Municipal Collector,0.69,Baled,127.79
Textile,128.9,Low,Pune,High,28.22,12.63,110.6,10,Individual,0.38,Sorted,17.39
Other,878.1,Medium,Ahmedabad,High,14.23,11.86,27.9,12,Individual,0.9,Baled,11.98
Steel,326.3,High,Coimbatore,High,41.52,9.32,146.4,5,Industrial Recycler,0.39,Mixed,43.27
Textile,168.3,Industrial Grade,Bengaluru,Moderate,27.12,9.19,130.1,8,Industrial Recycler,0.98,Mixed,22.45
Other,213.5,Industrial Grade,Coimbatore,Low,15.11,8.57,109.8,8,Industrial Recycler,0.51,Sorted,11.0
Aluminum,473.2,Industrial Grade,Coimbatore,Moderate,186.19,2.13,11.5,3,Municipal Collector,0.37,Mixed,220.37
Steel,1287.2,High,Pune,High,38.86,5.1,132.9,5,Business,0.48,Contaminated,31.13
Other,231.6,High,Bengaluru,High,14.22,5.21,143.8,6,Individual,0.97,Baled,13.25
Plastic,20.1,Low,Pune,High,37.65,6.47,121.8,11,Individual,0.38,Clean,29.0
Plastic,1252.6,Low,Hyderabad,Moderate,36.73,12.57,89.2,7,Business,0.5,Sorted,24.36
Plastic,111.9,Medium,Mumbai,High,34.59,4.12,62.1,4,Individual,0.31,Contaminated,24.84
Cardboard,84.1,High,Chennai,Low,14.57,12.25,125.6,3,Individual,0.36,Sorted,7.27
Other,1341.2,High,Pune,Moderate,13.94,3.74,92.2,10,Municipal Collector,0.4,Mixed,10.34
E-waste,301.5,Industrial Grade,Ahmedabad,High,111.66,5.61,90.3,5,Municipal Collector,0.31,Contaminated,108.33
Steel,234.5,Low,Ahmedabad,Low,42.58,12.36,95.2,6,Individual,0.43,Clean,24.79
E-waste,254.9,High,Pune,High,118.53,3.67,109.8,4,Municipal Collector,0.97,Contaminated,110.16
E-waste,78.6,Low,Mumbai,Low,123.86,13.77,19.9,7,Municipal Collector,0.92,Contaminated,55.7
Textile,38.1,High,Coimbatore,High,29.7,10.58,91.0,10,Business,0.93,Mixed,25.95
Glass,830.8,Medium,Bengaluru,High,7.65,6.6,20.4,12,Individual,0.53,Sorted,6.0
Aluminum,228.7,Low,Bengaluru,Moderate,172.45,3.37,89.4,2,Individual,0.89,Clean,160.76
Cardboard,375.5,Industrial Grade,Bengaluru,Low,13.72,14.66,72.6,5,Municipal Collector,0.82,Mixed,5.89
Steel,1008.2,Medium,Mumbai,Low,44.9,6.18,120.7,11,Individual,0.85,Clean,38.26
Other,2267.7,Medium,Ahmedabad,Moderate,15.79,10.24,67.6,1,Municipal Collector,0.44,Clean,12.91
Plastic,350.1,Medium,Pune,Low,32.52,10.03,56.9,2,Municipal Collector,0.54,Contaminated,15.45
Cardboard,2442.7,Low,Kolkata,Moderate,13.68,12.21,97.3,6,Business,0.67,Mixed,5.6
Plastic,994.3,Medium,Ahmedabad,Low,36.34,4.23,63.7,3,Municipal Collector,0.49,Sorted,32.56
E-waste,232.0,Medium,Mumbai,High,116.52,10.29,130.0,4,Industrial Recycler,0.56,Baled,137.35
Other,23.5,Industrial Grade,Bengaluru,Low,14.06,2.11,131.1,3,Individual,0.43,Contaminated,6.0
Textile,874.3,Medium,Kolkata,Moderate,29.71,11.89,32.4,7,Individual,0.75,Sorted,25.87
Copper,225.7,Medium,Chennai,High,599.19,4.28,87.6,5,Industrial Recycler,0.31,Contaminated,465.38
Textile,153.0,Industrial Grade,Coimbatore,Low,29.88,2.0,64.4,3,Municipal Collector,0.92,Contaminated,20.7
Aluminum,55.3,Low,Chennai,High,166.14,10.41,126.2,8,Individual,0.46,Mixed,122.05
Copper,192.2,High,Hyderabad,Low,616.47,9.0,115.6,6,Individual,0.41,Clean,669.74
E-waste,290.1,High,Delhi,Low,110.81,7.46,105.8,1,Individual,0.67,Clean,123.57
E-waste,1198.5,Industrial Grade,Mumbai,Moderate,118.43,10.91,21.1,7,Municipal Collector,0.89,Clean,161.6
E-waste,359.6,Industrial Grade,Hyderabad,Moderate,110.6,14.21,81.2,12,Industrial Recycler,0.7,Contaminated,89.07
Plastic,1553.1,Industrial Grade,Delhi,High,33.02,7.53,69.5,2,Industrial Recycler,0.46,Contaminated,29.47
Copper,51.1,Medium,Coimbatore,Moderate,627.44,10.02,140.8,11,Business,0.37,Contaminated,405.61
Textile,213.1,Low,Delhi,High,26.28,12.62,45.0,6,Business,0.82,Contaminated,11.2
E-waste,109.7,Medium,Kolkata,Moderate,128.04,7.46,74.1,6,Municipal Collector,0.32,Mixed,109.29
Plastic,523.8,Low,Surat,Moderate,36.73,13.44,123.7,1,Individual,0.63,Baled,24.25
Glass,86.1,High,Coimbatore,Low,8.15,8.43,126.2,2,Municipal Collector,0.43,Baled,3.2
Paper,413.3,Medium,Kolkata,High,11.55,5.47,69.6,4,Industrial Recycler,0.84,Clean,10.57
Steel,60.5,Medium,Pune,Moderate,40.36,7.05,77.6,4,Municipal Collector,0.7,Sorted,37.78
Aluminum,981.9,Medium,Hyderabad,Moderate,181.71,3.78,127.1,7,Industrial Recycler,0.33,Sorted,190.86
E-waste,26.7,Medium,Mumbai,Low,110.46,14.73,99.7,2,Municipal Collector,0.54,Contaminated,63.09
Cardboard,1385.1,Low,Bengaluru,Moderate,13.6,5.62,61.7,2,Industrial Recycler,0.71,Sorted,8.18
Aluminum,1219.6,High,Kolkata,High,174.38,7.56,43.0,2,Municipal Collector,0.89,Baled,253.07
Textile,190.5,High,Kolkata,High,25.99,4.76,43.0,9,Municipal Collector,0.81,Sorted,30.78
Copper,256.6,Industrial Grade,Delhi,Moderate,676.52,13.4,24.0,8,Industrial Recycler,0.58,Sorted,885.07
Copper,107.1,Low,Kolkata,Low,657.41,11.71,123.4,6,Business,0.96,Sorted,449.12
Steel,607.6,Industrial Grade,Surat,Low,40.89,8.72,6.6,2,Individual,0.79,Mixed,38.72
Cardboard,369.9,Industrial Grade,Pune,Moderate,13.64,7.57,114.2,7,Individual,0.33,Clean,12.19
Plastic,815.9,Industrial Grade,Hyderabad,Moderate,35.93,10.38,62.5,1,Individual,0.32,Sorted,44.14
Textile,104.7,Industrial Grade,Bengaluru,Low,29.6,7.33,31.6,12,Individual,0.94,Clean,32.69
Paper,416.0,High,Kolkata,High,12.0,6.28,78.5,11,Municipal Collector,0.53,Baled,11.93
Other,286.8,High,Surat,Moderate,14.21,10.84,34.6,7,Individual,0.66,Mixed,9.16
Other,40.3,Industrial Grade,Pune,High,15.17,10.28,127.4,1,Industrial Recycler,0.4,Mixed,11.12
Copper,42.0,Industrial Grade,Chennai,Moderate,644.05,10.88,130.3,9,Municipal Collector,0.58,Clean,843.15
Plastic,118.7,Medium,Bengaluru,High,37.13,10.79,140.0,10,Municipal Collector,0.63,Clean,36.56
Other,96.1,Medium,Surat,Low,15.15,8.38,139.9,9,Business,0.59,Baled,6.37
Glass,740.9,Medium,Ahmedabad,Moderate,7.9,2.08,137.6,12,Business,0.88,Contaminated,3.2
Other,229.7,Low,Bengaluru,Moderate,15.09,11.04,34.9,1,Industrial Recycler,0.97,Contaminated,6.0
Plastic,514.0,High,Surat,Moderate,36.54,5.67,7.8,12,Industrial Recycler,0.73,Contaminated,27.48
Textile,1410.8,Industrial Grade,Chennai,Moderate,26.61,9.0,54.3,10,Individual,0.56,Clean,31.86
Other,1268.4,Medium,Hyderabad,High,15.46,12.18,106.1,1,Industrial Recycler,0.88,Sorted,11.3
Copper,845.8,Industrial Grade,Ahmedabad,High,663.94,2.07,129.7,9,Municipal Collector,0.97,Baled,1016.36
Paper,55.8,Medium,Chennai,Moderate,12.52,5.28,99.3,7,Business,0.94,Clean,8.04
Steel,524.8,High,Ahmedabad,High,42.67,2.71,21.6,1,Individual,0.41,Sorted,57.6
Paper,240.0,High,Coimbatore,High,12.27,2.41,96.2,9,Individual,0.91,Mixed,10.23
Copper,862.0,Industrial Grade,Kolkata,Moderate,616.08,7.39,92.1,3,Individual,0.91,Contaminated,556.2
Paper,260.7,Low,Coimbatore,Moderate,12.15,8.6,26.4,8,Business,0.54,Baled,6.1
Other,155.6,Medium,Chennai,Low,16.05,2.03,65.7,2,Industrial Recycler,0.78,Mixed,10.26
Other,198.3,Industrial Grade,Delhi,High,15.07,9.25,24.2,7,Municipal Collector,0.89,Clean,19.06
Plastic,615.5,High,Delhi,High,33.77,13.47,102.5,4,Individual,0.45,Mixed,34.14
Other,245.1,Industrial Grade,Pune,Low,15.96,13.38,103.7,9,Industrial Recycler,0.36,Contaminated,6.0
Aluminum,336.5,Low,Pune,Moderate,168.19,2.24,64.1,4,Individual,0.95,Contaminated,97.77
Plastic,827.1,Industrial Grade,Bengaluru,High,34.47,9.41,136.9,9,Business,0.87,Sorted,42.85
Aluminum,595.8,Medium,Coimbatore,Moderate,176.41,5.82,138.2,3,Municipal Collector,0.39,Baled,198.73
Paper,32.8,High,Delhi,Moderate,12.06,3.03,77.7,5,Individual,0.61,Sorted,10.69
Glass,48.7,Low,Mumbai,High,8.48,3.55,84.3,9,Municipal Collector,0.7,Clean,4.24
E-waste,490.6,Medium,Delhi,Moderate,112.84,4.57,27.1,7,Industrial Recycler,0.6,Baled,119.26
Textile,62.0,Industrial Grade,Mumbai,Low,27.15,6.85,15.7,10,Municipal Collector,0.87,Mixed,21.98
Steel,99.6,Medium,Surat,Moderate,41.4,4.16,61.1,9,Individual,0.73,Clean,40.22
Aluminum,1228.6,Industrial Grade,Ahmedabad,Moderate,191.31,4.3,89.6,10,Business,0.56,Mixed,213.41
Other,23.0,Medium,Hyderabad,Low,15.88,11.55,114.0,6,Individual,0.58,Baled,6.35
Cardboard,203.9,Industrial Grade,Pune,Moderate,13.45,3.58,6.8,7,Individual,0.42,Mixed,13.44
Cardboard,1322.2,Low,Pune,High,15.07,11.7,92.5,4,Business,0.72,Baled,8.36
Steel,415.6,Medium,Coimbatore,High,45.22,2.65,47.0,2,Business,0.79,Mixed,44.78
Textile,1099.2,Medium,Mumbai,Low,25.91,4.95,99.5,12,Business,0.5,Baled,21.55
Other,128.7,High,Coimbatore,Moderate,14.57,9.47,79.9,4,Business,0.93,Contaminated,6.63
Cardboard,110.9,Industrial Grade,Pune,High,14.64,4.08,60.6,11,Municipal Collector,0.96,Contaminated,10.64
Steel,252.7,Low,Coimbatore,Moderate,40.2,6.38,31.5,9,Individual,0.7,Clean,31.87
E-waste,733.2,Industrial Grade,Surat,Low,112.8,10.07,86.0,5,Business,0.96,Mixed,111.58
Cardboard,689.6,High,Coimbatore,Moderate,14.29,6.74,73.7,2,Individual,0.3,Sorted,13.35
Other,474.9,Industrial Grade,Surat,High,15.63,3.99,146.8,6,Municipal Collector,0.94,Mixed,14.15
Paper,148.7,High,Ahmedabad,High,11.47,4.12,22.5,5,Industrial Recycler,0.35,Sorted,13.13
Plastic,701.1,Industrial Grade,Chennai,Moderate,33.3,8.37,12.5,1,Municipal Collector,0.42,Baled,43.35
E-waste,229.4,Low,Chennai,High,111.26,4.33,115.5,10,Municipal Collector,0.79,Clean,105.04
Other,1649.2,High,Hyderabad,High,15.56,4.47,71.6,4,Municipal Collector,0.87,Baled,19.18
Paper,236.7,Low,Mumbai,Moderate,12.88,7.77,67.5,8,Business,0.59,Mixed,4.8
Steel,1221.5,Medium,Ahmedabad,High,42.73,12.11,51.6,7,Business,0.85,Sorted,46.53
Aluminum,855.1,Low,Bengaluru,Moderate,175.73,3.02,91.0,9,Individual,0.43,Clean,153.09
Paper,229.2,High,Kolkata,High,11.19,9.08,54.9,1,Industrial Recycler,0.82,Baled,11.02
Copper,245.7,Low,Surat,Moderate,667.31,5.24,102.0,7,Industrial Recycler,0.95,Mixed,472.64
Aluminum,809.8,Industrial Grade,Mumbai,High,188.67,13.6,90.2,1,Business,0.8,Mixed,242.49
Glass,696.7,Low,Coimbatore,Low,8.06,12.25,92.6,4,Industrial Recycler,0.42,Clean,3.2
Cardboard,837.6,High,Delhi,Low,12.97,11.6,116.2,3,Municipal Collector,0.66,Contaminated,5.6
Cardboard,46.3,Industrial Grade,Ahmedabad,Low,13.6,3.97,83.4,9,Business,0.73,Sorted,11.25
Glass,277.0,High,Surat,Moderate,7.8,11.39,130.7,4,Municipal Collector,0.59,Mixed,3.2
Plastic,711.1,High,Mumbai,Low,35.04,8.54,128.3,5,Municipal Collector,0.34,Contaminated,20.15
Textile,240.8,Industrial Grade,Coimbatore,Low,28.97,14.73,29.4,10,Municipal Collector,0.72,Clean,27.25
Other,711.9,High,Hyderabad,Low,15.99,10.85,18.3,2,Industrial Recycler,0.87,Baled,13.8
Textile,414.5,High,Kolkata,Moderate,29.35,6.46,86.3,6,Industrial Recycler,0.47,Clean,32.51
Copper,710.4,High,Coimbatore,Low,667.91,12.38,149.2,5,Municipal Collector,0.41,Baled,744.66
Aluminum,349.5,Low,Coimbatore,Low,186.08,5.54,74.2,8,Municipal Collector,0.51,Contaminated,83.63
Aluminum,1161.2,Medium,Chennai,High,183.39,2.95,61.6,5,Municipal Collector,0.54,Contaminated,139.8
Plastic,392.3,Low,Delhi,Moderate,34.03,4.34,131.6,3,Municipal Collector,0.83,Mixed,19.44
Textile,316.0,High,Bengaluru,High,27.11,11.62,60.7,12,Business,0.39,Sorted,31.4
E-waste,85.9,Industrial Grade,Kolkata,High,111.4,14.07,12.0,7,Municipal Collector,0.47,Clean,164.35
Textile,933.5,Industrial Grade,Pune,Moderate,28.63,8.9,23.7,1,Business,0.75,Contaminated,21.48
Textile,420.0,Low,Coimbatore,Low,30.19,9.7,90.1,4,Business,0.34,Clean,18.27
Plastic,478.5,High,Coimbatore,Moderate,33.32,4.06,43.0,10,Individual,0.96,Contaminated,23.42
Glass,677.0,Industrial Grade,Chennai,Moderate,7.86,4.43,99.1,10,Individual,0.33,Baled,5.64
Cardboard,542.7,Industrial Grade,Pune,High,13.46,10.6,140.5,8,Municipal Collector,0.49,Clean,12.57
Other,55.4,Medium,Kolkata,Moderate,14.59,5.71,45.8,10,Industrial Recycler,0.66,Clean,12.12
Copper,474.8,High,Pune,High,690.18,4.75,55.8,11,Municipal Collector,0.89,Baled,960.54
Glass,270.1,Industrial Grade,Surat,High,8.15,3.6,58.8,11,Individual,0.34,Mixed,7.27
Textile,227.8,Industrial Grade,Chennai,High,27.66,6.02,126.9,7,Municipal Collector,0.61,Clean,36.29
Paper,1038.8,Industrial Grade,Coimbatore,Moderate,11.16,12.4,33.5,3,Municipal Collector,0.65,Contaminated,4.8
Aluminum,960.5,High,Chennai,High,192.99,11.44,38.4,8,Business,0.6,Sorted,257.96
Copper,120.3,Low,Kolkata,High,616.64,6.85,88.0,8,Industrial Recycler,0.51,Mixed,464.81
Plastic,633.1,Medium,Ahmedabad,Moderate,37.62,11.23,43.5,10,Industrial Recycler,0.81,Baled,34.87
Glass,403.2,Medium,Ahmedabad,Low,7.52,11.39,12.9,10,Industrial Recycler,0.95,Clean,3.2
Copper,139.0,Industrial Grade,Delhi,Low,690.06,6.29,36.1,10,Industrial Recycler,0.69,Mixed,672.39
Plastic,41.2,Low,Kolkata,Moderate,34.3,14.41,62.4,8,Industrial Recycler,0.63,Baled,21.23
Steel,995.7,Medium,Kolkata,Moderate,42.96,2.08,40.4,5,Business,0.69,Mixed,37.19
Steel,569.7,High,Ahmedabad,Moderate,39.61,13.05,36.5,4,Municipal Collector,0.79,Baled,46.18
E-waste,655.1,Medium,Mumbai,High,128.09,13.29,10.8,5,Municipal Collector,0.53,Contaminated,99.42
Steel,1350.8,Industrial Grade,Mumbai,Moderate,42.82,13.94,68.7,3,Individual,0.8,Mixed,42.81
Plastic,47.1,Low,Hyderabad,High,33.61,9.48,31.4,11,Individual,0.99,Contaminated,15.89
Copper,667.5,Industrial Grade,Bengaluru,High,698.0,3.8,45.4,9,Individual,0.65,Baled,1049.82
Copper,400.1,Medium,Pune,High,625.95,6.27,130.0,6,Municipal Collector,0.54,Baled,759.82
Textile,435.5,High,Surat,Moderate,28.23,2.9,93.4,12,Municipal Collector,0.45,Mixed,25.36
Aluminum,258.8,High,Hyderabad,Moderate,178.06,12.05,27.4,11,Individual,0.74,Mixed,180.13
Steel,500.1,Medium,Ahmedabad,Moderate,44.6,2.98,34.5,4,Municipal Collector,0.65,Mixed,40.17
Aluminum,467.9,Industrial Grade,Coimbatore,Moderate,167.11,9.26,5.5,8,Municipal Collector,0.56,Mixed,184.6
Aluminum,126.6,Low,Surat,Moderate,173.88,3.76,120.4,9,Individual,0.81,Baled,145.22
Aluminum,481.2,Industrial Grade,Bengaluru,Low,190.61,10.78,44.2,8,Business,0.63,Sorted,220.08
Glass,356.5,Medium,Bengaluru,Moderate,8.55,2.03,87.5,6,Municipal Collector,0.88,Mixed,4.1
Aluminum,386.3,High,Hyderabad,Low,189.99,6.64,101.0,9,Municipal Collector,0.87,Contaminated,129.21
Textile,130.0,Low,Mumbai,Low,27.94,6.1,69.9,10,Business,0.71,Mixed,12.49
Copper,64.4,Medium,Surat,Low,660.21,12.95,107.7,9,Municipal Collector,0.35,Baled,602.17
Other,306.6,Industrial Grade,Pune,Low,15.72,9.76,130.7,1,Industrial Recycler,0.45,Clean,11.63
Textile,182.0,Industrial Grade,Bengaluru,High,29.76,9.68,37.3,12,Individual,0.37,Sorted,40.29
Copper,428.4,Medium,Chennai,Low,633.3,9.31,94.3,6,Business,0.48,Baled,617.71
Aluminum,1299.7,High,Delhi,Low,170.3,13.95,106.4,12,Municipal Collector,0.94,Contaminated,116.54
Other,369.0,Low,Bengaluru,Moderate,15.01,7.99,62.7,6,Individual,0.64,Mixed,6.33
Cardboard,38.7,Medium,Kolkata,High,13.62,8.28,84.2,11,Municipal Collector,0.68,Contaminated,5.6
Paper,342.0,High,Delhi,Low,12.38,11.51,16.2,12,Business,0.48,Mixed,6.57
Glass,26.0,Industrial Grade,Delhi,Moderate,7.91,6.22,114.2,1,Industrial Recycler,0.61,Sorted,4.34
Paper,422.4,Industrial Grade,Coimbatore,Low,11.43,7.78,129.4,10,Individual,0.86,Contaminated,4.8
Aluminum,64.6,High,Chennai,High,177.66,2.1,63.1,7,Municipal Collector,0.55,Baled,244.98
Glass,1816.1,Industrial Grade,Pune,Moderate,7.87,8.8,101.5,8,Industrial Recycler,0.53,Baled,4.69
Glass,155.0,Industrial Grade,Mumbai,High,7.43,2.07,67.5,8,Individual,0.67,Sorted,7.93
Glass,350.3,Industrial Grade,Coimbatore,High,7.69,6.97,15.3,6,Industrial Recycler,0.37,Baled,8.51
Steel,76.1,Low,Kolkata,Moderate,38.67,14.13,93.7,10,Business,0.86,Sorted,22.92
Plastic,928.5,Medium,Coimbatore,Moderate,36.8,12.87,117.5,9,Municipal Collector,0.91,Baled,30.87
Copper,371.5,Industrial Grade,Hyderabad,High,695.41,5.88,132.9,1,Municipal Collector,0.41,Clean,1097.51
Plastic,752.1,Industrial Grade,Pune,High,35.19,9.95,12.0,12,Business,0.32,Clean,51.83
Other,83.5,Low,Surat,High,13.96,7.63,89.7,1,Industrial Recycler,0.73,Clean,7.98
Other,38.6,Industrial Grade,Mumbai,Moderate,14.06,9.22,148.6,6,Individual,0.55,Baled,10.87
Other,172.2,Low,Pune,High,15.65,6.6,72.3,1,Industrial Recycler,0.83,Baled,10.64
E-waste,293.8,Low,Ahmedabad,High,115.22,4.9,97.7,11,Industrial Recycler,0.31,Baled,106.84
Glass,450.9,High,Coimbatore,Low,7.55,5.26,109.0,3,Municipal Collector,0.91,Contaminated,3.2
Aluminum,443.0,Medium,Pune,Moderate,166.11,12.94,45.7,9,Individual,0.43,Clean,170.83
Paper,76.4,Medium,Surat,High,11.59,7.98,68.8,12,Business,0.61,Clean,8.69
Glass,248.5,Low,Chennai,Low,8.63,11.59,135.4,9,Industrial Recycler,0.78,Clean,3.2
Steel,1714.7,Medium,Surat,Low,41.3,8.76,119.1,6,Individual,0.66,Clean,34.6
Paper,1774.5,High,Hyderabad,Moderate,12.75,4.19,116.1,11,Individual,0.32,Baled,11.29
Glass,623.4,Industrial Grade,Ahmedabad,Moderate,8.02,5.8,126.6,7,Individual,0.37,Baled,5.05
E-waste,187.9,Medium,Bengaluru,Moderate,127.96,14.57,36.0,10,Municipal Collector,0.36,Clean,129.94
Copper,348.9,High,Mumbai,Low,683.46,12.7,133.5,3,Individual,0.69,Mixed,673.93
Textile,728.9,High,Bengaluru,High,27.88,4.86,110.1,8,Individual,0.62,Mixed,26.78
Cardboard,1312.8,High,Ahmedabad,High,14.47,2.74,125.0,11,Individual,0.86,Contaminated,8.26
Textile,48.9,Low,Coimbatore,Low,27.85,5.65,133.8,11,Municipal Collector,0.61,Sorted,14.24
Glass,491.3,Low,Delhi,Low,8.03,4.63,50.5,8,Municipal Collector,0.99,Clean,3.2
Cardboard,415.3,High,Ahmedabad,Low,13.6,9.58,14.6,9,Individual,0.72,Mixed,7.83
Cardboard,975.4,Low,Bengaluru,Low,13.47,4.73,124.9,7,Municipal Collector,0.66,Sorted,5.6
Textile,429.6,Medium,Coimbatore,High,26.83,3.03,74.5,11,Individual,0.58,Baled,28.8
Copper,28.1,Medium,Pune,Low,654.87,13.42,17.8,12,Business,0.41,Clean,614.48
Other,1677.8,Industrial Grade,Coimbatore,Low,14.76,2.09,125.0,11,Individual,0.8,Clean,14.28
Other,61.5,High,Surat,High,15.21,12.13,36.8,3,Municipal Collector,0.4,Clean,15.56
Cardboard,594.6,Medium,Mumbai,Moderate,13.42,13.98,135.8,10,Municipal Collector,0.52,Contaminated,5.6
Textile,87.4,Industrial Grade,Kolkata,Moderate,26.62,14.96,130.4,12,Municipal Collector,0.55,Sorted,25.36
E-waste,455.8,High,Chennai,Moderate,127.29,10.56,126.8,3,Individual,0.37,Mixed,130.04
Glass,1079.5,Low,Ahmedabad,Low,8.18,6.65,136.2,11,Industrial Recycler,0.67,Clean,3.2
Other,543.0,Medium,Mumbai,Moderate,15.09,14.76,50.1,1,Industrial Recycler,0.37,Baled,9.7
Copper,90.4,Low,Coimbatore,Moderate,613.85,3.33,138.4,11,Municipal Collector,0.46,Clean,536.19
Glass,205.3,High,Chennai,Moderate,8.56,7.12,96.0,6,Municipal Collector,0.67,Contaminated,3.2
Copper,199.0,High,Ahmedabad,Low,689.78,2.69,69.7,10,Municipal Collector,0.46,Baled,754.58
Paper,121.7,Low,Mumbai,Moderate,11.6,9.47,146.6,7,Industrial Recycler,0.94,Sorted,4.8
Plastic,148.0,Industrial Grade,Chennai,Moderate,33.99,3.75,36.6,7,Business,0.45,Mixed,36.46
E-waste,499.4,Medium,Pune,Moderate,127.87,4.08,107.4,8,Municipal Collector,0.77,Clean,135.75
E-waste,336.1,Medium,Kolkata,Low,121.25,2.49,35.2,12,Municipal Collector,0.36,Clean,117.2
Cardboard,100.1,Low,Hyderabad,Low,14.79,3.18,30.4,4,Individual,0.82,Sorted,8.95
Copper,752.8,Low,Surat,Low,646.52,2.31,120.6,7,Individual,0.45,Sorted,478.0
Paper,297.1,Industrial Grade,Delhi,Low,12.25,6.49,110.4,3,Industrial Recycler,0.55,Mixed,6.73
Paper,37.5,High,Delhi,Moderate,12.86,6.38,69.1,2,Business,0.93,Mixed,8.81
Copper,315.1,High,Mumbai,Low,685.13,11.92,38.0,2,Business,0.77,Mixed,648.12
Textile,65.3,High,Ahmedabad,Moderate,26.34,11.57,46.7,8,Individual,0.87,Baled,25.64
Steel,406.5,Industrial Grade,Hyderabad,Low,44.37,7.52,122.7,1,Individual,0.54,Sorted,46.42
Aluminum,904.7,Industrial Grade,Delhi,High,187.09,3.6,70.6,7,Individual,0.99,Contaminated,186.69
Textile,91.8,Industrial Grade,Pune,High,26.54,5.13,62.2,12,Individual,0.97,Clean,36.99
Aluminum,245.8,Medium,Mumbai,High,191.51,2.52,90.3,10,Individual,0.45,Contaminated,146.31
E-waste,1411.8,Industrial Grade,Ahmedabad,High,119.51,2.21,94.5,6,Municipal Collector,0.62,Baled,183.1
Copper,623.3,Low,Mumbai,Low,662.15,5.82,22.4,7,Industrial Recycler,0.45,Contaminated,312.79
Glass,744.8,High,Pune,Moderate,8.4,3.82,132.8,7,Municipal Collector,0.87,Mixed,3.45
Copper,53.0,Industrial Grade,Delhi,Moderate,676.05,9.6,14.6,4,Individual,0.81,Contaminated,606.49
Textile,264.9,Low,Bengaluru,Low,29.71,6.88,104.4,8,Individual,0.87,Sorted,15.32
Paper,2055.7,High,Coimbatore,High,11.16,6.35,112.7,3,Industrial Recycler,0.81,Clean,10.96
Plastic,534.7,Low,Kolkata,Low,37.3,4.35,74.8,7,Industrial Recycler,0.46,Sorted,24.81
Aluminum,305.0,Low,Chennai,High,186.66,5.59,139.1,5,Individual,0.79,Mixed,147.56
Glass,1038.3,Industrial Grade,Bengaluru,Low,8.36,5.39,18.5,6,Individual,0.62,Sorted,7.23
Cardboard,725.7,Industrial Grade,Chennai,Moderate,12.91,2.11,131.9,3,Individual,0.53,Baled,13.46
Plastic,270.2,Industrial Grade,Delhi,Low,35.16,2.67,79.5,2,Municipal Collector,0.56,Mixed,32.12
Aluminum,698.1,High,Hyderabad,Low,174.95,9.57,50.2,2,Municipal Collector,0.96,Clean,208.85
Paper,149.6,Medium,Bengaluru,Moderate,11.97,12.4,20.1,11,Municipal Collector,0.68,Mixed,5.09
Cardboard,341.5,Industrial Grade,Kolkata,High,14.58,3.68,66.4,6,Municipal Collector,0.89,Clean,19.38
Textile,112.0,High,Hyderabad,Moderate,26.56,14.25,15.5,12,Individual,0.82,Contaminated,14.61
Aluminum,49.6,Industrial Grade,Hyderabad,High,190.78,8.53,31.8,1,Individual,0.98,Clean,284.16
Glass,457.7,High,Mumbai,High,7.56,5.76,18.9,12,Individual,0.58,Sorted,7.89
E-waste,291.8,High,Mumbai,Moderate,110.77,9.36,112.1,6,Business,0.99,Clean,138.02
Textile,623.8,Industrial Grade,Bengaluru,High,25.9,5.61,128.7,3,Individual,0.52,Contaminated,20.95
Other,23.7,Medium,Coimbatore,Low,14.03,10.52,59.8,6,Individual,0.76,Contaminated,6.0
Other,608.4,High,Mumbai,High,14.04,4.91,49.5,9,Individual,0.46,Clean,16.37
Steel,249.6,Low,Chennai,Low,40.35,11.53,28.0,4,Municipal Collector,0.88,Contaminated,16.8
Textile,1952.4,Low,Mumbai,High,29.36,5.88,77.6,3,Individual,0.73,Sorted,25.28
Textile,1223.6,High,Delhi,Moderate,29.03,11.69,43.8,4,Municipal Collector,0.71,Contaminated,17.51
Glass,651.6,Medium,Hyderabad,Moderate,8.16,9.15,101.0,5,Municipal Collector,0.42,Mixed,3.2
E-waste,1018.9,Medium,Pune,Moderate,128.83,6.99,30.7,12,Business,0.56,Sorted,137.89
Glass,325.2,High,Bengaluru,Moderate,8.01,13.34,119.2,6,Municipal Collector,0.73,Sorted,3.2
Textile,1721.2,Industrial Grade,Ahmedabad,High,28.37,7.26,36.8,6,Industrial Recycler,0.56,Sorted,39.47
Paper,617.3,Industrial Grade,Pune,Moderate,12.15,4.71,38.8,11,Municipal Collector,0.78,Sorted,12.97
Textile,418.9,Medium,Hyderabad,Low,28.93,13.41,47.0,3,Industrial Recycler,0.99,Baled,22.23
E-waste,289.9,Medium,Ahmedabad,High,122.78,7.95,27.7,2,Industrial Recycler,0.95,Sorted,146.27
Plastic,895.7,Medium,Mumbai,Moderate,34.6,8.5,84.5,7,Individual,0.77,Sorted,31.44
Aluminum,427.9,Industrial Grade,Mumbai,Moderate,183.34,10.31,73.2,10,Individual,0.83,Clean,238.72
Cardboard,336.9,High,Hyderabad,High,13.76,3.08,142.2,11,Industrial Recycler,0.85,Mixed,10.58
Plastic,995.5,Industrial Grade,Coimbatore,High,34.33,8.16,121.9,8,Individual,0.63,Clean,45.96
Steel,89.1,High,Ahmedabad,Moderate,44.66,2.25,136.1,9,Municipal Collector,0.57,Clean,49.2
Paper,196.8,Medium,Mumbai,High,11.61,9.7,118.6,7,Business,0.84,Clean,6.78
Textile,149.0,Medium,Bengaluru,Low,26.5,12.81,88.8,12,Industrial Recycler,0.89,Sorted,17.71
Paper,110.9,Low,Surat,High,12.16,11.72,71.7,2,Individual,0.86,Mixed,4.8
Paper,230.1,High,Kolkata,Moderate,11.39,10.68,16.6,11,Industrial Recycler,0.59,Contaminated,4.8
Textile,2236.6,Low,Surat,Moderate,27.6,10.74,70.5,7,Business,0.92,Baled,17.6
Plastic,1128.8,Medium,Coimbatore,High,34.16,3.4,143.6,2,Business,0.84,Sorted,37.24
Aluminum,328.4,High,Surat,Low,187.53,9.61,44.5,10,Individual,0.36,Mixed,161.12
Plastic,121.9,Medium,Ahmedabad,Moderate,36.68,8.27,65.8,11,Individual,0.97,Sorted,33.47
Paper,40.1,High,Chennai,High,11.87,2.93,14.0,12,Industrial Recycler,0.72,Sorted,14.18
Aluminum,485.6,High,Chennai,Low,184.45,5.68,6.5,7,Business,0.71,Sorted,191.9
Copper,299.6,High,Coimbatore,Moderate,641.39,12.8,81.8,3,Individual,0.59,Clean,841.98
Copper,403.4,Industrial Grade,Surat,High,610.69,5.8,10.7,10,Business,0.89,Baled,930.7
Plastic,344.1,Low,Mumbai,Low,32.54,4.03,42.9,9,Industrial Recycler,0.52,Baled,22.24
Copper,1141.8,Industrial Grade,Surat,Low,694.53,12.89,18.9,11,Municipal Collector,0.37,Clean,853.75
Cardboard,224.6,Industrial Grade,Ahmedabad,High,14.65,13.49,129.0,2,Industrial Recycler,0.38,Clean,14.4
Steel,1655.9,High,Coimbatore,Low,44.47,8.03,49.0,3,Industrial Recycler,0.41,Baled,47.97
Cardboard,375.6,High,Bengaluru,High,13.59,10.22,71.6,9,Business,0.94,Sorted,11.51
Copper,1615.5,Medium,Ahmedabad,Moderate,660.94,7.57,47.7,7,Industrial Recycler,0.47,Mixed,604.96
Copper,97.1,High,Delhi,Moderate,615.61,14.98,118.5,2,Business,0.75,Mixed,622.42
Copper,183.6,Low,Hyderabad,High,603.35,4.83,138.4,2,Business,0.72,Sorted,590.3
Textile,279.6,Medium,Kolkata,High,30.23,6.38,123.1,5,Municipal Collector,0.42,Mixed,24.79
E-waste,103.9,Low,Pune,High,128.34,12.51,75.6,5,Individual,0.63,Clean,121.56
Cardboard,309.5,Low,Delhi,Low,15.08,8.59,92.7,7,Industrial Recycler,0.72,Baled,5.6
Aluminum,210.2,High,Delhi,High,177.17,10.62,55.4,8,Industrial Recycler,0.56,Sorted,230.75
Cardboard,65.5,Low,Chennai,High,14.58,7.25,27.6,8,Municipal Collector,0.55,Contaminated,5.6
Glass,443.0,High,Ahmedabad,Moderate,8.46,3.08,101.2,1,Business,0.76,Sorted,6.44
Paper,1221.7,High,Kolkata,High,11.39,7.47,143.6,11,Municipal Collector,0.33,Contaminated,4.8
Cardboard,169.0,Industrial Grade,Delhi,High,13.49,2.77,83.5,7,Business,0.98,Clean,17.04
Copper,318.9,Industrial Grade,Coimbatore,Low,672.89,4.5,64.1,8,Individual,0.39,Contaminated,525.3
Steel,2713.2,Medium,Bengaluru,High,42.24,5.69,85.6,3,Individual,0.63,Contaminated,31.98
Steel,189.5,Medium,Coimbatore,Low,43.69,2.51,44.6,1,Industrial Recycler,0.49,Sorted,40.76
Other,280.1,High,Chennai,Moderate,15.85,2.39,55.3,4,Business,0.84,Contaminated,11.39
Plastic,112.7,Low,Kolkata,High,36.63,12.73,24.0,10,Individual,0.61,Mixed,24.78
Copper,148.9,Low,Surat,Low,694.37,2.38,81.0,8,Business,0.31,Mixed,427.58
Copper,412.4,High,Pune,High,688.65,9.97,48.7,4,Industrial Recycler,0.39,Sorted,975.55
Cardboard,2337.1,High,Kolkata,Moderate,14.86,5.74,121.0,7,Municipal Collector,0.39,Sorted,13.26
Aluminum,492.5,Medium,Coimbatore,Low,193.86,6.48,37.2,7,Individual,0.69,Clean,190.88
Aluminum,113.4,Medium,Bengaluru,Low,186.49,10.59,37.2,2,Business,0.8,Mixed,144.32
Paper,262.7,Medium,Pune,Low,12.8,14.45,85.1,6,Business,0.85,Mixed,4.8
Other,781.1,Low,Bengaluru,Low,14.81,2.01,134.7,10,Industrial Recycler,0.98,Clean,6.15
Other,351.0,High,Kolkata,Moderate,14.71,7.58,121.1,10,Individual,0.81,Sorted,11.12
Textile,229.3,Low,Hyderabad,Moderate,29.76,6.83,114.6,8,Individual,0.36,Mixed,15.77
Glass,850.3,Medium,Hyderabad,Moderate,8.11,2.9,101.3,7,Business,0.69,Mixed,3.2
Steel,371.1,Low,Kolkata,Low,42.78,11.4,33.2,5,Business,0.41,Contaminated,16.8
Other,171.1,Industrial Grade,Ahmedabad,Moderate,15.73,4.34,129.7,8,Industrial Recycler,0.87,Sorted,13.8
Cardboard,1725.1,Low,Mumbai,High,14.6,8.66,35.8,3,Individual,0.49,Contaminated,5.6
E-waste,443.4,Medium,Pune,High,112.47,7.18,141.6,4,Industrial Recycler,0.67,Sorted,134.63
Glass,457.5,Industrial Grade,Delhi,Low,7.84,9.32,125.9,3,Business,0.41,Sorted,3.2
Steel,652.9,Low,Hyderabad,High,40.91,10.07,100.3,4,Individual,0.72,Mixed,27.28
Glass,326.2,Medium,Kolkata,High,7.72,4.94,81.2,3,Industrial Recycler,0.94,Contaminated,3.2
Steel,270.8,Industrial Grade,Ahmedabad,High,39.69,5.84,19.4,3,Business,0.4,Mixed,49.16
Steel,1721.6,High,Ahmedabad,High,39.44,4.3,139.5,9,Municipal Collector,0.78,Sorted,48.85
Other,1606.7,Medium,Ahmedabad,Moderate,15.77,14.82,62.5,1,Individual,0.83,Mixed,7.07
Plastic,1149.6,High,Kolkata,Low,36.8,12.14,48.8,1,Individual,0.31,Contaminated,20.39
Steel,1719.9,High,Chennai,High,41.15,5.17,39.7,10,Business,0.46,Mixed,43.91
Other,393.4,Industrial Grade,Coimbatore,Low,15.2,4.39,98.7,1,Business,0.54,Clean,14.22
Copper,602.0,Industrial Grade,Delhi,High,649.19,5.65,109.1,12,Industrial Recycler,0.66,Contaminated,662.73
Glass,46.5,Low,Ahmedabad,Moderate,7.54,12.55,149.6,10,Business,0.3,Baled,3.2
Glass,45.3,Medium,Chennai,Low,8.53,8.09,99.4,7,Individual,0.67,Contaminated,3.2
Copper,209.6,Low,Ahmedabad,Moderate,599.34,5.19,46.8,12,Industrial Recycler,0.82,Sorted,490.56
Other,357.7,Low,Chennai,High,16.13,8.49,70.4,11,Business,0.8,Sorted,9.47
Glass,205.1,High,Delhi,High,7.56,12.19,23.1,2,Municipal Collector,0.36,Sorted,4.96
Glass,1862.5,Industrial Grade,Chennai,High,7.67,4.03,95.6,12,Municipal Collector,0.77,Baled,7.49
Textile,449.7,Industrial Grade,Coimbatore,Low,27.68,8.21,96.2,7,Municipal Collector,0.53,Baled,25.88
Steel,2067.4,Medium,Chennai,Low,44.48,4.02,56.6,9,Municipal Collector,0.56,Contaminated,25.32
Cardboard,649.4,Low,Hyderabad,Moderate,13.22,5.72,17.1,8,Municipal Collector,0.52,Baled,8.37
Aluminum,487.4,High,Ahmedabad,Low,187.27,5.19,117.1,6,Individual,0.7,Clean,209.56
Steel,53.1,Medium,Mumbai,High,42.01,10.56,55.0,7,Individual,0.57,Clean,44.03
Other,473.3,Medium,Chennai,Moderate,15.44,4.62,100.6,8,Industrial Recycler,0.59,Contaminated,6.0
Other,941.4,High,Coimbatore,High,15.89,5.57,19.3,2,Individual,0.87,Sorted,20.3
Glass,35.4,Medium,Bengaluru,Moderate,7.64,12.31,69.5,7,Industrial Recycler,0.92,Mixed,3.2
Copper,142.7,Medium,Pune,High,623.89,12.5,37.0,6,Industrial Recycler,0.97,Mixed,642.32
Glass,91.8,Industrial Grade,Delhi,Moderate,8.11,8.65,81.7,5,Municipal Collector,0.41,Sorted,4.79
Paper,504.1,Low,Mumbai,High,12.88,6.09,95.7,7,Business,0.71,Sorted,6.7
Other,413.5,Industrial Grade,Chennai,Moderate,14.81,2.71,123.7,3,Industrial Recycler,0.39,Sorted,15.61
E-waste,156.4,Industrial Grade,Pune,High,125.33,7.73,8.2,12,Individual,0.48,Mixed,154.17
Paper,140.1,Medium,Mumbai,High,12.77,10.54,131.0,7,Business,0.43,Clean,7.84
Plastic,142.6,Low,Mumbai,Moderate,34.8,11.4,146.0,6,Business,0.91,Mixed,15.77
Glass,248.4,High,Ahmedabad,Moderate,8.04,10.45,34.5,1,Business,0.37,Baled,5.13
E-waste,1566.9,Medium,Bengaluru,High,123.9,9.38,13.1,12,Municipal Collector,0.52,Contaminated,97.47
Textile,825.1,Industrial Grade,Coimbatore,Low,28.77,10.19,33.6,7,Municipal Collector,0.89,Mixed,23.36
Cardboard,372.5,Industrial Grade,Chennai,High,12.94,12.73,133.1,3,Business,0.96,Contaminated,5.6
Aluminum,771.9,Low,Delhi,Moderate,171.46,13.31,117.1,5,Individual,0.99,Baled,147.23
Plastic,242.9,Industrial Grade,Coimbatore,Low,35.23,14.71,29.1,9,Municipal Collector,0.58,Mixed,27.67
Copper,601.2,Medium,Mumbai,High,689.18,13.58,138.0,10,Industrial Recycler,0.72,Mixed,683.0
Aluminum,624.6,Low,Chennai,Moderate,187.59,10.08,26.1,4,Business,0.37,Mixed,137.56
Other,24.9,Medium,Chennai,High,14.06,5.79,135.3,2,Business,0.54,Sorted,9.66
Cardboard,611.1,High,Kolkata,High,14.51,10.31,78.9,12,Individual,0.33,Baled,14.07
Paper,746.7,High,Mumbai,Moderate,12.76,7.27,14.3,4,Business,0.54,Clean,14.03
Plastic,194.0,Low,Mumbai,Low,34.77,8.21,98.6,9,Business,0.55,Contaminated,14.0
Aluminum,315.6,Medium,Chennai,Low,173.72,6.13,79.9,7,Business,0.38,Clean,167.45
E-waste,2205.8,Low,Bengaluru,High,118.17,10.54,119.6,8,Business,0.72,Clean,114.37
Cardboard,147.6,Medium,Delhi,Low,13.75,8.71,20.5,2,Business,0.99,Mixed,7.45
Cardboard,1253.1,Industrial Grade,Delhi,High,14.05,11.57,56.7,8,Municipal Collector,0.76,Clean,16.12
Steel,105.0,Industrial Grade,Pune,Moderate,40.03,14.73,53.3,1,Business,0.43,Clean,48.78
Glass,180.6,High,Pune,Moderate,7.68,9.09,107.3,8,Municipal Collector,0.97,Baled,3.2
Plastic,341.6,Medium,Delhi,High,36.55,8.09,25.6,11,Municipal Collector,0.64,Sorted,39.84
Cardboard,1119.1,High,Kolkata,Low,13.97,7.56,139.7,5,Industrial Recycler,0.91,Clean,8.73
Aluminum,441.2,Medium,Hyderabad,High,179.39,8.01,135.6,3,Industrial Recycler,0.57,Clean,227.4
Other,46.3,Medium,Pune,Moderate,14.1,4.14,108.0,12,Business,0.66,Sorted,10.39
Paper,152.5,Industrial Grade,Kolkata,High,11.05,14.24,123.6,8,Business,0.94,Clean,6.82
E-waste,120.3,Medium,Hyderabad,Low,128.64,12.98,130.4,9,Municipal Collector,0.86,Clean,111.87
E-waste,370.7,Industrial Grade,Bengaluru,High,122.93,11.52,23.6,6,Industrial Recycler,0.95,Clean,185.54
Plastic,331.8,High,Ahmedabad,High,32.99,2.62,26.2,2,Business,0.9,Baled,45.64
Steel,91.5,Medium,Ahmedabad,Low,40.98,14.54,133.8,4,Industrial Recycler,0.76,Sorted,28.45
E-waste,767.8,Industrial Grade,Chennai,Low,112.48,10.2,89.0,11,Municipal Collector,0.56,Clean,132.82
Other,845.0,Industrial Grade,Ahmedabad,Moderate,15.54,9.89,47.9,7,Municipal Collector,0.56,Sorted,15.32
Plastic,536.3,Medium,Coimbatore,Moderate,37.44,3.98,108.4,10,Business,0.89,Sorted,34.76
Steel,918.9,Industrial Grade,Surat,High,44.27,4.37,143.8,4,Municipal Collector,0.71,Sorted,64.84
Paper,326.6,Medium,Ahmedabad,Low,12.33,5.7,57.5,1,Business,0.59,Baled,8.37
Copper,396.1,Low,Chennai,Low,602.56,11.13,10.4,6,Business,0.58,Mixed,387.4
Steel,62.5,Industrial Grade,Bengaluru,High,40.04,9.43,55.6,7,Business,0.48,Clean,54.53
E-waste,305.5,Low,Hyderabad,Moderate,114.37,8.51,46.9,6,Individual,0.64,Baled,96.87
Copper,91.6,Medium,Ahmedabad,Moderate,623.22,5.28,18.2,10,Municipal Collector,0.93,Clean,640.55
Cardboard,608.2,Industrial Grade,Bengaluru,Moderate,15.11,3.19,132.1,1,Individual,0.65,Mixed,12.42
Steel,75.1,Industrial Grade,Kolkata,Moderate,40.41,9.0,50.0,3,Individual,0.92,Mixed,41.86
Steel,98.6,Industrial Grade,Coimbatore,Moderate,43.06,11.55,104.9,1,Business,0.31,Contaminated,30.53
Textile,334.9,High,Coimbatore,Moderate,29.19,2.31,17.5,6,Municipal Collector,0.5,Clean,36.84
Steel,76.4,Industrial Grade,Coimbatore,Moderate,40.22,4.58,105.9,11,Individual,0.93,Clean,49.96
Plastic,900.7,Industrial Grade,Coimbatore,Low,32.41,2.74,136.5,2,Individual,0.34,Baled,36.07
Other,511.8,Medium,Kolkata,Low,14.54,12.52,110.4,2,Municipal Collector,0.88,Clean,6.41
Aluminum,263.1,Medium,Pune,Low,181.26,2.84,143.0,12,Individual,0.96,Baled,167.52
Steel,1452.2,High,Coimbatore,Low,41.44,10.23,107.4,5,Individual,0.36,Baled,41.74
Textile,639.5,Industrial Grade,Kolkata,Low,28.61,3.78,25.3,2,Business,0.66,Contaminated,21.27
Glass,79.7,Low,Ahmedabad,Low,7.64,13.85,131.4,1,Industrial Recycler,1.0,Mixed,3.2
Copper,529.6,High,Hyderabad,Low,694.71,7.62,130.0,1,Individual,0.72,Sorted,776.33
Other,228.5,Low,Mumbai,High,14.94,9.88,101.8,3,Business,0.59,Contaminated,6.0
Glass,32.5,High,Delhi,Moderate,7.99,3.28,105.1,8,Municipal Collector,0.58,Clean,5.16
Steel,616.5,Medium,Kolkata,High,38.81,10.67,136.4,9,Municipal Collector,0.81,Mixed,31.43
Textile,1853.3,Medium,Surat,Moderate,27.75,7.62,31.7,3,Individual,0.88,Mixed,23.32
Cardboard,1876.6,High,Ahmedabad,Low,15.1,14.34,62.6,11,Individual,0.53,Baled,9.84
Steel,88.7,High,Pune,Moderate,40.93,3.76,82.6,10,Individual,0.63,Mixed,38.3
E-waste,545.2,Medium,Delhi,Moderate,127.91,12.9,8.6,5,Municipal Collector,0.56,Mixed,113.57
Cardboard,244.9,High,Mumbai,High,15.0,3.42,117.1,2,Business,0.57,Sorted,16.24
E-waste,895.5,Medium,Surat,High,112.18,6.56,130.8,6,Individual,0.67,Baled,133.42
Copper,48.3,High,Coimbatore,Low,602.53,6.69,131.6,1,Municipal Collector,0.8,Sorted,659.04
Steel,298.3,Low,Kolkata,Low,40.99,13.56,86.4,8,Individual,0.62,Sorted,22.71
Aluminum,532.3,Medium,Coimbatore,High,175.39,13.4,19.7,2,Individual,0.31,Clean,221.98
Cardboard,206.7,Industrial Grade,Bengaluru,Moderate,14.36,2.3,114.4,10,Industrial Recycler,0.72,Clean,14.91
Steel,1818.0,Medium,Delhi,High,42.41,3.55,35.6,10,Individual,0.57,Contaminated,31.57
Aluminum,243.2,High,Coimbatore,Low,191.66,12.21,122.8,3,Individual,0.76,Mixed,166.12
Textile,593.7,Medium,Pune,Low,28.61,12.3,73.1,4,Municipal Collector,1.0,Sorted,20.66
Glass,562.7,Industrial Grade,Mumbai,Low,7.83,14.49,142.2,7,Industrial Recycler,0.59,Clean,3.2
E-waste,209.7,Low,Kolkata,Low,116.24,6.7,119.4,8,Municipal Collector,0.96,Clean,84.75
Plastic,86.9,Low,Mumbai,Low,37.66,13.65,100.0,7,Business,0.76,Sorted,18.67
Textile,475.3,Low,Kolkata,High,29.6,9.3,119.0,4,Industrial Recycler,0.76,Baled,22.95
Glass,1038.9,Industrial Grade,Hyderabad,Moderate,8.02,12.79,146.9,7,Municipal Collector,0.47,Contaminated,3.2
Aluminum,327.4,Industrial Grade,Coimbatore,Moderate,170.18,5.78,135.7,9,Municipal Collector,0.92,Mixed,186.63
Textile,60.0,Medium,Delhi,Moderate,25.9,13.26,105.1,10,Individual,0.32,Sorted,18.35
Paper,160.3,Low,Surat,Moderate,11.36,7.21,82.1,3,Business,0.88,Clean,5.16
Aluminum,293.5,Industrial Grade,Surat,Moderate,178.47,11.06,87.2,4,Individual,0.94,Contaminated,157.29
E-waste,126.9,Medium,Pune,Moderate,115.04,10.91,96.2,11,Industrial Recycler,0.95,Baled,111.85
Copper,73.7,Industrial Grade,Chennai,Moderate,670.51,3.72,10.6,6,Industrial Recycler,0.3,Contaminated,579.02
Glass,229.6,High,Mumbai,Low,7.54,13.5,54.8,4,Business,0.62,Contaminated,3.2
Paper,415.4,Medium,Hyderabad,Moderate,11.23,11.42,120.6,2,Industrial Recycler,0.4,Contaminated,4.8
Glass,456.7,High,Pune,High,7.55,12.62,133.3,3,Municipal Collector,0.6,Sorted,3.2
Textile,123.3,Medium,Kolkata,High,28.24,8.87,76.9,6,Business,0.77,Sorted,27.2
Glass,49.3,Low,Delhi,High,8.16,12.71,120.7,1,Industrial Recycler,0.71,Sorted,3.2
Glass,463.1,High,Pune,Moderate,8.24,10.9,50.3,6,Industrial Recycler,0.79,Clean,4.85
Textile,876.0,Medium,Delhi,High,27.49,7.75,34.0,8,Business,1.0,Mixed,23.56
Steel,217.8,High,Delhi,Moderate,39.76,13.3,109.7,12,Industrial Recycler,0.6,Sorted,40.97
Copper,180.2,Medium,Kolkata,High,643.98,12.19,79.1,2,Industrial Recycler,0.41,Mixed,643.35
Other,33.5,High,Chennai,Low,15.7,5.13,125.7,10,Individual,0.46,Mixed,8.06
Other,454.7,Low,Coimbatore,Moderate,15.53,11.26,53.7,5,Municipal Collector,0.88,Clean,8.54
Cardboard,696.8,Medium,Ahmedabad,Low,13.27,3.3,103.1,4,Municipal Collector,0.83,Contaminated,5.6
Paper,237.3,Medium,Mumbai,Low,12.3,14.16,54.9,9,Business,0.76,Baled,4.8
Aluminum,87.4,Medium,Delhi,Low,169.77,13.17,58.1,5,Individual,0.42,Sorted,153.22
Plastic,998.1,High,Ahmedabad,Moderate,34.81,7.74,116.2,6,Individual,0.72,Contaminated,22.0
Copper,1664.8,High,Mumbai,Moderate,652.22,13.64,42.5,11,Business,0.8,Sorted,792.01
Paper,75.8,Medium,Hyderabad,Low,12.68,10.91,133.6,2,Industrial Recycler,0.77,Mixed,4.8
Other,857.9,Industrial Grade,Pune,High,14.08,10.88,64.2,1,Business,0.77,Mixed,12.96
E-waste,780.4,Medium,Ahmedabad,Moderate,126.56,8.62,129.3,4,Business,0.4,Mixed,116.69
Other,627.5,High,Hyderabad,Low,15.12,3.27,27.6,10,Municipal Collector,0.58,Clean,14.97
Copper,188.5,Low,Delhi,High,612.24,2.35,21.5,8,Municipal Collector,0.66,Mixed,490.44
E-waste,531.4,Industrial Grade,Pune,Moderate,111.95,12.93,112.4,10,Industrial Recycler,0.9,Clean,146.22
Aluminum,37.0,Low,Coimbatore,Moderate,176.47,12.09,5.9,3,Business,0.86,Sorted,144.74
Plastic,453.5,Industrial Grade,Hyderabad,Low,37.13,10.29,141.3,12,Business,0.42,Baled,37.28
Glass,116.7,Industrial Grade,Hyderabad,Moderate,8.13,5.54,118.0,11,Business,0.8,Mixed,3.2
Plastic,154.2,Low,Pune,Low,36.25,8.97,95.7,5,Municipal Collector,0.47,Mixed,17.63
Textile,138.9,High,Kolkata,High,25.98,4.24,24.2,11,Individual,0.83,Clean,34.03
