5 0.521825396875 0.791170634375 0.5238095234375 0.784722221875 0.528521825 0.7772817453124999 0.5359623015625 0.7591765875 0.5394345234375 0.7576884921875 0.5424107140625 0.7519841265625 0.5426587296875 0.7450396828125 0.5448908734375 0.740079365625 0.5448908734375 0.733630953125 0.5481150796875001 0.734126984375 0.5486111109375 0.7289186515625 0.5585317453124999 0.696924603125 0.5662202375 0.688244046875 0.5716765875 0.6857638890625 0.57490079375 0.68154761875 0.5701884921875 0.677579365625 0.565228175 0.6755952375 0.562748015625 0.6733630953125 0.5453869046875 0.6674107140625 0.5431547625 0.668898809375 0.54637896875 0.6790674609375 0.5486111109375 0.6830357140625 0.5478670640625001 0.6894841265625 0.5399305562500001 0.7095734125 0.5354662703125 0.716269840625 0.534722221875 0.7242063484375 0.5302579359374999 0.7321428578125 0.52802579375 0.740575396875 0.5240575390625 0.7462797625 0.5225694437499999 0.75595238125 0.5193452375 0.7638888890625 0.51612103125 0.7678571421875 0.513144840625 0.7738095234375 0.5106646828125 0.7829861109375 0.5104166671875 0.786954365625 0.51240079375 0.7901785718750001 0.518353175 0.7921626984375 0.521825396875 0.791170634375
5 0.5101686515625 0.588045634375 0.51612103125 0.580853175 0.518601190625 0.5726686515625 0.5220734125 0.5679563484375 0.5235615078125 0.5605158734375 0.52529761875 0.556795634375 0.5295138890625 0.55282738125 0.5300099203124999 0.5488591265625 0.533978175 0.5391865078125 0.5364583328125 0.5362103171875 0.5381944437499999 0.528769840625 0.5458829359374999 0.5146329359374999 0.5483630953125 0.5119047625 0.550347221875 0.5066964281249999 0.5570436515625 0.500744046875 0.561755953125 0.49801587343750003 0.557616815625 0.49029910781249997 0.5370158734375 0.47970436562499996 0.5358387890625 0.48147023750000006 0.53124463125 0.48021720625000003 0.534226190625 0.4935515875 0.5332341265625 0.5009920640625001 0.5272817453124999 0.5138888890625 0.5238095234375 0.5171130953125 0.51612103125 0.536954365625 0.5119047625 0.54092261875 0.5037202375 0.56299603125 0.5019841265625 0.5642361109375 0.5 0.57217261875 0.4985119046875 0.5895337296875 0.497519840625 0.5917658734375 0.49925595312500004 0.5954861109375 0.5042162703125 0.596478175 0.5084325390625 0.593005953125 0.5101686515625 0.588045634375
5 0.506200396875 0.7051091265625 0.5091765875 0.6979166671875 0.5611483140625 0.6356817953125 0.5716765875 0.6354166671875 0.5731646828125 0.6314484125 0.5716765875 0.627480159375 0.5670342265625 0.6227326390625 0.5605597718750001 0.616258184375 0.5534965281249999 0.6133152281250001 0.5483630953125 0.615079365625 0.5453869046875 0.6165674609375 0.5424107140625 0.6165674609375 0.5421626984375 0.624751984375 0.54092261875 0.628472221875 0.53720238125 0.634424603125 0.5332341265625 0.637896825 0.5334821421875 0.6426091265625 0.5270337296875 0.6515376984375 0.5233134921875 0.65947420625 0.5101686515625 0.6785714281249999 0.5066964281249999 0.6862599203124999 0.5042162703125 0.6892361109375 0.5037202375 0.693204365625 0.500248015625 0.69717261875 0.499751984375 0.7011408734375 0.5009920640625001 0.7051091265625 0.5039682546875001 0.706101190625 0.506200396875 0.7051091265625
5 0.3417658734375 0.9012896828124999 0.350818453125 0.8970734125 0.3541666671875 0.89657738125 0.45758928593750003 0.8918650796875 0.46031746093750003 0.89112103125 0.462549603125 0.8883928578125 0.46304563437499996 0.8804563484375001 0.4605654765625 0.875 0.45535714218749995 0.8740079359375 0.4322916671875 0.8740079359375 0.428075396875 0.8730158734375 0.42410714218749995 0.8735119046875001 0.3737599203125 0.8707837296875001 0.365575396875 0.87177579375 0.3519345234375 0.869295634375 0.34722222187499996 0.872519840625 0.34474206406249996 0.872519840625 0.343998015625 0.86904761875 0.3400297625 0.8673115078125001 0.33705357187499996 0.86904761875 0.333829365625 0.88467261875 0.3333333328125 0.9040178578125 0.334325396875 0.906001984375 0.3387896828125 0.9042658734375 0.3417658734375 0.9012896828124999
5 0.39930555624999997 0.869295634375 0.412450396875 0.8678075390625001 0.4389880953125 0.86904761875 0.4424603171875 0.8700396828124999 0.45049603125 0.8697916671874999 0.453125 0.8702876984374999 0.4543650796875 0.871527778125 0.4578373015625 0.871527778125 0.46453372968749995 0.875 0.46808854218749996 0.875248015625 0.4739583328125 0.877728175 0.486855159375 0.8772321421875 0.4908234125 0.8730158734375 0.48834325468750006 0.86904761875 0.48635912656249997 0.8678075390625001 0.478174603125 0.8648313484375001 0.466269840625 0.862351190625 0.46031746093750003 0.85887896875 0.439980159375 0.85342261875 0.4327876984375 0.8544146828124999 0.424851190625 0.853670634375 0.42137896875 0.8546626984374999 0.412946428125 0.8544146828124999 0.41071428593750003 0.8529265875 0.4052579359375 0.853670634375 0.396825396875 0.8487103171875001 0.3928571421875 0.8422619046875001 0.387648809375 0.841269840625 0.38616071406249997 0.8427579359375 0.3854166671875 0.8501984125 0.38368055624999997 0.85342261875 0.3824404765625 0.8603670640625 0.3821924609375 0.86904761875 0.3841765875 0.8705357140625001 0.396329365625 0.8680555562500001 0.39930555624999997 0.869295634375
5 0.419394840625 0.8484623015625001 0.422123015625 0.84970238125 0.4270833328125 0.8457341265625 0.4310515875 0.846478175 0.4351852671875 0.843998015625 0.4392361109375 0.84424603125 0.4456845234375 0.8514384921874999 0.44866071406249997 0.8521825390625001 0.453373015625 0.8509424609374999 0.45734127031250005 0.8511904765624999 0.46676587343750003 0.8554067453125 0.47098214218749995 0.85887896875 0.474950396875 0.85987103125 0.477678571875 0.8638392859374999 0.48015872968749995 0.865575396875 0.487103175 0.8683035718750001 0.49305555625 0.872271825 0.4952876984375 0.875248015625 0.49801587343750003 0.87549603125 0.5012400796875001 0.878472221875 0.5136408734375 0.8839285718750001 0.5193452375 0.8883928578125 0.5324900796875001 0.8918650796875 0.5391865078125 0.88467261875 0.5379464281249999 0.878472221875 0.5349702375 0.8759920640625 0.5245535718750001 0.87177579375 0.52157738125 0.8660714281249999 0.502728175 0.8578869046875001 0.48834325468750006 0.8484623015625001 0.4853670640625 0.8447420640625 0.4751984125 0.841021825 0.4697420640625 0.837549603125 0.466269840625 0.838045634375 0.4632936515625 0.8345734125 0.4608134921875 0.83407738125 0.45734127031250005 0.831597221875 0.450396825 0.830605159375 0.44990079375 0.8261408734375 0.44196428593750003 0.815228175 0.44097222187499996 0.80654761875 0.439980159375 0.8055555562500001 0.43675595312500004 0.806299603125 0.43328372968749995 0.810019840625 0.430803571875 0.81572420625 0.42782738125 0.818700396875 0.424603175 0.8244047625 0.4201388890625 0.8363095234375001 0.41493055625 0.8452380953124999 0.415674603125 0.8489583328125001 0.419394840625 0.8484623015625001
5 0.3613591265625 0.8675595234375001 0.372271825 0.8680555562500001 0.37549603125000003 0.865079365625 0.37847222187499996 0.849950396875 0.3787202375 0.8370535718750001 0.3767361109375 0.8296130953124999 0.37177579375 0.82217261875 0.369295634375 0.8214285718750001 0.3645833328125 0.825148809375 0.359623015625 0.837549603125 0.360119046875 0.8571428578125 0.35887896874999997 0.8608630953124999 0.35887896874999997 0.86532738125 0.3613591265625 0.8675595234375001
5 0.38095238125 0.8363095234375001 0.38715277812500004 0.837549603125 0.39409722187499996 0.8318452375 0.39732142812500004 0.8261408734375 0.39732142812500004 0.82217261875 0.389880953125 0.8110119046875001 0.38740079375 0.8008432546875 0.3869047625 0.80009920625 0.3834325390625 0.8005952375 0.37847222187499996 0.797619046875 0.37549603125000003 0.7978670640625001 0.3702876984375 0.802579365625 0.36830357187499996 0.80654761875 0.3697916671875 0.818204365625 0.3735119046875 0.8216765875 0.38095238125 0.8363095234375001
5 0.39508928593750003 0.818700396875 0.3988095234375 0.8229166671874999 0.4045138890625 0.8239087296875001 0.40947420625 0.8189484125 0.4117063484375 0.815228175 0.4126984125 0.80654761875 0.4114583328125 0.7983630953125 0.4144345234375 0.7946428578125 0.4114583328125 0.7921626984375 0.4074900796875 0.7852182546875001 0.40178571406249997 0.7879464281249999 0.390873015625 0.790674603125 0.38963293593750004 0.7926587296875 0.3891369046875 0.7951388890625 0.39112103125000003 0.8015873015625001 0.39161706406249996 0.8085317453125 0.39508928593750003 0.818700396875
5 0.41790674531249994 0.8191964281249999 0.4201388890625 0.8194444437499999 0.42385912656249997 0.8177083328125001 0.4325396828125 0.8058035718750001 0.43526785781250005 0.7953869046875 0.43675595312500004 0.7797619046875 0.43377976250000005 0.7740575390625 0.4310515875 0.7728174609375 0.428075396875 0.7730654765625 0.42137896875 0.7792658734375 0.41741071406249997 0.7924107140625 0.4169146828125 0.799603175 0.4144345234375 0.8102678578125 0.41344246093750003 0.81845238125 0.41468253906249997 0.8172123015625001 0.4164186515625 0.8172123015625001 0.41790674531249994 0.8191964281249999
5 0.4449404765625 0.7740575390625 0.44915674531249994 0.7710813484375 0.45238095312500004 0.7636408734375 0.459325396875 0.755704365625 0.46155753906249997 0.7482638890625 0.46428571406249997 0.74404761875 0.46031746093750003 0.74032738125 0.4546130953125 0.737847221875 0.452876984375 0.7383432546875001 0.4518849203125 0.743799603125 0.44990079375 0.747519840625 0.4451884921875 0.7514880953125 0.435019840625 0.768353175 0.435019840625 0.775545634375 0.43824404687499996 0.780505953125 0.43973214218749995 0.781001984375 0.4449404765625 0.7740575390625
5 0.4580853171875 0.7358630953125 0.4640376984375 0.74032738125 0.47197420625 0.7433035718750001 0.48065476250000005 0.7430555562500001 0.48759920625 0.736855159375 0.48759920625 0.7333829359374999 0.48660714218749995 0.731398809375 0.478174603125 0.7264384921875 0.474950396875 0.7232142859375 0.46279761875 0.721230159375 0.45734127031250005 0.718998015625 0.453125 0.72470238125 0.4518849203125 0.72842261875 0.4518849203125 0.7323908734375 0.45362103125 0.734375 0.4580853171875 0.7358630953125
5 0.48363095312500004 0.7264384921875 0.4861111109375 0.7224702375 0.48883928593750003 0.7202380953125 0.49007936562500004 0.715773809375 0.4923115078125 0.7123015875 0.49280753906249997 0.70907738125 0.49776785781250005 0.69717261875 0.4987599203125 0.6884920640625001 0.493303571875 0.6855158734375 0.4858630953125 0.6837797625 0.4794146828125 0.6944444437499999 0.47718253906249997 0.700644840625 0.47296627031250005 0.7207341265625 0.4766865078125 0.724950396875 0.48040674531249994 0.7264384921875 0.48363095312500004 0.7264384921875
5 0.44618055625 0.7259424609375 0.4516369046875 0.7207341265625 0.4543650796875 0.7204861109375 0.4637896828125 0.7098214281249999 0.46676587343750003 0.7008928578125 0.4635416671875 0.69717261875 0.4608134921875 0.699652778125 0.45684523749999995 0.7008928578125 0.44171627031250005 0.7165178578125 0.4325396828125 0.7207341265625 0.431299603125 0.7232142859375 0.4310515875 0.724454365625 0.43377976250000005 0.7289186515625 0.43675595312500004 0.7301587296875 0.44618055625 0.7259424609375
5 0.32862103125000003 0.884424603125 0.33159722187499996 0.8834325390625001 0.3333333328125 0.88095238125 0.333829365625 0.8769841265625 0.3373015875 0.868799603125 0.34027777812500004 0.8663194437499999 0.346230159375 0.869295634375 0.3546626984375 0.8635912703124999 0.35838293593750004 0.859126984375 0.359126984375 0.849454365625 0.3581349203125 0.847222221875 0.35491071406249997 0.8427579359375 0.3519345234375 0.8417658734375 0.3489583328125 0.8415178578125 0.34325396874999997 0.843998015625 0.33407738125 0.8529265875 0.3320932546875 0.85615079375 0.325396825 0.8603670640625 0.32217261875 0.8670634921874999 0.31919642812500004 0.8764880953124999 0.3199404765625 0.880704365625 0.3226686515625 0.8839285718750001 0.32862103125000003 0.884424603125
5 0.343005953125 0.84325396875 0.3501984125 0.8387896828124999 0.3578869046875 0.8355654765624999 0.35987103125000003 0.8298611109375 0.359126984375 0.8258928578125 0.3573908734375 0.8244047625 0.349454365625 0.8234126984374999 0.346230159375 0.8241567453125 0.337549603125 0.8296130953124999 0.33482142812500004 0.83407738125 0.3301091265625 0.8373015875 0.3226686515625 0.8452380953124999 0.3229166671875 0.8539186515624999 0.325148809375 0.856646825 0.32862103125000003 0.8578869046875001 0.343005953125 0.84325396875
5 0.33705357187499996 0.8204365078125001 0.343005953125 0.8206845234375001 0.343501984375 0.818204365625 0.33482142812500004 0.8008432546875 0.331101190625 0.7956349203124999 0.3231646828125 0.7896825390625 0.3196924609375 0.7921626984375 0.31845238125 0.7953869046875 0.3179563484375 0.8045634921874999 0.32490079375 0.8144841265625 0.3303571421875 0.818204365625 0.33705357187499996 0.8204365078125001
5 0.3196924609375 0.8325892859374999 0.33159722187499996 0.828869046875 0.3365575390625 0.8261408734375 0.3358134921875 0.82217261875 0.3318452375 0.8199404765624999 0.3301091265625 0.8199404765624999 0.3188244046875 0.8239087296875001 0.3137400796875 0.8236607140625001 0.3107638890625 0.827876984375 0.3087797625 0.8291170640625 0.3072916671875 0.8328373015625001 0.3070436515625 0.833829365625 0.3139880953125 0.83407738125 0.3177083328125 0.8320932546875 0.3196924609375 0.8325892859374999
5 0.340773809375 0.7832341265625 0.3452380953125 0.7802579359374999 0.3487103171875 0.7710813484375 0.34821428593750003 0.7673611109375 0.34325396874999997 0.759424603125 0.34275793593750004 0.75595238125 0.34027777812500004 0.7542162703125 0.33680555624999997 0.7542162703125 0.333829365625 0.7576884921875 0.33134920625 0.7584325390625 0.32862103125000003 0.762896825 0.328373015625 0.7678571421875 0.33134920625 0.77802579375 0.3373015875 0.783730159375 0.340773809375 0.7832341265625
5 0.303075396875 0.80282738125 0.3077876984375 0.8072916671874999 0.3137400796875 0.8080357140625001 0.3177083328125 0.80282738125 0.31919642812500004 0.794146825 0.32142857187499996 0.7889384921875 0.3263888890625 0.7829861109375 0.32490079375 0.7792658734375 0.32490079375 0.77529761875 0.3261408734375 0.7720734125 0.3261408734375 0.7641369046875 0.3167162703125 0.7576884921875 0.3137400796875 0.7574404765625 0.3112599203125 0.7581845234375 0.3105158734375 0.759424603125 0.3085317453125 0.777777778125 0.3087797625 0.7834821421875 0.3053075390625 0.79092261875 0.303075396875 0.80282738125
5 0.27256944375000003 0.7710813484375 0.275049603125 0.7720734125 0.2849702375 0.7720734125 0.28720238125 0.77157738125 0.28794642812500004 0.7693452375 0.2864583328125 0.7641369046875 0.28720238125 0.74950396875 0.286954365625 0.7395833328125 0.28571428593750003 0.7363591265625 0.2862103171875 0.7323908734375 0.28447420625 0.7304067453124999 0.278769840625 0.7321428578125 0.2772817453125 0.735119046875 0.2668650796875 0.7398313484375 0.2676091265625 0.747271825 0.27256944375000003 0.7710813484375
5 0.2693452375 0.771825396875 0.2703373015625 0.7676091265625 0.2698412703125 0.759424603125 0.268601190625 0.7552083328125 0.2636408734375 0.7452876984375 0.2601686515625 0.7455357140625 0.25446428593750003 0.7544642859375 0.252728175 0.7700892859375 0.2522321421875 0.791170634375 0.2552083328125 0.7956349203124999 0.26149131875 0.7809193953125 0.2693452375 0.771825396875
5 0.252728175 0.8209325390625001 0.2581845234375 0.81845238125 0.2616567453125 0.8144841265625 0.26215277812500004 0.806795634375 0.25868055624999997 0.8040674609374999 0.2576884921875 0.8005952375 0.25595238125 0.7986111109375 0.2452876984375 0.802579365625 0.24156746093749998 0.806795634375 0.24032738125000003 0.8105158734375 0.24032738125000003 0.8144841265625 0.243799603125 0.8196924609374999 0.252728175 0.8209325390625001
5 0.2591765875 0.8702876984374999 0.262896825 0.86904761875 0.26661706406249996 0.8660714281249999 0.2772817453125 0.8397817453125 0.2849702375 0.8142361109375 0.28224206406249996 0.812748015625 0.27430555624999997 0.812748015625 0.2671130953125 0.8105158734375 0.2641369046875 0.8105158734375 0.2522321421875 0.85342261875 0.2512400796875 0.862103175 0.252728175 0.8663194437499999 0.2574404765625 0.8700396828124999 0.2591765875 0.8702876984374999
5 0.240575396875 0.8918650796875 0.24429563437500001 0.887896825 0.25347222187499996 0.88095238125 0.2564484125 0.8769841265625 0.256200396875 0.8737599203125 0.24925595312499998 0.8630952375 0.234375 0.865079365625 0.23115079375 0.8685515875 0.22916666718749998 0.88095238125 0.2289186515625 0.890376984375 0.234126984375 0.890625 0.237847221875 0.893105159375 0.240575396875 0.8918650796875
5 0.21279761874999997 0.800347221875 0.21279761874999997 0.803075396875 0.21130952343749998 0.8060515875 0.2070932546875 0.8730158734375 0.20486111093749998 0.8866567453125 0.20510912656250002 0.9040178578125 0.2043650796875 0.909226190625 0.20560515937499999 0.9166666671874999 0.20833333281250002 0.9181547625 0.21130952343749998 0.918402778125 0.2199900796875 0.9169146828124999 0.2266865078125 0.9082341265625 0.230902778125 0.8630952375 0.2306547625 0.8303571421875 0.23387896874999997 0.818700396875 0.2328869046875 0.806795634375 0.234375 0.7988591265625 0.2385912703125 0.790674603125 0.24280753906250002 0.786954365625 0.2445436515625 0.7790178578125 0.2435515875 0.7762896828125 0.24032738125000003 0.7775297625 0.2390873015625 0.775049603125 0.23239087343749998 0.7743055562500001 0.22594246093749998 0.7743055562500001 0.2209821421875 0.7772817453124999 0.2172619046875 0.7745535718750001 0.21130952343749998 0.7748015875 0.21006944375 0.7762896828125 0.20262896874999997 0.778769840625 0.20262896874999997 0.786954365625 0.2053571421875 0.787450396875 0.21031746093749998 0.7929067453124999 0.21279761874999997 0.800347221875
5 0.48387896875 0.8360615078125001 0.4985119046875 0.8325892859374999 0.5086805562500001 0.827876984375 0.514880953125 0.828373015625 0.5193452375 0.8271329359375 0.5220734125 0.82762896875 0.530505953125 0.8258928578125 0.5389384921875 0.825644840625 0.5421626984375 0.8241567453125 0.5508432546875001 0.8231646828124999 0.5545634921875 0.8214285718750001 0.564980159375 0.8199404765624999 0.5716765875 0.822420634375 0.577380953125 0.82762896875 0.5825892859375 0.828125 0.584325396875 0.8266369046875001 0.5853174609375 0.8201884921874999 0.5845734125 0.8144841265625 0.5833333328125 0.812251984375 0.5758928578125 0.7983630953125 0.5740974703124999 0.7834188984375 0.56572420625 0.7953869046875 0.5634920640625001 0.7986111109375 0.5453869046875 0.8050595234375001 0.527777778125 0.8050595234375001 0.521329365625 0.806299603125 0.51884920625 0.8077876984374999 0.515873015625 0.8077876984374999 0.5074404765625 0.8115079359375 0.5042162703125 0.8105158734375 0.4985119046875 0.812748015625 0.4918154765625 0.81299603125 0.47867063437499996 0.8189484125 0.47445436562500004 0.8179563484375001 0.46651785781250005 0.8206845234375001 0.46453372968749995 0.822420634375 0.4632936515625 0.8258928578125 0.46304563437499996 0.8301091265625 0.46825396875 0.8328373015625001 0.47991071406249997 0.8360615078125001 0.48387896875 0.8360615078125001
5 0.5892857140625 0.8988095234375001 0.5917658734375 0.9007936515624999 0.5949900796875001 0.900545634375 0.5979662703125 0.8983134921874999 0.6049107140625 0.88740079375 0.606894840625 0.8854166671874999 0.612847221875 0.8826884921874999 0.6200076890624999 0.8740625 0.6078869046875 0.865079365625 0.6026785718750001 0.862351190625 0.5977182546875001 0.856646825 0.5925099203124999 0.8529265875 0.5855654765625 0.8524305562500001 0.580605159375 0.8616071421875 0.5791170640625001 0.86532738125 0.5833333328125 0.89012896875 0.5853174609375 0.8943452375 0.5892857140625 0.8988095234375001
5 0.6302083328125 0.8457341265625 0.6334325390625 0.8459821421875 0.6364087296875 0.84424603125 0.6391369046875 0.8452380953124999 0.653521825 0.84375 0.6629464281249999 0.8447420640625 0.6646825390625 0.84375 0.672619046875 0.84325396875 0.6763392859375 0.841269840625 0.6860119046875 0.8400297625 0.6939484125 0.837549603125 0.6941964281249999 0.833829365625 0.6917162703125 0.8298611109375 0.6894841265625 0.8209325390625001 0.687748015625 0.8196924609374999 0.6765873015625 0.8201884921874999 0.6674107140625 0.8191964281249999 0.619295634375 0.8293650796875 0.6185515875 0.833829365625 0.6210317453124999 0.8355654765624999 0.624255953125 0.841021825 0.6302083328125 0.8457341265625
5 0.6681547625 0.728670634375 0.6671626984375 0.7321428578125 0.6676587296875 0.7353670640625001 0.67137896875 0.7385912703125 0.681795634375 0.7395833328125 0.697420634375 0.7363591265625 0.6981646828125 0.728174603125 0.6939484125 0.7194114578125 0.6929563484375 0.7048611109375 0.69072420625 0.7011408734375 0.687748015625 0.684771825 0.6857638890625 0.6837797625 0.6827876984375 0.6860119046875 0.6763392859375 0.6875 0.674851190625 0.6892361109375 0.6731150796875001 0.6966765875 0.6731150796875001 0.7051091265625 0.675347221875 0.7135416671875 0.6708829359374999 0.7254464281249999 0.6681547625 0.728670634375
5 0.640873015625 0.74404761875 0.6453373015625 0.7460317453124999 0.6572420640625001 0.7452876984375 0.659722221875 0.7420634921875 0.6602182546875001 0.737847221875 0.6577380953125 0.7108134921875 0.656498015625 0.7053571421875 0.6542658734375 0.7011408734375 0.653521825 0.7011408734375 0.653521825 0.703125 0.6495535718750001 0.706101190625 0.6445932546875001 0.7078373015625 0.639880953125 0.7135416671875 0.6388888890625 0.7167658734375 0.6396329359374999 0.7224702375 0.6391369046875 0.7323908734375 0.640873015625 0.74404761875
5 0.6875 0.775049603125 0.6976686515625 0.7740575390625 0.6986607140625 0.7720734125 0.69990079375 0.7646329359374999 0.6994047625 0.75967261875 0.6979166671875 0.7566964281249999 0.6949404765625 0.7547123015625 0.6765873015625 0.7549603171875 0.668898809375 0.7571924609375 0.6654265875 0.7566964281249999 0.659226190625 0.75967261875 0.65947420625 0.7678571421875 0.6646825390625 0.77157738125 0.6741071421875 0.7740575390625 0.6875 0.775049603125
5 0.6402529765625 0.779637896875 0.643353175 0.7829861109375 0.6455853171875 0.7834821421875 0.6510416671875 0.781498015625 0.6540178578125 0.78174603125 0.656498015625 0.775545634375 0.6577380953125 0.7671130953125 0.650545634375 0.7571924609375 0.6453373015625 0.7549603171875 0.6361607140625 0.755704365625 0.6331845234375 0.7586805562500001 0.6302083328125 0.75967261875 0.6264880953125 0.765873015625 0.6262400796875001 0.7676091265625 0.6287202375 0.7730654765625 0.6354166671875 0.77802579375 0.6402529765625 0.779637896875
5 0.650049603125 0.8772321421875 0.6483134921875 0.880704365625 0.6495535718750001 0.88467261875 0.6862599203124999 0.8816964281249999 0.6939484125 0.8789682546875 0.697420634375 0.8762400796875 0.703373015625 0.875 0.70634920625 0.8730158734375 0.705853175 0.86904761875 0.70362103125 0.8635912703124999 0.7008928578125 0.8608630953124999 0.693204365625 0.8611111109375 0.6889880953125 0.859623015625 0.6825396828125 0.859623015625 0.66592261875 0.8638392859374999 0.653769840625 0.8635912703124999 0.650545634375 0.862351190625 0.640376984375 0.8648313484375001 0.640873015625 0.8670634921874999 0.6450892859375 0.869295634375 0.6495535718750001 0.874255953125 0.650049603125 0.8772321421875
5 0.530505953125 0.8665674609374999 0.53174603125 0.865575396875 0.53447420625 0.8573908734375 0.534722221875 0.849454365625 0.5334821421875 0.846478175 0.527777778125 0.843501984375 0.52157738125 0.8422619046875001 0.51612103125 0.8385416671874999 0.5109126984375 0.8400297625 0.5074404765625 0.8387896828124999 0.5012400796875001 0.8385416671874999 0.49429563437499996 0.8415178578125 0.4920634921875 0.84424603125 0.4925595234375 0.847222221875 0.5012400796875001 0.8539186515624999 0.515625 0.8581349203125 0.530505953125 0.8665674609374999
5 0.5243055562500001 0.84052579375 0.5456349203124999 0.840773809375 0.5478670640625001 0.8417658734375 0.5543154765625 0.8420138890625 0.5587797625 0.8392857140625001 0.5610119046875 0.8345734125 0.559027778125 0.8261408734375 0.5572916671875 0.8244047625 0.5248015875 0.8268849203125 0.5210813484375 0.8291170640625 0.5203373015625 0.8298611109375 0.5205853171875 0.83779761875 0.521825396875 0.8395337296875001 0.5243055562500001 0.84052579375
5 0.5399305562500001 0.8018353171875001 0.5421626984375 0.80282738125 0.5570436515625 0.80009920625 0.5587797625 0.7988591265625 0.55927579375 0.796875 0.562251984375 0.7948908734375 0.5553075390625 0.7929067453124999 0.5510912703125 0.7899305562500001 0.5478670640625001 0.7899305562500001 0.5456349203124999 0.7864583328125 0.5394345234375 0.783730159375 0.533730159375 0.783978175 0.53125 0.7854662703125 0.528273809375 0.7946428578125 0.5275297625 0.7991071421875 0.528769840625 0.8010912703124999 0.5302579359374999 0.8018353171875001 0.5399305562500001 0.8018353171875001
5 0.4987599203125 0.7956349203124999 0.5091765875 0.79092261875 0.5089285718750001 0.7792658734375 0.5076884921875 0.7775297625 0.5052083328125 0.7765376984375 0.5017361109375 0.7770337296875 0.4895833328125 0.7857142859375 0.4890873015625 0.7879464281249999 0.49032738125 0.7919146828125 0.49553571406249997 0.7956349203124999 0.4987599203125 0.7956349203124999
5 0.5101686515625 0.769097221875 0.513144840625 0.762648809375 0.51612103125 0.7591765875 0.5171130953125 0.755704365625 0.5168650796875001 0.7517361109375 0.515873015625 0.7509920640625001 0.512896825 0.75322420625 0.5066964281249999 0.7544642859375 0.5014880953125 0.7569444437499999 0.49280753906249997 0.762152778125 0.4893353171875 0.766369046875 0.487103175 0.7673611109375 0.486855159375 0.771329365625 0.4925595234375 0.77529761875 0.5074404765625 0.77157738125 0.5101686515625 0.769097221875
5 0.521825396875 0.747023809375 0.5238095234375 0.744295634375 0.525049603125 0.737847221875 0.5275297625 0.7326388890625 0.5275297625 0.72842261875 0.5220734125 0.721726190625 0.51884920625 0.724454365625 0.5141369046875 0.734126984375 0.5136408734375 0.740079365625 0.515376984375 0.7447916671875 0.51884920625 0.747271825 0.521825396875 0.747023809375
5 0.5835813484375 0.70907738125 0.5885416671875 0.7048611109375 0.5853174609375 0.697420634375 0.5803571421875 0.6922123015625 0.578125 0.6917162703125 0.5736607140625 0.6941964281249999 0.5699404765625 0.6946924609375 0.56572420625 0.6929563484375 0.5582837296875 0.7008928578125 0.556299603125 0.7048611109375 0.5553075390625 0.7095734125 0.5570436515625 0.71279761875 0.5739087296875 0.709325396875 0.5835813484375 0.70907738125
5 0.5850694437499999 0.65029761875 0.5863095234375 0.6540178578125 0.5900297625 0.6552579359374999 0.5922619046875 0.6577380953125 0.593998015625 0.66220238125 0.6016865078125 0.6681547625 0.6039186515625 0.671130953125 0.606646825 0.6706349203124999 0.6078869046875 0.6738591265625 0.606894840625 0.677579365625 0.61259920625 0.67782738125 0.61532738125 0.6736111109375 0.615575396875 0.671626984375 0.6185515875 0.6703869046875 0.6207837296875 0.665674603125 0.6210317453124999 0.661954365625 0.6232638890625 0.6579861109375 0.6272321421875 0.6542658734375 0.6262400796875001 0.650545634375 0.621527778125 0.650049603125 0.612351190625 0.6525297625 0.5825892859375 0.6383928578125 0.5803571421875 0.6364087296875 0.5761408734375 0.637896825 0.575396825 0.6386408734375 0.5803571421875 0.6416170640625001 0.5818452375 0.646825396875 0.5850694437499999 0.65029761875
5 0.6237599203124999 0.640625 0.6302083328125 0.64012896875 0.6316964281249999 0.6386408734375 0.6321924609375 0.634424603125 0.631200396875 0.630704365625 0.6212797625 0.625 0.6185515875 0.62450396875 0.6158234125 0.622271825 0.603670634375 0.6212797625 0.5992063484375 0.6227678578125 0.5989583328125 0.63095238125 0.6004464281249999 0.63467261875 0.6029265875 0.6361607140625 0.6237599203124999 0.640625
5 0.5691964281249999 0.6207837296875 0.5716765875 0.6259920640625001 0.578869046875 0.6304563484375 0.587549603125 0.637648809375 0.5917658734375 0.6393849203124999 0.5925099203124999 0.6388888890625 0.5984623015625 0.6294642859375 0.5982142859375 0.6232638890625 0.5949900796875001 0.61904761875 0.591269840625 0.6185515875 0.5830853171875 0.6135912703125 0.57862103125 0.609623015625 0.574652778125 0.6078869046875 0.5691964281249999 0.608630953125 0.560019840625 0.6044146828125 0.5572916671875 0.606646825 0.560019840625 0.6158234125 0.562748015625 0.615079365625 0.5662202375 0.61904761875 0.5691964281249999 0.6207837296875
5 0.541170634375 0.6230158734375 0.5404265875 0.618799603125 0.5376984125 0.6143353171875 0.5329861109375 0.6116071421875 0.528521825 0.6116071421875 0.5220734125 0.6158234125 0.516369046875 0.6180555562500001 0.515873015625 0.6195436515625 0.5245535718750001 0.6272321421875 0.5391865078125 0.62549603125 0.541170634375 0.6230158734375
5 0.4985119046875 0.6540178578125 0.500744046875 0.6550099203124999 0.5133928578125 0.6495535718750001 0.53075396875 0.6388888890625 0.5334821421875 0.634920634375 0.530505953125 0.6326884921875 0.51884920625 0.628472221875 0.513144840625 0.62177579375 0.506200396875 0.6227678578125 0.5012400796875001 0.625 0.500248015625 0.6267361109375 0.5017361109375 0.6334325390625 0.5017361109375 0.6386408734375 0.4985119046875 0.65029761875 0.4985119046875 0.6540178578125
5 0.42559523749999995 0.6857638890625 0.43055555625 0.6887400796875001 0.43402777812500004 0.6865905265625 0.435433284375 0.6836143359375 0.43824404687499996 0.6701388890625 0.43377976250000005 0.6629464281249999 0.4310515875 0.661954365625 0.424851190625 0.65674603125 0.41617063437499996 0.653769840625 0.4139384921875 0.65625 0.412946428125 0.6614583328125 0.41344246093750003 0.675347221875 0.4169146828125 0.6770833328125 0.41790674531249994 0.6793154765625 0.42559523749999995 0.6857638890625
5 0.4126984125 0.7011408734375 0.419394840625 0.6961805562500001 0.42633928593750003 0.6946924609375 0.43377976250000005 0.6944444437499999 0.43526785781250005 0.693204365625 0.435019840625 0.6922123015625 0.43402777812500004 0.690228175 0.428075396875 0.6889880953125 0.41344246093750003 0.6783234125 0.41046627031250005 0.6770833328125 0.4079861109375 0.6860119046875 0.4074900796875 0.69345238125 0.403521825 0.702380953125 0.4012896828125 0.7120535718750001 0.40178571406249997 0.7150297625 0.4077380953125 0.709325396875 0.4126984125 0.7011408734375
5 0.5042162703125 0.521825396875 0.50967261875 0.5173611109375 0.5089285718750001 0.5136408734375 0.5014880953125 0.5076884921875 0.4952876984375 0.5071924609375 0.491071428125 0.5091765875 0.4890873015625 0.5119047625 0.48834325468750006 0.5133928578125 0.48883928593750003 0.5176091265625 0.49553571406249997 0.5220734125 0.5042162703125 0.521825396875
5 0.477678571875 0.497519840625 0.4796626984375 0.4952876984375 0.47991071406249997 0.49032738125 0.478174603125 0.48859127031250005 0.4548611109375 0.47296627031250005 0.453373015625 0.4737103171875 0.4513888890625 0.4779265875 0.450644840625 0.487351190625 0.4516369046875 0.49032738125 0.46875 0.49801587343750003 0.477678571875 0.497519840625
5 0.475446428125 0.4456845234375 0.4764384921875 0.44345238125 0.47718253906249997 0.43526785781250005 0.4751984125 0.4322916671875 0.46651785781250005 0.43154761875 0.46304563437499996 0.434771825 0.4613095234375 0.4392361109375 0.4610615078125 0.44444444375 0.46304563437499996 0.44866071406249997 0.4739583328125 0.446428571875 0.475446428125 0.4456845234375
5 0.6396329359374999 0.49404761875 0.6396329359374999 0.5019841265625 0.64112103125 0.5076884921875 0.6448412703125 0.512648809375 0.6478174609375 0.5101686515625 0.6515376984375 0.5019841265625 0.6515376984375 0.5 0.656498015625 0.49032738125 0.6631944437499999 0.4828869046875 0.6636904765625 0.47842261875 0.659722221875 0.474950396875 0.6453373015625 0.47073412656249997 0.6388888890625 0.46949404687499996 0.6329365078125 0.47073412656249997 0.6326884921875 0.47445436562500004 0.637896825 0.48239087343750003 0.64112103125 0.4898313484375 0.6396329359374999 0.49404761875
5 0.5731646828125 0.5667162703125 0.5825892859375 0.5689484125 0.58407738125 0.568204365625 0.5833333328125 0.55927579375 0.575148809375 0.5538194437499999 0.5674603171875 0.5508432546875001 0.562748015625 0.546875 0.5513392859375 0.546626984375 0.5483630953125 0.5488591265625 0.547123015625 0.5513392859375 0.5453869046875 0.556795634375 0.5491071421875 0.559523809375 0.5669642859375 0.5667162703125 0.5731646828125 0.5667162703125
5 0.5543154765625 0.5446428578125 0.556299603125 0.54092261875 0.556795634375 0.5359623015625 0.546875 0.521329365625 0.5451388890625 0.5210813484375 0.5421626984375 0.5235615078125 0.5386904765625 0.53174603125 0.5396825390625 0.5399305562500001 0.543898809375 0.5458829359374999 0.5483630953125 0.547123015625 0.5543154765625 0.5446428578125
5 0.56572420625 0.537450396875 0.5694444437499999 0.5262896828125 0.5694444437499999 0.521329365625 0.5637400796875001 0.5074404765625 0.5615079359374999 0.5042162703125 0.5582837296875 0.502976190625 0.556795634375 0.5012400796875001 0.553075396875 0.5064484125 0.5520833328125 0.5101686515625 0.5535714281249999 0.5168650796875001 0.5625 0.5354662703125 0.56572420625 0.537450396875
5 0.48809523749999995 0.1356646828125 0.4985119046875 0.134424603125 0.5012400796875001 0.1314484125 0.5022321421875 0.12673611093749998 0.50049603125 0.1113591265625 0.49652777812500004 0.10367063437499999 0.49801587343750003 0.09548611093750001 0.4985119046875 0.08209325468749999 0.497519840625 0.06349206406249999 0.49627976250000005 0.056299603125 0.4945436515625 0.052827381250000006 0.49007936562500004 0.05009920624999999 0.486855159375 0.049851190625 0.48363095312500004 0.0513392859375 0.48065476250000005 0.056547618749999994 0.4796626984375 0.0984623015625 0.47842261875 0.10540674531250001 0.47445436562500004 0.1103670640625 0.4734623015625 0.1170634921875 0.47321428593750003 0.1304563484375 0.474950396875 0.1326884921875 0.48015872968749995 0.134920634375 0.48809523749999995 0.1356646828125
5 0.497271825 0.0553075390625 0.4990079359375 0.103174603125 0.5012400796875001 0.110119046875 0.5042162703125 0.11383928593749999 0.5054563484375 0.110119046875 0.509424603125 0.10391865156249999 0.5133928578125 0.10193452343750001 0.515376984375 0.099454365625 0.5146329359374999 0.060267857812500006 0.5166170640625001 0.055555556250000006 0.5203373015625 0.053075396875 0.52157738125 0.0488591265625 0.5205853171875 0.0458829359375 0.521329365625 0.034226190625 0.519097221875 0.027777778125000003 0.5109126984375 0.024553571875 0.5039682546875001 0.02430555625 0.4982638890625 0.0265376984375 0.49578372968749995 0.0292658734375 0.4950396828125 0.0327380953125 0.49677579375 0.041170634375 0.4947916671875 0.044394840625 0.4945436515625 0.0488591265625 0.497271825 0.0553075390625
5 0.5384424609375 0.071428571875 0.540674603125 0.0761408734375 0.543898809375 0.0957341265625 0.547619046875 0.10615079375 0.5513392859375 0.106646825 0.5543154765625 0.1051587296875 0.56572420625 0.103174603125 0.5716765875 0.09970238125 0.5744047625 0.0959821421875 0.5716765875 0.08779761875 0.5674603171875 0.0801091265625 0.5575396828125 0.07291666718749999 0.5545634921875 0.064980159375 0.5505952375 0.059027778125 0.5481150796875001 0.051091270312500006 0.5424107140625 0.0396825390625 0.5401785718750001 0.0329861109375 0.5364583328125 0.031001984375000003 0.5334821421875 0.0275297625 0.5302579359374999 0.027777778125000003 0.5270337296875 0.0295138890625 0.5238095234375 0.0349702375 0.5267857140625 0.0505952375 0.5327380953125 0.062251984375 0.534226190625 0.068204365625 0.5384424609375 0.071428571875
5 0.6009424609375 0.11904761875 0.606646825 0.11681547656249999 0.6083829359374999 0.1113591265625 0.6076388890625 0.10441468281249999 0.6044146828125 0.0915178578125 0.6004464281249999 0.08606150781250001 0.5979662703125 0.08606150781250001 0.5952380953125 0.08779761875 0.5920138890625 0.08779761875 0.584325396875 0.0915178578125 0.5820932546875001 0.09375 0.580605159375 0.0982142859375 0.577380953125 0.0982142859375 0.5612599203124999 0.1076388890625 0.5481150796875001 0.110119046875 0.5481150796875001 0.11160714218750001 0.5602678578125 0.11631944375 0.5915178578125 0.12003968281249999 0.6009424609375 0.11904761875
5 0.65625 0.10342261875 0.655505953125 0.12127976250000001 0.656498015625 0.1235119046875 0.6629464281249999 0.1240079359375 0.6736111109375 0.11929563437499999 0.6760912703125 0.1170634921875 0.6768353171875 0.08581349218749999 0.678075396875 0.078373015625 0.6832837296875 0.074652778125 0.6832837296875 0.06374007968749999 0.6805555562500001 0.060019840625 0.6848129953125001 0.047245784375 0.6755952375 0.0483630953125 0.6728670640625001 0.0446428578125 0.6706349203124999 0.044146825 0.665674603125 0.046130953125 0.66220238125 0.04637896875 0.6582341265625 0.0488591265625 0.65625 0.052579365625 0.656001984375 0.05927579375000001 0.653273809375 0.06572420625 0.653521825 0.075396825 0.6577380953125 0.081101190625 0.6572420640625001 0.09970238125 0.65625 0.10342261875
5 0.516369046875 0.21378968281250002 0.5248015875 0.2197420640625 0.525545634375 0.218501984375 0.531001984375 0.21676587343749998 0.5329861109375 0.212549603125 0.5364583328125 0.2095734125 0.5381944437499999 0.2053571421875 0.5394345234375 0.193204365625 0.5416666671875 0.18774801562500001 0.5448908734375 0.1855158734375 0.5523313484375 0.1773313484375 0.5538194437499999 0.16741071406250002 0.5513392859375 0.1614583328125 0.5458829359374999 0.159226190625 0.5419146828125 0.1609623015625 0.5389384921875 0.1644345234375 0.5357142859375 0.17361111093749998 0.530505953125 0.18154761875 0.5262896828125 0.18402777812499999 0.521825396875 0.1837797625 0.5205853171875 0.184523809375 0.515873015625 0.1887400796875 0.50967261875 0.1976686515625 0.5091765875 0.20138888906250002 0.509920634375 0.2046130953125 0.513144840625 0.21056547656250002 0.516369046875 0.21378968281250002
5 0.49627976250000005 0.2016369046875 0.49950396875 0.20114087343749998 0.5009920640625001 0.1976686515625 0.5014880953125 0.1837797625 0.500248015625 0.17361111093749998 0.4987599203125 0.1703869046875 0.48660714218749995 0.1703869046875 0.48090277812500004 0.17261904687500002 0.48015872968749995 0.17534722187500001 0.4794146828125 0.181795634375 0.48065476250000005 0.18923611093749998 0.4890873015625 0.1989087296875 0.49627976250000005 0.2016369046875
5 0.4861111109375 0.1696428578125 0.48635912656249997 0.165178571875 0.474950396875 0.15873015937499999 0.47073412656249997 0.1604662703125 0.47222222187499996 0.16741071406250002 0.4751984125 0.17162698437499999 0.48090277812500004 0.17212301562500001 0.4861111109375 0.1696428578125
5 0.40178571406249997 0.161954365625 0.41840277812500004 0.162946428125 0.42881944375 0.15873015937499999 0.42906746093750003 0.1574900796875 0.4273313484375 0.15451388906250002 0.42881944375 0.1498015875 0.4273313484375 0.146825396875 0.42584325468750006 0.134920634375 0.4201388890625 0.130704365625 0.4074900796875 0.12673611093749998 0.4052579359375 0.127728175 0.40203372968749995 0.13095238125 0.4010416671875 0.13888888906250002 0.3990575390625 0.14236111093749998 0.3978174609375 0.14930555625 0.3980654765625 0.1550099203125 0.3988095234375 0.15798611093749998 0.40178571406249997 0.161954365625
5 0.2953869046875 0.161954365625 0.2953869046875 0.15798611093749998 0.29637896874999997 0.15674603125 0.2991071421875 0.1550099203125 0.3050595234375 0.1540178578125 0.306299603125 0.1507936515625 0.3449900796875 0.11954365156249999 0.3487103171875 0.11755952343750001 0.3519345234375 0.118303571875 0.356646825 0.1111111109375 0.3551587296875 0.10714285781249999 0.340773809375 0.091269840625 0.3358134921875 0.08978174531250001 0.334325396875 0.08779761875 0.32465277812500004 0.103174603125 0.32142857187499996 0.1111111109375 0.3137400796875 0.11929563437499999 0.3110119046875 0.118303571875 0.3107638890625 0.1197916671875 0.2904265875 0.1458333328125 0.2876984125 0.1547619046875 0.2891865078125 0.161954365625 0.29092261875 0.1636904765625 0.2953869046875 0.161954365625
5 0.3854166671875 0.1994047625 0.3886408734375 0.2053571421875 0.3926091265625 0.2070932546875 0.40575396875 0.2075892859375 0.4074900796875 0.20585317500000003 0.408978175 0.2008928578125 0.41617063437499996 0.1979166671875 0.419394840625 0.19866071406250002 0.424851190625 0.18700396875 0.428571428125 0.184771825 0.4300595234375 0.1733630953125 0.43154761875 0.1696428578125 0.428571428125 0.16865079375 0.42237103125 0.1703869046875 0.419146825 0.1696428578125 0.4166666671875 0.17534722187500001 0.415674603125 0.1758432546875 0.3928571421875 0.1832837296875 0.3841765875 0.184523809375 0.381200396875 0.18774801562500001 0.3804563484375 0.18923611093749998 0.381200396875 0.1949404765625 0.3824404765625 0.197420634375 0.3854166671875 0.1994047625
5 0.372519840625 0.2227182546875 0.3764880953125 0.21949404687500002 0.380704365625 0.21825396874999997 0.3834325390625 0.22073412656250002 0.3841765875 0.2227182546875 0.389880953125 0.22544642812500001 0.3928571421875 0.22445436562499999 0.3953373015625 0.2264384921875 0.4015376984375 0.22867063437500001 0.4072420640625 0.22767857187499999 0.4112103171875 0.22470238125000003 0.41195436562500004 0.22048611093749998 0.41046627031250005 0.2165178578125 0.4047619046875 0.21279761874999997 0.3958333328125 0.21006944375 0.3814484125 0.2018849203125 0.3792162703125 0.1991567453125 0.3764880953125 0.1976686515625 0.3732638890625 0.1929563484375 0.3635912703125 0.1897321421875 0.3606150796875 0.190228175 0.3544146828125 0.2008928578125 0.35342261875 0.20486111093749998 0.353174603125 0.212549603125 0.35491071406249997 0.21676587343749998 0.3616071421875 0.22048611093749998 0.372519840625 0.2227182546875
5 0.487351190625 0.2420634921875 0.4895833328125 0.24479166718749998 0.4925595234375 0.2445436515625 0.4861111109375 0.2177579359375 0.48387896875 0.21701388906250002 0.4761904765625 0.2227182546875 0.47594246093750003 0.22916666718749998 0.4779265875 0.234126984375 0.4833829359375 0.24007936562499999 0.487351190625 0.2420634921875
5 0.5741567453124999 0.302579365625 0.577380953125 0.3018353171875 0.58134920625 0.2988591265625 0.5825892859375 0.293898809375 0.581101190625 0.28224206406249996 0.5798611109375 0.28025793593750004 0.5761408734375 0.27777777812500004 0.5716765875 0.2765376984375 0.562748015625 0.2772817453125 0.55654761875 0.2795138890625 0.5533234125 0.2824900796875 0.5535714281249999 0.28472222187499996 0.5572916671875 0.291170634375 0.561755953125 0.296130953125 0.5741567453124999 0.302579365625
5 0.53125 0.2676091265625 0.5421626984375 0.2728174609375 0.5453869046875 0.2730654765625 0.5538194437499999 0.2760416671875 0.5607638890625 0.27678571406249997 0.568204365625 0.27529761875 0.580605159375 0.2765376984375 0.5820932546875001 0.27529761875 0.5820932546875001 0.271329365625 0.5757688484375 0.2687251984375 0.574652778125 0.2673611109375 0.5714285718750001 0.2673611109375 0.5696924609375 0.26512896874999997 0.565228175 0.263144840625 0.562251984375 0.25967261875 0.556795634375 0.2579365078125 0.5540674609375 0.2554563484375 0.5248015875 0.2452876984375 0.521825396875 0.2398313484375 0.5066964281249999 0.237351190625 0.5044642859375 0.2385912703125 0.5022321421875 0.243799603125 0.5017361109375 0.2512400796875 0.5037202375 0.25347222187499996 0.527777778125 0.2673611109375 0.53125 0.2676091265625
5 0.5602678578125 0.222222221875 0.56299603125 0.22048611093749998 0.565228175 0.21676587343749998 0.568700396875 0.215277778125 0.5711805562500001 0.21155753906250002 0.575396825 0.20982142812500001 0.577380953125 0.20362103125000003 0.5860615078125 0.20114087343749998 0.5870535718750001 0.19965277812499999 0.6103670640625001 0.184523809375 0.6168154765625 0.181795634375 0.6183035718750001 0.178571428125 0.621527778125 0.1783234125 0.62549603125 0.1733630953125 0.621527778125 0.165674603125 0.6135912703125 0.1542658734375 0.609623015625 0.15178571406250002 0.6009424609375 0.15550595312499998 0.5974702375 0.159226190625 0.5959821421875 0.161954365625 0.5966431046875 0.171977678125 0.5540674609375 0.20510912656250002 0.5523313484375 0.2095734125 0.5486111109375 0.212549603125 0.5478670640625001 0.2145337296875 0.5478670640625001 0.2177579359375 0.5510912703125 0.221726190625 0.55654761875 0.21924603125000003 0.5602678578125 0.222222221875
5 0.560019840625 0.18576388906250002 0.5689484125 0.18725198437499999 0.5739087296875 0.1855158734375 0.5793650796875001 0.1810515875 0.5858060515625 0.1799875984375 0.592873759375 0.17433358125 0.5803571421875 0.1604662703125 0.574652778125 0.15674603125 0.5669642859375 0.15575396875 0.56299603125 0.15649801562500001 0.559027778125 0.165674603125 0.5548115078125 0.177579365625 0.5548115078125 0.1798115078125 0.5553075390625 0.1822916671875 0.560019840625 0.18576388906250002
5 0.67108829375 0.2172103171875 0.6738591265625 0.1924603171875 0.677579365625 0.18824404687500002 0.6827876984375 0.18725198437499999 0.684523809375 0.1855158734375 0.6835317453124999 0.1773313484375 0.6820436515625 0.1731150796875 0.6798115078125 0.16865079375 0.675347221875 0.165674603125 0.6681547625 0.165674603125 0.6579861109375 0.16939484062500001 0.653521825 0.17361111093749998 0.6522817453124999 0.17906746093749998 0.652777778125 0.1855158734375 0.6552579359374999 0.190228175 0.662450396875 0.1976686515625 0.67108829375 0.2172103171875
5 0.58779761875 0.21949404687500002 0.5982142859375 0.2172619046875 0.6044146828125 0.2145337296875 0.609623015625 0.20907738125000003 0.609623015625 0.20510912656250002 0.6016865078125 0.1966765875 0.5982142859375 0.1949404765625 0.5954861109375 0.1954365078125 0.5885416671875 0.20114087343749998 0.57862103125 0.2132936515625 0.577380953125 0.21676587343749998 0.5803571421875 0.2202380953125 0.5833333328125 0.22147817500000003 0.58779761875 0.21949404687500002
5 0.6480654765625 0.2457837296875 0.659722221875 0.240575396875 0.6644345234375 0.23685515937499999 0.6649305562500001 0.228174603125 0.662450396875 0.22594246093749998 0.656498015625 0.2306547625 0.6510416671875 0.2331349203125 0.6418650796875001 0.2333829359375 0.6356646828125 0.2356150796875 0.6359126984375 0.23759920625 0.6391369046875 0.2388392859375 0.644097221875 0.2445436515625 0.6480654765625 0.2457837296875
5 0.674355159375 0.2876984125 0.6783234125 0.2832341265625 0.6770833328125 0.28174603125000003 0.674851190625 0.2827380953125 0.6674107140625 0.2824900796875 0.6654265875 0.2832341265625 0.6641865078125 0.281994046875 0.6602182546875001 0.27529761875 0.6599702375 0.27008928593750003 0.6612103171875 0.263144840625 0.65947420625 0.2614087296875 0.6552579359374999 0.26215277812500004 0.6495535718750001 0.26612103125000003 0.6478174609375 0.268601190625 0.6478174609375 0.28720238125 0.65029761875 0.2891865078125 0.6654265875 0.2948908734375 0.674355159375 0.2876984125
5 0.6316964281249999 0.318204365625 0.63467261875 0.3231646828125 0.6391369046875 0.327380953125 0.6416170640625001 0.328869046875 0.650545634375 0.327380953125 0.656498015625 0.325396825 0.65947420625 0.3229166671875 0.6626984125 0.3147321421875 0.6634424609375 0.30927579375 0.661954365625 0.3043154765625 0.6574900796875001 0.29737103125000003 0.6510416671875 0.29365079375 0.644097221875 0.294146825 0.6359126984375 0.29737103125000003 0.634424603125 0.2991071421875 0.6336805562500001 0.3023313484375 0.637152778125 0.30902777812500004 0.6359126984375 0.3112599203125 0.63095238125 0.3144841265625 0.6316964281249999 0.318204365625
5 0.6426091265625 0.6314484125 0.6443452375 0.6304563484375 0.6480654765625 0.6314484125 0.65625 0.625248015625 0.6612103171875 0.61904761875 0.659226190625 0.6158234125 0.656001984375 0.6148313484375 0.6240079359374999 0.6165674609375 0.6207837296875 0.6185515875 0.6210317453124999 0.6197916671875 0.6287202375 0.627480159375 0.6359126984375 0.6316964281249999 0.6426091265625 0.6314484125
5 0.6269841265625 0.6148313484375 0.6287202375 0.6140873015625 0.6304563484375 0.6113591265625 0.6331845234375 0.6111111109375 0.630704365625 0.603670634375 0.628472221875 0.6019345234375 0.624751984375 0.6006944437499999 0.6185515875 0.6019345234375 0.6168154765625 0.6004464281249999 0.6130952375 0.599454365625 0.609623015625 0.6011904765625 0.6011904765625 0.6014384921875 0.5954861109375 0.603670634375 0.58407738125 0.6051587296875 0.5798611109375 0.606894840625 0.58134920625 0.6113591265625 0.5979662703125 0.6197916671875 0.6113591265625 0.6168154765625 0.6269841265625 0.6148313484375
5 0.5947420640625001 0.57217261875 0.6051587296875 0.5729166671875 0.606398809375 0.57217261875 0.606398809375 0.5634920640625001 0.6009424609375 0.5357142859375 0.5982142859375 0.530505953125 0.593501984375 0.5267857140625 0.5920138890625 0.5230654765625 0.5887896828125 0.5228174609375 0.588045634375 0.5238095234375 0.5853174609375 0.544394840625 0.5868055562500001 0.5644841265625 0.5892857140625 0.5691964281249999 0.5947420640625001 0.57217261875
5 0.6289682546875001 0.578869046875 0.6302083328125 0.57762896875 0.6329365078125 0.5642361109375 0.6272321421875 0.5575396828125 0.624255953125 0.5558035718750001 0.621527778125 0.5558035718750001 0.6185515875 0.56572420625 0.612847221875 0.5704365078125 0.6130952375 0.5731646828125 0.6185515875 0.5796130953125 0.625 0.5798611109375 0.6289682546875001 0.578869046875
5 0.4310515875 0.48015872968749995 0.43303571406249997 0.478174603125 0.43799603125 0.456101190625 0.437251984375 0.4521329359375 0.43377976250000005 0.4541170640625 0.422123015625 0.4704861109375 0.41815476250000005 0.47842261875 0.419394840625 0.48065476250000005 0.4231150796875 0.48115079375 0.4310515875 0.48015872968749995
5 0.3335813484375 0.3333333328125 0.341021825 0.3303571421875 0.3489583328125 0.32465277812500004 0.3514384921875 0.32217261875 0.3519345234375 0.318204365625 0.3489583328125 0.3147321421875 0.343998015625 0.315228175 0.34027777812500004 0.3167162703125 0.325148809375 0.318204365625 0.3231646828125 0.3201884921875 0.32217261875 0.325644840625 0.321924603125 0.3301091265625 0.3231646828125 0.3323412703125 0.325644840625 0.3333333328125 0.3335813484375 0.3333333328125
5 0.3576388890625 0.3139880953125 0.359126984375 0.310019840625 0.3611111109375 0.3077876984375 0.3707837296875 0.30009920625 0.372023809375 0.29637896874999997 0.375248015625 0.2946428578125 0.372271825 0.294394840625 0.3697916671875 0.2926587296875 0.3606150796875 0.2929067453125 0.3546626984375 0.29737103125000003 0.35069444375000003 0.306795634375 0.35044642812500004 0.3107638890625 0.3514384921875 0.3139880953125 0.3551587296875 0.315476190625 0.3576388890625 0.3139880953125
5 0.2921626984375 0.2209821421875 0.2988591265625 0.224950396875 0.3043154765625 0.22395833281250002 0.3110119046875 0.22470238125000003 0.313244046875 0.22123015937499999 0.31299603125000003 0.215773809375 0.31572420625 0.212549603125 0.31696428593750003 0.209325396875 0.31572420625 0.2053571421875 0.31597222187499996 0.2021329359375 0.32118055624999997 0.1855158734375 0.3201884921875 0.181299603125 0.32217261875 0.177579365625 0.3167162703125 0.17509920625 0.3137400796875 0.17534722187500001 0.3107638890625 0.17261904687500002 0.3077876984375 0.17162698437499999 0.30555555624999997 0.1738591265625 0.3053075390625 0.17782738125 0.3023313484375 0.1852678578125 0.3043154765625 0.18923611093749998 0.30357142812500004 0.1912202375 0.299355159375 0.1929563484375 0.296626984375 0.1956845234375 0.29340277812500004 0.1966765875 0.287450396875 0.20362103125000003 0.28472222187499996 0.2095734125 0.2867063484375 0.2142857140625 0.291170634375 0.21602182499999997 0.2921626984375 0.2209821421875
5 0.2581845234375 0.1783234125 0.26116071406249997 0.17782738125 0.2638888890625 0.1738591265625 0.2619047625 0.1703869046875 0.262896825 0.16865079375 0.271825396875 0.1669146828125 0.28174603125000003 0.1676587296875 0.2829861109375 0.166170634375 0.281498015625 0.1577380953125 0.2708333328125 0.1547619046875 0.2636408734375 0.15451388906250002 0.2581845234375 0.15575396875 0.25322420625 0.15798611093749998 0.2517361109375 0.162946428125 0.2512400796875 0.16592261875 0.2522321421875 0.17435515937499999 0.2549603171875 0.17782738125 0.2581845234375 0.1783234125
5 0.2347829859375 0.20684449374999997 0.23933531718749998 0.21626984062500001 0.2452876984375 0.23164682499999997 0.2455357140625 0.23611111093749998 0.2514880953125 0.24801587343749998 0.252480159375 0.2485119046875 0.2549603171875 0.2445436515625 0.2584325390625 0.23263888906250002 0.2581845234375 0.2199900796875 0.2591765875 0.2165178578125 0.25892857187499996 0.20982142812500001 0.2574404765625 0.2053571421875 0.2581845234375 0.1949404765625 0.255704365625 0.1906001984375 0.2552083328125 0.1855158734375 0.25347222187499996 0.184771825 0.252480159375 0.18154761875 0.25049603125000003 0.1798115078125 0.24330357187499999 0.17906746093749998 0.230902778125 0.1825396828125 0.2289186515625 0.1837797625 0.22594246093749998 0.18799603125 0.22544642812500001 0.193204365625 0.228174603125 0.19990079375 0.2289186515625 0.20634920625 0.2347829859375 0.20684449374999997
5 0.2299107140625 0.3345734125 0.23189484062500001 0.3397817453125 0.23487103125000003 0.3417658734375 0.24032738125000003 0.3382936515625 0.2420634921875 0.333829365625 0.243799603125 0.312251984375 0.25 0.2748015875 0.24950396874999997 0.2710813484375 0.25410119062500003 0.2506634421875 0.2394947921875 0.2501922125 0.2244171625 0.24830753906249997 0.22619047656250002 0.275545634375 0.228174603125 0.2829241078125 0.2289186515625 0.294394840625 0.2299107140625 0.3345734125
5 0.299603175 0.31845238125 0.30133928593750003 0.31299603125000003 0.3053075390625 0.3125 0.3102678578125 0.3102678578125 0.31150793593750004 0.3048115078125 0.327380953125 0.281001984375 0.3303571421875 0.2792658734375 0.3360615078125 0.2703373015625 0.3397817453125 0.2671130953125 0.3422619046875 0.262896825 0.3459821421875 0.25967261875 0.3572876984375 0.261029265625 0.35243055624999997 0.2487599203125 0.349454365625 0.24305555625 0.34474206406249996 0.24131944375 0.344494046875 0.24007936562499999 0.34027777812500004 0.2380952375 0.3373015875 0.2388392859375 0.33482142812500004 0.2366071421875 0.330853175 0.2366071421875 0.32666170625 0.23511483125 0.32862103125000003 0.24404761874999997 0.327380953125 0.24751984062500001 0.3234126984375 0.2542162703125 0.31944444375000003 0.2571924609375 0.3137400796875 0.266369046875 0.3102678578125 0.2770337296875 0.3020833328125 0.2834821421875 0.2988591265625 0.2916666671875 0.29637896874999997 0.2946428578125 0.2896825390625 0.2991071421875 0.2876984125 0.30555555624999997 0.284226190625 0.31150793593750004 0.2834821421875 0.314980159375 0.28447420625 0.31845238125 0.29365079375 0.32142857187499996 0.299603175 0.31845238125
5 0.372519840625 0.25446428593750003 0.377976190625 0.2552083328125 0.3804563484375 0.25868055624999997 0.38095238125 0.268105159375 0.3831845234375 0.2790178578125 0.3826884921875 0.2832341265625 0.3834325390625 0.284226190625 0.38740079375 0.2849702375 0.3923611109375 0.28174603125000003 0.3998015875 0.2800099203125 0.40054563437499996 0.2792658734375 0.40054563437499996 0.2748015875 0.3983134921875 0.26240079375 0.3983134921875 0.2554563484375 0.400049603125 0.249751984375 0.403273809375 0.2452876984375 0.4045138890625 0.240575396875 0.40401785781250005 0.2390873015625 0.40178571406249997 0.23710317500000003 0.3980654765625 0.23611111093749998 0.3841765875 0.23611111093749998 0.3772321421875 0.2380952375 0.372519840625 0.240575396875 0.3685515875 0.2460317453125 0.36805555624999997 0.24826388906250002 0.3695436515625 0.250744046875 0.37152777812500004 0.2514880953125 0.372519840625 0.25446428593750003
5 0.414299603125 0.28788616093749997 0.41995362031249994 0.282703125 0.42534722187499996 0.2765376984375 0.4293154765625 0.2733134921875 0.43303571406249997 0.2676091265625 0.4325396828125 0.2633928578125 0.428075396875 0.2576884921875 0.42534722187499996 0.25694444375000003 0.41617063437499996 0.25694444375000003 0.4079861109375 0.2601686515625 0.4047619046875 0.259920634375 0.40203372968749995 0.2633928578125 0.40178571406249997 0.268105159375 0.4154265875 0.278521825 0.4164186515625 0.2832341265625 0.414299603125 0.28788616093749997
5 0.3737599203125 0.3787202375 0.37822420625 0.38095238125 0.3804563484375 0.3799603171875 0.38467261875 0.38095238125 0.3928571421875 0.3762400796875 0.396329365625 0.3762400796875 0.3983134921875 0.3727678578125 0.4045138890625 0.36904761875 0.4236111109375 0.34821428593750003 0.42534722187499996 0.3449900796875 0.42633928593750003 0.33779761875 0.42534722187499996 0.3303571421875 0.42261904687499996 0.327380953125 0.419394840625 0.328869046875 0.41319444375 0.338045634375 0.41046627031250005 0.3395337296875 0.372519840625 0.3769841265625 0.3737599203125 0.3787202375
5 0.3290173609375 0.43960342187499996 0.33705357187499996 0.428075396875 0.3511904765625 0.4268353171875 0.3541666671875 0.42757936562500004 0.36383928593750003 0.4270833328125 0.3675595234375 0.428075396875 0.372519840625 0.42609127031250005 0.3789682546875 0.4265873015625 0.38616071406249997 0.424603175 0.387896825 0.424851190625 0.3891369046875 0.42757936562500004 0.393105159375 0.42782738125 0.39384920625 0.4273313484375 0.3923611109375 0.424603175 0.3985615078125 0.421875 0.4015376984375 0.4228670640625 0.4047619046875 0.42261904687499996 0.4072420640625 0.42385912656249997 0.40997023749999995 0.42237103125 0.4139384921875 0.42385912656249997 0.419394840625 0.4231150796875 0.42137896875 0.421875 0.42509920625 0.4233630953125 0.4268353171875 0.42261904687499996 0.4310515875 0.4233630953125 0.43377976250000005 0.42137896875 0.43700396875 0.422123015625 0.4456845234375 0.41989087343750003 0.4476686515625 0.412450396875 0.446924603125 0.4079861109375 0.4456845234375 0.40674603125 0.424603175 0.4074900796875 0.419146825 0.40848214218749995 0.40699404687499996 0.4074900796875 0.3998015875 0.409226190625 0.3928571421875 0.408730159375 0.390625 0.4077380953125 0.38740079375 0.408978175 0.3802083328125 0.4077380953125 0.37549603125000003 0.40848214218749995 0.3668154765625 0.4079861109375 0.3635912703125 0.408978175 0.3541666671875 0.4079861109375 0.3459821421875 0.41021825468750006 0.34375 0.409226190625 0.3382936515625 0.40947420625 0.3285463796875 0.3957844734375 0.3238345734375 0.3981403765625 0.32465277812500004 0.4077380953125 0.325396825 0.42385912656249997 0.32760391875 0.43300694375 0.3290173609375 0.43960342187499996
5 0.3425099203125 0.4578373015625 0.34486607187499996 0.45374503906249997 0.3479662703125 0.4543650796875 0.3489583328125 0.45684523749999995 0.3519345234375 0.45684523749999995 0.3529265875 0.45535714218749995 0.3521825390625 0.44717261875 0.34970238125 0.44171627031250005 0.34027777812500004 0.43154761875 0.33134920625 0.43551587343750003 0.3293650796875 0.43973214218749995 0.32490079375 0.4429563484375 0.32366071406249997 0.4451884921875 0.3231646828125 0.45882936562500004 0.325644840625 0.462053571875 0.3373015875 0.4608134921875 0.3425099203125 0.4578373015625
5 0.375 0.45089285781250005 0.37822420625 0.4513888890625 0.38169642812500004 0.450396825 0.384424603125 0.45114087343750003 0.3869047625 0.44990079375 0.390625 0.45114087343750003 0.393353175 0.44990079375 0.403769840625 0.45114087343750003 0.4109623015625 0.44965277812500004 0.412946428125 0.45114087343750003 0.415674603125 0.45114087343750003 0.4265873015625 0.44915674531249994 0.431299603125 0.44990079375 0.437251984375 0.446924603125 0.439980159375 0.44320436562500004 0.440476190625 0.4392361109375 0.44351215312500003 0.43536284687500004 0.434523809375 0.43328372968749995 0.4300595234375 0.43353174531249994 0.428075396875 0.43154761875 0.422123015625 0.4310515875 0.4166666671875 0.4327876984375 0.4047619046875 0.4310515875 0.3747212296875 0.43489161718749997 0.36529761875 0.42876636875 0.3578869046875 0.4300595234375 0.356894840625 0.43154761875 0.3573908734375 0.43402777812500004 0.35615079375 0.43948412656249997 0.35590277812500004 0.44890872968749995 0.3578869046875 0.4583333328125 0.36259920625 0.4548611109375 0.375 0.45089285781250005
5 0.24032738125000003 0.5037202375 0.2388392859375 0.52157738125 0.23685515937499999 0.52529761875 0.23611111093749998 0.53174603125 0.2385912703125 0.5446428578125 0.240575396875 0.54737103125 0.264880953125 0.546130953125 0.2710813484375 0.5431547625 0.2730654765625 0.5391865078125 0.2733134921875 0.5329861109375 0.27157738125 0.525049603125 0.2643849203125 0.5171130953125 0.25967261875 0.514880953125 0.25694444375000003 0.5106646828125 0.2571924609375 0.5054563484375 0.255704365625 0.5022321421875 0.25595238125 0.49776785781250005 0.2559858625 0.47918179531250005 0.25551463281250003 0.4598638390625 0.247023809375 0.45882936562500004 0.2435515875 0.45734127031250005 0.2388392859375 0.4585813484375 0.234126984375 0.46279761875 0.234375 0.47867063437499996 0.2358630953125 0.48387896875 0.23710317500000003 0.49801587343750003 0.24032738125000003 0.5037202375
5 0.297619046875 0.547123015625 0.3077876984375 0.5607638890625 0.3110119046875 0.5691964281249999 0.31696428593750003 0.5739087296875 0.318700396875 0.577380953125 0.3196924609375 0.583829365625 0.3266369046875 0.5954861109375 0.3320932546875 0.599454365625 0.33482142812500004 0.599950396875 0.34027777812500004 0.5987103171875 0.34697420625 0.5922619046875 0.3492063484375 0.5887896828125 0.3519345234375 0.5873015875 0.3576388890625 0.5798611109375 0.35044642812500004 0.577876984375 0.3459821421875 0.572420634375 0.3328373015625 0.5602678578125 0.3231646828125 0.546626984375 0.3070436515625 0.528769840625 0.3050595234375 0.5235615078125 0.299603175 0.5168650796875001 0.294394840625 0.5173611109375 0.2891865078125 0.521329365625 0.28571428593750003 0.5292658734375 0.2891865078125 0.5394345234375 0.294394840625 0.5453869046875 0.297619046875 0.547123015625
5 0.28720238125 0.131200396875 0.3015873015625 0.130704365625 0.30555555624999997 0.125 0.3082837296875 0.1230158734375 0.30902777812500004 0.1111111109375 0.3060515875 0.105902778125 0.3060515875 0.091021825 0.306795634375 0.087549603125 0.3107638890625 0.07986111093750001 0.31200396874999997 0.072420634375 0.3167162703125 0.065476190625 0.318204365625 0.0605158734375 0.3177083328125 0.05481150781250001 0.3147321421875 0.04737103125 0.3125 0.0446428578125 0.3050595234375 0.0446428578125 0.3020833328125 0.0486111109375 0.2991071421875 0.055555556250000006 0.29786706406249996 0.06374007968749999 0.29588293593750004 0.06770833281250001 0.2953869046875 0.0731646828125 0.28819444375000003 0.0957341265625 0.281001984375 0.09895833281250001 0.278273809375 0.10342261875 0.2757936515625 0.11383928593749999 0.275545634375 0.1202876984375 0.27678571406249997 0.12450396875 0.2824900796875 0.1304563484375 0.28720238125 0.131200396875
5 0.2460317453125 0.177579365625 0.2487599203125 0.1698908734375 0.250248015625 0.1617063484375 0.2519841265625 0.15699404687500002 0.2549603171875 0.1540178578125 0.2564484125 0.1460813484375 0.2591765875 0.13988095312499998 0.2638888890625 0.134424603125 0.266369046875 0.12946428593749998 0.27008928593750003 0.12847222187500001 0.27157738125 0.124255953125 0.2728174609375 0.1232638890625 0.275049603125 0.11160714218750001 0.2740575390625 0.1078869046875 0.2695932546875 0.10292658750000001 0.2616567453125 0.09895833281250001 0.25322420625 0.09697420625 0.24925595312499998 0.099454365625 0.24950396874999997 0.1103670640625 0.24503968281250002 0.11507936562500001 0.24503968281250002 0.1272321421875 0.2423115078125 0.1326884921875 0.23635912656250002 0.153273809375 0.2331349203125 0.1604662703125 0.2301587296875 0.1741071421875 0.2296626984375 0.178075396875 0.23189484062500001 0.1810515875 0.243799603125 0.17881944375 0.2460317453125 0.177579365625
5 0.35069146875 0.153601934375 0.356816715625 0.15124627968749998 0.363412946875 0.14700570468750002 0.3764880953125 0.15029761875 0.377976190625 0.14930555625 0.3814484125 0.1498015875 0.3841765875 0.1483134921875 0.393353175 0.1498015875 0.3970734125 0.1483134921875 0.3988095234375 0.146329365625 0.4012896828125 0.1386408734375 0.40203372968749995 0.131200396875 0.39955357187499996 0.1299603171875 0.37450396874999997 0.131200396875 0.36830357187499996 0.1299603171875 0.36199950468750003 0.1281587296875 0.36011483125 0.1210912703125 0.3455084328125 0.11920659687499999 0.34325396874999997 0.1240079359375 0.34052579375 0.13095238125 0.340773809375 0.1386408734375 0.34325396874999997 0.1458333328125 0.3445662203125 0.15077505 0.35069146875 0.153601934375
5 0.4310515875 0.1421130953125 0.43402777812500004 0.1418650796875 0.44146825468750006 0.143601190625 0.4454365078125 0.14310515937499999 0.4481646828125 0.1383928578125 0.4484126984375 0.13467261875 0.4456845234375 0.1324404765625 0.4300595234375 0.13194444375 0.424851190625 0.1326884921875 0.42410714218749995 0.1341765875 0.424603175 0.13888888906250002 0.428075396875 0.146329365625 0.4310515875 0.1421130953125
5 0.3891369046875 0.11904761875 0.3943452375 0.1202876984375 0.3958333328125 0.121527778125 0.3988095234375 0.12127976250000001 0.40393377968750005 0.11779290625000001 0.41712648750000003 0.124389384375 0.4310515875 0.1304563484375 0.44593253906249997 0.131696428125 0.44866071406249997 0.130704365625 0.450148809375 0.1272321421875 0.46006944375 0.13095238125 0.46155753906249997 0.1302083328125 0.46155753906249997 0.12375992031250001 0.4585813484375 0.12202380937499999 0.45659722187499996 0.11929563437499999 0.4543650796875 0.11904761875 0.44866071406249997 0.115575396875 0.43824404687499996 0.112847221875 0.43402777812500004 0.11061507968749999 0.428075396875 0.10987103125 0.421875 0.10689484062500001 0.4074900796875 0.102678571875 0.403521825 0.0987103171875 0.40178571406249997 0.09548611093750001 0.3988095234375 0.09474206406249999 0.3978174609375 0.09548611093750001 0.3958333328125 0.09325396875 0.3960813484375 0.0915178578125 0.3841765875 0.09052579375 0.38169642812500004 0.0917658734375 0.3772321421875 0.11061507968749999 0.3787202375 0.11532738125 0.387648809375 0.11755952343750001 0.3891369046875 0.11904761875
5 0.6227678578125 0.14037698437499999 0.63095238125 0.1453373015625 0.63740079375 0.146329365625 0.6507936515625 0.1453373015625 0.652777778125 0.146329365625 0.656994046875 0.146329365625 0.6636904765625 0.1485615078125 0.6654265875 0.1507936515625 0.6770833328125 0.15277777812499999 0.6803075390625 0.1520337296875 0.6830357140625 0.1470734125 0.6837797625 0.130704365625 0.681299603125 0.12549603125 0.67782738125 0.12375992031250001 0.668898809375 0.12475198437499999 0.6654265875 0.1240079359375 0.6617063484375 0.12599206406250002 0.659226190625 0.12549603125 0.6542658734375 0.127976190625 0.651165675 0.12822420625 0.6428571421875 0.1264880953125 0.6185515875 0.12599206406250002 0.609126984375 0.1232638890625 0.6009424609375 0.12524801562500001 0.5989583328125 0.1314484125 0.5987103171875 0.134920634375 0.6009424609375 0.1393849203125 0.60615079375 0.140625 0.6227678578125 0.14037698437499999
5 0.5582837296875 0.387648809375 0.5580357140625 0.40401785781250005 0.559027778125 0.40823412656249997 0.55927579375 0.4283234125 0.562251984375 0.47470238125 0.565972221875 0.481398809375 0.5711805562500001 0.4833829359375 0.574652778125 0.4833829359375 0.5771329359374999 0.48214285781250005 0.5803571421875 0.47867063437499996 0.581101190625 0.474950396875 0.58134920625 0.4546130953125 0.5796130953125 0.446924603125 0.5796130953125 0.42385912656249997 0.578869046875 0.4208829359375 0.5801091265625 0.4079861109375 0.578125 0.40401785781250005 0.577876984375 0.400049603125 0.578869046875 0.3928571421875 0.57862103125 0.38392857187499996 0.5796130953125 0.38095238125 0.5828373015625 0.3789682546875 0.5860615078125 0.374751984375 0.5870535718750001 0.3727678578125 0.5868055562500001 0.369295634375 0.5855654765625 0.3670634921875 0.5803571421875 0.36284722187499996 0.5691964281249999 0.3608630953125 0.5558035718750001 0.36259920625 0.549851190625 0.36805555624999997 0.549851190625 0.3730158734375 0.5523313484375 0.377976190625 0.556795634375 0.3829365078125 0.5582837296875 0.387648809375
5 0.527777778125 0.40550595312500004 0.53075396875 0.40972222187499996 0.53125 0.4077380953125 0.5302579359374999 0.40426587343750003 0.5401785718750001 0.3998015875 0.5424107140625 0.4015376984375 0.5510912703125 0.40302579375 0.5540674609375 0.4050099203125 0.5550595234375 0.4047619046875 0.5570436515625 0.403769840625 0.5575396828125 0.4015376984375 0.5570436515625 0.390376984375 0.5540674609375 0.3866567453125 0.5510912703125 0.38467261875 0.54737103125 0.38467261875 0.5456349203124999 0.3869047625 0.5424107140625 0.38715277812500004 0.5394345234375 0.38616071406249997 0.5349702375 0.38194444375000003 0.528769840625 0.372271825 0.5272817453124999 0.3712797625 0.525049603125 0.3735119046875 0.5248015875 0.3767361109375 0.5171130953125 0.40178571406249997 0.5168650796875001 0.4079861109375 0.51884920625 0.40947420625 0.52157738125 0.4074900796875 0.527777778125 0.40550595312500004
5 0.5114087296875 0.4293154765625 0.5168650796875001 0.4270833328125 0.5195932546875001 0.42757936562500004 0.521825396875 0.4268353171875 0.5248015875 0.42881944375 0.534226190625 0.4283234125 0.543898809375 0.4298115078125 0.5505952375 0.428571428125 0.5570436515625 0.4293154765625 0.5580357140625 0.42757936562500004 0.5580357140625 0.42237103125 0.55654761875 0.41790674531249994 0.537450396875 0.4126984125 0.5367063484375 0.4114583328125 0.5324900796875001 0.4139384921875 0.5225694437499999 0.4139384921875 0.5168650796875001 0.41021825468750006 0.508533978125 0.3990825890625 0.5044642859375 0.40277777812500004 0.5042162703125 0.403769840625 0.50322420625 0.4154265875 0.5037202375 0.4228670640625 0.5101686515625 0.4310515875 0.5114087296875 0.4293154765625
5 0.486855159375 0.43055555625 0.4923115078125 0.44320436562500004 0.49652777812500004 0.44965277812500004 0.49677579375 0.45510912656249997 0.5 0.4585813484375 0.49925595312500004 0.4610615078125 0.49578372968749995 0.4623015875 0.4952876984375 0.4632936515625 0.4947916671875 0.4704861109375 0.49553571406249997 0.47296627031250005 0.4982638890625 0.4751984125 0.5047123015625 0.47569444375 0.5084325390625 0.47445436562500004 0.5091765875 0.47296627031250005 0.5104166671875 0.47271825468750006 0.5116567453124999 0.47445436562500004 0.5136408734375 0.47470238125 0.519097221875 0.47197420625 0.5228174609375 0.46825396875 0.5248015875 0.4677579359375 0.531498015625 0.459821428125 0.5322420640625001 0.452876984375 0.53125 0.44965277812500004 0.52802579375 0.4456845234375 0.5248015875 0.446428571875 0.5220734125 0.44469246093750003 0.518105159375 0.4454365078125 0.515376984375 0.44444444375 0.512152778125 0.43948412656249997 0.5119047625 0.43526785781250005 0.5084325390625 0.4327876984375 0.5012400796875001 0.41989087343750003 0.4990079359375 0.41815476250000005 0.49553571406249997 0.40997023749999995 0.4908234125 0.403273809375 0.48660714218749995 0.393601190625 0.484126984375 0.39012896874999997 0.4774365078125 0.3778799609375 0.474950396875 0.3866567453125 0.4742063484375 0.3918650796875 0.47470238125 0.40972222187499996 0.4826388890625 0.42509920625 0.4833829359375 0.4283234125 0.486855159375 0.43055555625
5 0.5084325390625 0.3926091265625 0.5111607140625 0.3866567453125 0.5233134921875 0.36904761875 0.5245535718750001 0.36383928593750003 0.5297619046875 0.356894840625 0.5257936515625 0.3541666671875 0.521825396875 0.3539186515625 0.5138888890625 0.3571428578125 0.5017361109375 0.375248015625 0.49776785781250005 0.3769841265625 0.49652777812500004 0.3802083328125 0.4925595234375 0.384424603125 0.4890873015625 0.3923611109375 0.4895833328125 0.3985615078125 0.4923115078125 0.4045138890625 0.49553571406249997 0.40674603125 0.5084325390625 0.3926091265625
5 0.28794642812500004 0.6708829359374999 0.294883184375 0.6672916671875 0.30324305625000003 0.66699305625 0.2978688 0.6586334328125 0.294394840625 0.6542658734375 0.2904265875 0.6512896828125 0.28720238125 0.65029761875 0.28174603125000003 0.650545634375 0.2797619046875 0.6547619046875 0.2775297625 0.665674603125 0.2775297625 0.6708829359374999 0.278769840625 0.6731150796875001 0.28794642812500004 0.6708829359374999
5 0.3578869046875 0.7901785718750001 0.3640873015625 0.786954365625 0.37053571406249997 0.7638888890625 0.3735119046875 0.7485119046875 0.3769841265625 0.7204861109375 0.37847222187499996 0.7167658734375 0.3814484125 0.6852678578125 0.3883928578125 0.6698908734375 0.38740079375 0.666170634375 0.3834325390625 0.6641865078125 0.3695436515625 0.6607142859375 0.3658234125 0.6607142859375 0.3633432546875 0.661954365625 0.3648313484375 0.6666666671875 0.3678075390625 0.6698908734375 0.36830357187499996 0.6860119046875 0.3640873015625 0.7008928578125 0.36383928593750003 0.7075892859375 0.3616071421875 0.7137896828125 0.3611111109375 0.72197420625 0.3576388890625 0.740079365625 0.35491071406249997 0.7480158734375 0.3519345234375 0.7633928578125 0.3474702375 0.77529761875 0.34697420625 0.7832341265625 0.3477182546875 0.786954365625 0.3489583328125 0.7881944437499999 0.3578869046875 0.7901785718750001
5 0.3521872515625 0.8233668156249999 0.35615550625000003 0.8233668156249999 0.36136383906249997 0.8193985609375 0.363347965625 0.8114620531250001 0.36682018906249997 0.8057576890625 0.3712844734375 0.804021578125 0.3762447921875 0.79881324375 0.3854213796875 0.7945969734375 0.3886455859375 0.792116815625 0.390381696875 0.789140625 0.39434995 0.7881485609375 0.39658209375000003 0.7851723703125 0.4012943953125 0.78219618125 0.4062547125 0.7807080859375 0.40997494999999995 0.7754997515625 0.412951140625 0.773763640625 0.41791145781249994 0.77301959375 0.41989558593750004 0.76756324375 0.4293201890625 0.76384300625 0.437 0.7601453375 0.43759697343750004 0.7562638890625 0.43700868125000003 0.7544184031250001 0.44097693437499996 0.7541703875 0.443705109375 0.751194196875 0.4518896328125 0.74921006875 0.452881696875 0.7440017359375 0.451928075 0.7380515875 0.44744965312499996 0.732080109375 0.436402778125 0.7365587796875 0.41493526718749996 0.7539223703125 0.412951140625 0.757890625 0.40873487031250005 0.758634671875 0.403278521875 0.7623549109375001 0.4010463796875 0.7655791171875 0.390877728125 0.770539434375 0.3886455859375 0.773267609375 0.38467733125 0.7747557046875 0.37450868125 0.782444196875 0.372028521875 0.7856684031250001 0.36830828437499996 0.7876525296875 0.366572171875 0.789884671875 0.356899553125 0.7936049109375001 0.3464828875 0.7901326890625 0.3387943953125 0.789140625 0.3373063 0.7906287203125 0.3363142359375 0.792116815625 0.33780233125 0.8035255453125 0.344498759375 0.8166703875 0.3521872515625 0.8233668156249999
5 0.28272247031250003 0.8210240578124999 0.284508928125 0.84680084375 0.27685243125 0.8570091765625 0.2748107640625 0.862113590625 0.2786388890625 0.8664521328125 0.286805803125 0.867472965625 0.296248759375 0.8656865078125 0.309009425 0.8595615078125001 0.31692113125 0.8531810515625 0.3194732140625 0.8478216765625 0.304415675 0.8409308031249999 0.29880084375 0.8074977671875001 0.292420634375 0.8092842265625 0.2862953875 0.8128571421874999 0.28272247031250003 0.8210240578124999
5 0.291399553125 0.8758950890625 0.3054365078125 0.87334300625 0.31283755 0.8690044640625001 0.31283755 0.859051090625 0.302373759375 0.8654313 0.2771076390625 0.867472965625 0.27532118125 0.8728325890624999 0.28068055625 0.8753846718749999 0.291399553125 0.8758950890625
5 0.23525247968750002 0.838633928125 0.2329556046875 0.8450141375 0.24010168593749998 0.8442485124999999 0.2408673109375 0.8478216765625 0.24239856093749998 0.86083755 0.249289434375 0.862879215625 0.250820684375 0.8603271328125001 0.2477579359375 0.8529258437499999 0.2490342265625 0.8457797625 0.254648809375 0.838633928125 0.257711309375 0.829190971875 0.256945684375 0.8228105156250001 0.2487787703125 0.820513640625 0.2370389390625 0.814133184375 0.23372122968750003 0.8161750984375 0.23474206406250003 0.8220448906250001 0.23525247968750002 0.838633928125
5 0.212283234375 0.772023065625 0.22147098281250002 0.7717678578125 0.2306587296875 0.7697259421875 0.23525247968750002 0.7322095734375 0.2329556046875 0.731188740625 0.2245334828125 0.7227666171875 0.22121577343749999 0.7174072421875 0.2207053578125 0.7107715781249999 0.223257440625 0.7087299109375 0.2329556046875 0.7064330359375 0.2395912703125 0.6918856640625 0.24112252031249998 0.6898439984375 0.237294146875 0.6903544140625 0.2339764390625 0.68550545625 0.23346602187499998 0.6788697921875 0.2393360609375 0.6694268359375 0.2283618546875 0.6581974203125001 0.2283618546875 0.649775296875 0.2260647328125 0.65156175625 0.2196845234375 0.6530932546875 0.2258095234375 0.6602390875 0.22402306562500002 0.6638122515625 0.213814484375 0.760283234375 0.212283234375 0.772023065625
5 0.238059771875 0.73093353125 0.23372122968750003 0.7704915671875 0.2385704359375 0.772788690625 0.246737103125 0.775851190625 0.2469923109375 0.7827420640625 0.23984647812499998 0.7921847718749999 0.234231646875 0.8067321421875 0.2360181046875 0.8090290171875001 0.2408673109375 0.8077529765625 0.250055059375 0.7980548109375001 0.2551592265625 0.7314439484374999 0.249289434375 0.7291470734375001 0.24571627031249998 0.7319543656249999 0.238059771875 0.73093353125
5 0.2740451390625 0.7360376984375 0.2732795140625 0.733485615625 0.2699615578125 0.72684995 0.27225868124999997 0.7174072421875 0.27225868124999997 0.7125580359375 0.2635813484375 0.71051636875 0.2543936015625 0.7174072421875 0.253883184375 0.7222562 0.253883184375 0.7278707843750001 0.25924255937499996 0.728891865625 0.2635813484375 0.73246478125 0.2653678078125 0.7383345734375 0.2740451390625 0.7360376984375
5 0.3021185515625 0.7865701890625 0.30262896875 0.7921847718749999 0.301608134375 0.8003516859375001 0.30365005 0.8021381453125 0.30569171562499997 0.7990756453125 0.305946925 0.7832524796875 0.307478175 0.73858978125 0.2870610125 0.716130953125 0.28731622031250004 0.773554315625 0.296248759375 0.7768720234375001 0.300076884375 0.7817209828125 0.3021185515625 0.7865701890625
5 0.3253432546875 0.762580109375 0.3337651296875 0.75747569375 0.34576016875 0.746756696875 0.3503541671875 0.739100446875 0.34627083281250004 0.7337408234375 0.3368278765625 0.724042659375 0.3307026296875 0.72863665625 0.24597147812500003 0.6456919640625001 0.23525247968750002 0.6456919640625001 0.229637896875 0.65156175625 0.2298931046875 0.6576870046875001 0.31538988125 0.7449702375 0.30977505 0.74981944375 0.31794196406249997 0.7579861109375 0.3253432546875 0.762580109375
5 0.40706175624999996 0.8382420640625 0.40005307500000004 0.8335694437500001 0.39584771875 0.832790675 0.4058157234375 0.8438489578124999 0.391175346875 0.837619046875 0.392888640625 0.8401108625000001 0.39756101250000003 0.8415126484375 0.40005307500000004 0.8426029265625001 0.40316790625000004 0.8455622515625001 0.40363516875 0.8483655750000001 0.40363516875 0.8485213296874999 0.4033236609375 0.8519479171875 0.41282440468750004 0.8513249015625 0.4126686515625 0.8498063 0.41157837343750003 0.844627728125 0.40706175624999996 0.8382420640625
5 0.3910084328125 0.753378471875 0.3952859625 0.7480314984375 0.4131979171875 0.653926090625 0.4273673109375 0.6437671125 0.4281693953125 0.6370833328125001 0.42389186562500003 0.6306671625 0.41212872031250003 0.627459078125 0.399830853125 0.627191715625 0.3864635421875 0.6309345234375 0.3880677078125 0.6397569437499999 0.39688988125 0.6443015875 0.3960880453125 0.6491138390625 0.3744330359375 0.7515071921875001 0.38004712343749997 0.756319196875 0.38592881874999996 0.75525 0.3910084328125 0.753378471875
5 0.4022368546875 0.7469623015625 0.47816294687500005 0.6777197421875 0.4819057546875 0.6723730156250001 0.501421875 0.67691790625 0.501421875 0.6707688484375 0.49741170625000003 0.6595404265625 0.475756696875 0.6429650296875 0.4744201390625 0.6606098703125001 0.40036557500000003 0.7258420140624999 0.395820684375 0.7418826890625 0.3966225203125 0.74375396875 0.4022368546875 0.7469623015625
5 0.456100446875 0.770641865625 0.4607671125 0.7786416171874999 0.47054439531250003 0.7877524796875 0.48054414687499997 0.790863590625 0.48743278749999996 0.79064136875 0.4894327875 0.7890858140625 0.4865438984375 0.7728640875 0.5429866078125001 0.6884223703125001 0.5467641375000001 0.6815337296874999 0.544764384375 0.6790892859375 0.54009771875 0.67531175625 0.5367646328125 0.6724228671875 0.5312090781250001 0.671978421875 0.47187772812500006 0.761975446875 0.4552115578125 0.7628643359375 0.45387822343749995 0.7668643359375 0.456100446875 0.770641865625
5 0.5427864578125 0.8543412703125 0.54466319375 0.8614732140625 0.547290921875 0.866728421875 0.5673730156250001 0.865226934375 0.5690622515625 0.8635376984375001 0.5647455359375 0.8642884421874999 0.5581765875 0.8631624499999999 0.555361359375 0.8614732140625 0.5532966265625 0.85771949375 0.5516076390625 0.8537782734375 0.5519828875 0.848710565625 0.5566750984375 0.8419541171875 0.545226190625 0.843080109375 0.543537203125 0.847209325 0.5427864578125 0.8543412703125
5 0.5739419640625 0.86241170625 0.57957266875 0.8642884421874999 0.5827631453125 0.8571564984375 0.583889384375 0.853402778125 0.5876431046875 0.8517135421875001 0.6067869546875 0.8483353171875001 0.5981532734375 0.8344466765625 0.5943998015624999 0.8305052078124999 0.582387896875 0.8312559531250001 0.5773204359374999 0.8282529765625 0.5709389875 0.82449925625 0.56868675625 0.8218717765625 0.5671855156250001 0.8372619046875001 0.5668100203125 0.8423293656249999 0.56925 0.8545290171875 0.5739419640625 0.86241170625
5 0.6358779765625 0.8881245046874999 0.6439484125 0.8817433031249999 0.649954365625 0.87667584375 0.6510806046875001 0.8731096234375 0.640382440625 0.865977678125 0.6345642359375 0.86241170625 0.5801356640625001 0.7565575390625 0.571314484375 0.7614372515625 0.565684028125 0.7648154765624999 0.5668100203125 0.7687569437499999 0.6195493546875 0.8755496031250001 0.6139188984375 0.8943182046875 0.621238590625 0.895444196875 0.6358779765625 0.8881245046874999
5 0.5681237593749999 0.79334375 0.5731912203125 0.7862115578125 0.5743174609375 0.783959325 0.5703759921875 0.779642609375 0.565871528125 0.778891865625 0.5636192953125 0.786587053125 0.5636192953125 0.79259300625 0.5681237593749999 0.79334375
5 0.46123338281250004 0.8016520343750001 0.46633060468750004 0.7967306546875 0.46439707343750003 0.79233680625 0.46017881875000005 0.7904032734374999 0.45086334375000003 0.7900518359375 0.4471723703125 0.7921609625 0.44471180625000006 0.7949732140625 0.4434813984375 0.7976096234375001 0.4448874015625 0.8018278765625 0.4505119046875 0.802355159375 0.4534997515625 0.8039370046875 0.45560887968749997 0.825731646875 0.45824553593750006 0.8288953375 0.46088194375 0.816240328125 0.46123338281250004 0.8016520343750001
5 0.44506324375000006 0.802355159375 0.4431299609375 0.79883978125 0.4431299609375 0.795676090625 0.4459419640625 0.794621528125 0.4464692453125 0.7911063984375 0.4478754953125 0.7868881453125 0.4505119046875 0.781439484375 0.46140922656249994 0.7802090781250001 0.45332415625 0.7719481640625 0.45262103124999997 0.7726512890625 0.44822693437499994 0.7745845734375 0.44172371093749996 0.7793303578125 0.4390873015625 0.7854818953125 0.43803273750000005 0.7937428078125001 0.44172371093749996 0.8018278765625 0.446996528125 0.8085066968750001 0.45262103124999997 0.8111433531250001 0.45244518906250003 0.80710069375 0.4471723703125 0.804112846875 0.44506324375000006 0.802355159375
5 0.46826388906250005 0.8106160718750001 0.4738881453125 0.8055188484375 0.4770520828125 0.79971875 0.47828224218750004 0.795324653125 0.47880952343749994 0.7911063984375 0.46949429531250003 0.7856577375 0.47019717187500004 0.788294146875 0.470900296875 0.7939186515625 0.46949429531250003 0.7969064984374999 0.46826388906250005 0.8011247515625 0.46228794687499997 0.8035855656249999 0.46140922656249994 0.8118462296875 0.46439707343750003 0.8118462296875 0.46826388906250005 0.8106160718750001
5 0.663120784375 0.8157552078125001 0.6674079859375001 0.8090186015624999 0.672511409375 0.800240328125 0.6335200890625 0.7755391859375 0.6265793656249999 0.7675776296875 0.618821925 0.7645153765625 0.6108603671874999 0.7673735125000001 0.5982033734375001 0.7673735125000001 0.6016738593750001 0.7577787703125 0.5988157234375 0.7541041671875 0.5796264875 0.7389975203125 0.5749310515625 0.728586309375 0.5718690468750001 0.720420634375 0.5679903281249999 0.7267490078125001 0.5594161703125 0.743488590625 0.5522713296874999 0.7567579359375001 0.5683985609375 0.7536959328124999 0.5741145828125 0.7581870046875 0.5765642359375 0.7565538187499999 0.5798306046875 0.7561455859375 0.663120784375 0.8157552078125001
5 0.6714908234375 0.8180009921875 0.6849642859375 0.8188174609375001 0.6874139390625 0.809630953125 0.68823040625 0.798198909375 0.6878221718749999 0.7918705359375 0.6868013390625001 0.7908499499999999 0.6747569437500001 0.7963616078125 0.673328125 0.7975865578125 0.6708782234374999 0.805548115625 0.6641416171875 0.8153469734375 0.635765625 0.79697420625 0.628008184375 0.7937078375 0.5959578375000001 0.7837048609374999 0.6041235125 0.8022817453125001 0.6596505453125 0.8157552078125001 0.6714908234375 0.8180009921875
5 0.6902718250000001 0.8106517859375 0.69292584375 0.826370784375 0.6972127968749999 0.8390275296875 0.7006832843749999 0.783908978125 0.6990500984375 0.7773764875 0.6921091265625 0.7773764875 0.6816979171875001 0.78227579375 0.6845558031250001 0.7881959328125 0.688638640625 0.7906458328125 0.690680059375 0.7914623015625 0.6902718250000001 0.8106517859375
5 0.6141264875 0.74716319375 0.6129017859375 0.7485922625 0.6067775296875 0.7451217765625 0.6041235125 0.7438970734375 0.6047358625 0.7494087296874999 0.599632440625 0.76533209375 0.602898809375 0.7671693953125 0.612493303125 0.7657403281249999 0.6294372515625 0.757574653125 0.6402569437500001 0.75124603125 0.625150296875 0.7451217765625 0.6190260421875 0.7308318453125 0.6165763890625 0.7312400796875 0.6153514390625 0.73430233125 0.6141264875 0.74716319375
5 0.5368618546875 0.8719873515625001 0.5420562999999999 0.8758829359375 0.5803638390625 0.8724201390624999 0.5784161703125 0.8657108140625001 0.5383769843749999 0.8691738593749999 0.5368618546875 0.8719873515625001
5 0.608283234375 0.70706944375 0.5820952375 0.6356483140625 0.5779831343749999 0.6378125 0.565646825 0.641491815625 0.5894538687499999 0.7068529265625 0.5918345734375 0.7068529265625 0.600491815625 0.70836805625 0.608283234375 0.70706944375
5 0.586423859375 0.7103157234374999 0.5879389875000001 0.7174578375 0.6037380953125 0.743212796875 0.6132609125 0.7451607140625 0.6160744046875 0.7269806546875001 0.6981006937500001 0.672008184375 0.6989662703125 0.65296255 0.69139136875 0.65296255 0.6033053078124999 0.7105322421875 0.5877224703125 0.70706944375 0.586423859375 0.7103157234374999
5 0.670181546875 0.7213536703125001 0.6747264390625001 0.7120471234375 0.6591436015625 0.7059873515625 0.6587108140625 0.7174578375 0.664337796875 0.7213536703125001 0.670181546875 0.7213536703125001
5 0.695719990625 0.7477576890625001 0.696585565625 0.73866790625 0.6766743546875 0.7393172125 0.667584325 0.7373692953125001 0.6671515375 0.7317420640625001 0.6604422125 0.7336899796874999 0.6589270828125 0.743862103125 0.6937720734374999 0.7499221234375 0.695719990625 0.7477576890625001
5 0.6387993546875 0.7302271828125 0.6390158734375 0.7220029765625 0.634037946875 0.71637574375 0.6245151296875 0.7228685515625 0.6383665671875 0.7334734625 0.6387993546875 0.7302271828125
5 0.6007080859375 0.7486235125 0.603521825 0.7494893359375 0.6011411203125 0.7414813984374999 0.5944317953125 0.7313092765625 0.5911852671875 0.7241671625 0.58144618125 0.729361359375 0.5905359625 0.7401827875 0.5924838796875 0.744294890625 0.6007080859375 0.7486235125
5 0.6669350203125 0.610326140625 0.6628229171875 0.610758928125 0.6621736109375 0.6131396328125 0.66780084375 0.66832886875 0.686197171875 0.6536118546874999 0.6777564484374999 0.6101098703125001 0.6669350203125 0.610326140625
5 0.6535166171875 0.6780679562499999 0.6535166171875 0.6531788187500001 0.650053571875 0.65274603125 0.6372844734374999 0.6862924109375 0.6535166171875 0.6780679562499999
5 0.6537328875 0.63889459375 0.6515687 0.6328345734374999 0.6450758921874999 0.6321852671875 0.6372844734374999 0.633267609375 0.609365328125 0.702957340625 0.6349037703125 0.689538690625 0.6539494046875001 0.6427904265625 0.6537328875 0.63889459375
5 0.6091488093749999 0.70036011875 0.6108802078125 0.69321800625 0.6106639390625 0.6867251984375 0.602006696875 0.6856431046875 0.6050367062500001 0.6945166171875 0.6084995046875 0.702957340625 0.6091488093749999 0.70036011875
5 0.695719990625 0.6118412703125 0.686197171875 0.5029779265625 0.6972348703125 0.49215674531250003 0.6896599703125 0.4880446421875 0.6766743546875 0.4869623015625 0.6636884921874999 0.4897760421875 0.6565463796875 0.4949702375 0.6569794140624999 0.49713442499999994 0.6636884921874999 0.5008137406250001 0.663905009375 0.5014630453125 0.667584325 0.5057916671875 0.6777564484374999 0.610326140625 0.6853313484375 0.6131396328125 0.6898764875000001 0.6137889390625 0.695719990625 0.6118412703125
5 0.648105903125 0.5919298109375 0.6554642859375 0.5912805062500001 0.6617408234375 0.5895491078124999 0.6673678078124999 0.5850042156249999 0.6740771328124999 0.577862103125 0.65936011875 0.58154141875 0.6362023812500001 0.5404201390625001 0.590103175 0.4967016375 0.5866403765625 0.49323883906250005 0.5803638390625 0.4977837296875 0.5749531250000001 0.5010302578125 0.576684771875 0.507306546875 0.647456596875 0.5754813984375 0.6498373015625 0.5765634921875 0.6513521828125 0.580459078125 0.648105903125 0.5919298109375
5 0.5602361109375 0.5694213796875001 0.5624005453125 0.56682415625 0.5632661203125 0.5676899796875 0.5695426593749999 0.5832728171875 0.6249481640625 0.5977733140625 0.6392323906249999 0.61443824375 0.640747271875 0.6140054562499999 0.6446428578125001 0.6059975203125 0.6483221718750001 0.5936612109375 0.6470235609375 0.5763469734375 0.633605159375 0.5839221234374999 0.553743303125 0.562928571875 0.533615575 0.5601150796875001 0.5297197421875001 0.5653092765625 0.5314513890625 0.570070684375 0.5550419140625 0.5808921125000001 0.5580719249999999 0.5765634921875 0.5591540171875 0.57439930625 0.5602361109375 0.5694213796875001
5 0.49119568437499994 0.5951763390625 0.491412203125 0.586735615625 0.48838219218749995 0.5705034718750001 0.476262153125 0.5562192453125 0.4650079359375 0.5360915171875 0.46284375000000005 0.53652430625 0.4539702375 0.54280084375 0.48708358125 0.6059975203125 0.5009350203125 0.6012361109375 0.498554315625 0.6001540171874999 0.49119568437499994 0.5951763390625
5 0.459380953125 0.6369466765625 0.5582881937499999 0.602101934375 0.577117559375 0.6101098703125001 0.57408755 0.600587053125 0.5693261406250001 0.5834890875000001 0.563049603125 0.56855555625 0.561751240625 0.567040675 0.5561240078125 0.5821904765625 0.5552584328125 0.5837056046875 0.4511564984375 0.62071478125 0.45245510937500005 0.63045386875 0.4565672125 0.6365138890625001 0.459380953125 0.6369466765625
5 0.5173834328125 0.5813249015624999 0.5333990578125001 0.5919298109375 0.5524446921874999 0.5839221234374999 0.522794146875 0.563361359375 0.5173834328125 0.5813249015624999
5 0.499636409375 0.571585565625 0.5095920140625 0.5438829359375 0.4972557046875 0.5562192453125 0.48838219218749995 0.5694213796875001 0.489680803125 0.572667659375 0.499636409375 0.571585565625
5 0.4404977671875 0.66018675625 0.45030605156250003 0.6702286703125 0.45404265937500005 0.673731646875 0.45777901718749997 0.6681267359375 0.4589466765625 0.6564503968750001 0.45684499062499995 0.645241071875 0.45474305625 0.6347321421875 0.444234375 0.641971478125 0.428821428125 0.6431391375 0.4178454859375 0.6527140375 0.42625247968749996 0.65808506875 0.4404977671875 0.66018675625
5 0.38655853125 0.63683829375 0.3887455359375 0.6285280265625001 0.360315228125 0.6038154765625 0.357909721875 0.5826021828125 0.35134871093750003 0.588944196875 0.338883184375 0.6025032234375 0.3272924109375 0.6151875 0.3482869546875 0.615625 0.39290079375000003 0.652803075 0.394650296875 0.6497413187500001 0.39290079375000003 0.6444925593749999 0.38655853125 0.63683829375
5 0.39224454375 0.6569583328124999 0.381747271875 0.642305803125 0.3491619546875 0.639244046875 0.34850570468750003 0.644273809375 0.347412203125 0.6541150796874999 0.39224454375 0.6569583328124999
5 0.3401954359375 0.65586483125 0.3321036703125 0.65586483125 0.323574653125 0.6552085812499999 0.345225446875 0.6803586312500001 0.357909721875 0.6689863593750001 0.34763095312500003 0.653240328125 0.3401954359375 0.65586483125
5 0.3581282234375 0.6713921125 0.3509114578125 0.6781716265625 0.3677509921875 0.6821081343750001 0.36818824375000003 0.6779528765625 0.3673134921875 0.6718293656250001 0.363595734375 0.663519096875 0.354410465625 0.660676090625 0.3583469734375 0.6646125984375 0.3594404765625 0.6685491078125 0.3581282234375 0.6713921125
5 0.3482869546875 0.7002596718749999 0.3506927078125 0.690199653125 0.33450942499999997 0.6853883921875 0.31723239062499997 0.653677828125 0.2982061015625 0.6547713296875 0.3189818953125 0.693480159375 0.3130771328125 0.71403745 0.3279484125 0.712069196875 0.3482869546875 0.7002596718749999
5 0.34216369062499996 0.6869193953125 0.3539732140625 0.691074653125 0.3563787203125 0.6895436515625 0.3625022328125 0.6853883921875 0.35419171562499996 0.6810146328125 0.33363442499999996 0.6759846234375 0.33122891875 0.6803586312500001 0.332759671875 0.6810146328125 0.34216369062499996 0.6869193953125
5 0.322918403125 0.7164432046875 0.326417659375 0.72300396875 0.332759671875 0.7258469734374999 0.33932068437499996 0.7258469734374999 0.3430384421875 0.7074766859375 0.338664434375 0.706383184375 0.33363442499999996 0.71119444375 0.322918403125 0.7164432046875
5 0.344569196875 0.7527462796875 0.3522234625 0.7531837796875 0.3611899796875 0.71709920625 0.3594404765625 0.714912203125 0.34938045624999997 0.71141319375 0.341944940625 0.7247534718749999 0.3522234625 0.7365629953124999 0.3454439484375 0.7464042656250001 0.344569196875 0.7527462796875
5 0.3535357140625 0.709444940625 0.35703472187499996 0.706601934375 0.34959920625 0.702883928125 0.344569196875 0.70463368125 0.341944940625 0.7210357140625 0.3456626984375 0.7195047125 0.34850570468750003 0.712506696875 0.3535357140625 0.709444940625
5 0.28682440468750003 0.67169295625 0.2783673109375 0.674945684375 0.27934300625 0.6767348703125 0.28828819375000003 0.6855173609375 0.2933298609375 0.6926733625 0.30650347187500004 0.7032447921875 0.30682886875 0.6827524796875 0.308455109375 0.6751083828125 0.30373859062499997 0.670391865625 0.28682440468750003 0.67169295625
5 0.294305803125 0.5703697921875001 0.2938177078125 0.5646775796875 0.283896825 0.5716708828125 0.2582001484375 0.590862103125 0.275277034375 0.59395238125 0.30699131875 0.6303831843750001 0.33333878906250003 0.6342864578125 0.29154092187499997 0.5837061015625 0.294305803125 0.5703697921875001
5 0.2575729171875 0.592144096875 0.260233134375 0.5868236609374999 0.2710962296875 0.5708616078125 0.26001165625 0.56864459375 0.2300828375 0.573965278125 0.22919618125 0.578842509375 0.2418325890625 0.5877103171875 0.2491485609375 0.6231812999999999 0.2677708328125 0.6256200390625 0.26178497031250003 0.5936959328125 0.2575729171875 0.592144096875
5 0.23473834375 0.6129833828125 0.22542733125 0.6089928078125 0.2212150296875 0.611431546875 0.2165595234375 0.6209642859375 0.213455853125 0.629388640625 0.213455853125 0.6422470234375 0.21500768906249998 0.6493412703125 0.2185548109375 0.6542185015624999 0.2232103171875 0.653331596875 0.2265357140625 0.648676090625 0.23362996093750002 0.6440205859375 0.33494394843749997 0.6559920640625 0.3440334828125 0.6526666671875 0.3480240578125 0.6457941468749999 0.345141865625 0.6369263390625 0.24028075468750001 0.6242896828125 0.23784226249999998 0.6234030265625 0.23828546562500003 0.6218511906249999 0.23473834375 0.6129833828125
5 0.23163467187500003 0.5832765375 0.2298611109375 0.5752953875 0.2265357140625 0.5810595234375 0.21899826406249998 0.593252728125 0.2152294140625 0.6014553578124999 0.2187765375 0.6043373015625 0.23229985156250002 0.6010119046875 0.241167659375 0.6010119046875 0.2413891375 0.5943611109375 0.2405024796875 0.589262153125 0.23163467187500003 0.5832765375
5 0.26954439531249996 0.6016770828125 0.2684360125 0.5945828375 0.26422371093749997 0.59946006875 0.2646671625 0.611209821875 0.2704310515625 0.6196341765625 0.28085069375 0.6240682046875 0.26954439531249996 0.6016770828125
5 0.3316185515625 0.6222946421875 0.3333921125 0.6311622031249999 0.3340572921875 0.637148065625 0.34225992031249997 0.63182738125 0.3506842765625 0.623846478125 0.34780233125 0.618082340625 0.3316185515625 0.61852579375 0.33051016875 0.6134268359374999 0.338491071875 0.6047807546875 0.2948174609375 0.578620784375 0.29592584375 0.5870451390625 0.3010248015625 0.5956912203125 0.3316185515625 0.6222946421875
5 0.4601297125 0.5585434031250001 0.45756845312500005 0.5603727671875001 0.45134821406250003 0.5651294640625 0.4458596234375 0.5717157734375 0.4555560515625 0.57500868125 0.4798881453125 0.59696255 0.47165550625 0.5834243546875 0.46232514843750006 0.5691545140625001 0.4601297125 0.5585434031250001
5 0.4147584328125 0.624405009375 0.4493358140625 0.630259425 0.4489697421875 0.620197171875 0.4672646328125 0.6143427578125 0.4372611609375 0.6125133921875 0.43396800625000004 0.6152576890625 0.42665005 0.6190994546875 0.4147584328125 0.624405009375
5 0.41908680625 0.561685515625 0.38798015937499997 0.494174603125 0.3654313 0.48779017812500003 0.3913759921875 0.5433474703125001 0.407133184375 0.566847221875 0.4144682546875 0.567390625 0.41908680625 0.561685515625
5 0.4401416171875 0.5999915671875 0.4454392359375 0.600670634375 0.46241889843750006 0.58953199375 0.4463901296875 0.5828759921875 0.4097140375 0.49920039687499995 0.3925987109375 0.49689136874999995 0.4326703875 0.5845059531250001 0.42927455312499996 0.5970029765625 0.43620238125000005 0.599040675 0.4401416171875 0.5999915671875
5 0.384719990625 0.569971478125 0.4052313984375 0.603658978125 0.40115625 0.6179218750000001 0.40224305625 0.62321949375 0.40618229218749996 0.6255287703125 0.41283829375 0.62321949375 0.4222110609375 0.62131795625 0.4313122515625 0.6137110609375 0.437832340625 0.6086850203124999 0.44136408749999995 0.6051532734375 0.43851140937500005 0.5997197421875 0.42289037656249995 0.59591641875 0.37493973281250004 0.513055803125 0.36991393906250003 0.514142609375 0.359046875 0.518896825 0.37208730156250003 0.547830109375 0.3777924109375 0.54946006875 0.38974603124999996 0.5629079859375 0.384719990625 0.569971478125
5 0.39836011875 0.6183013390625 0.39599305625 0.6100724203125 0.3857348703125 0.61108680625 0.3793095234375 0.6040979656250001 0.375589534375 0.6016178078125 0.37333506875 0.5984615578125 0.3824657734375 0.623712053125 0.3931748515625 0.6259667656250001 0.3976837796875 0.6217958828125 0.39836011875 0.6183013390625
5 0.38566021875 0.6106259921875 0.39049776718749996 0.609695684375 0.39570709375 0.6074630453125 0.399986359375 0.60262574375 0.39924206406249996 0.5989047625 0.3802646328125 0.576764384375 0.378404265625 0.577136409375 0.3101227671875 0.51704141875 0.30658779687500004 0.5190880453125 0.3060295140625 0.522809028125 0.310680803125 0.5302509921875 0.3214719734375 0.545693453125 0.38566021875 0.6106259921875
5 0.3335654765625 0.4891334328125 0.33244915625 0.48355183593750006 0.3365421625 0.468667659375 0.3372864578125 0.463830109375 0.329472221875 0.46662103125 0.3136577375 0.4722026296875 0.3077041171875 0.47945858125 0.3114250984375 0.4822495046875 0.319425346875 0.48597048593750003 0.32258829375000003 0.4880171125 0.3233325890625 0.4880171125 0.33263516875 0.51220386875 0.3644501484375 0.5384375 0.3404494046875 0.48931944375 0.3335654765625 0.4891334328125
5 0.308634425 0.475365575 0.303796875 0.4722026296875 0.3013782234375 0.472574653125 0.2974712296875 0.475179315625 0.2902150296875 0.4822495046875 0.2835171125 0.48969146874999997 0.276819196875 0.4999243546875 0.278121528125 0.5045758921875 0.29375 0.501226934375 0.3776599703125 0.5762061015625 0.3834275796875 0.5702524796875 0.3893814484375 0.564298859375 0.38566021875 0.5590892859375 0.308076140625 0.48950545625 0.308634425 0.48504017812500005 0.309378471875 0.4802028765625 0.308634425 0.475365575
5 0.45394171562499996 0.49862202343749995 0.4524533734375 0.4941567453125 0.4481741078125 0.49955233125 0.44035987031249996 0.50215699375 0.42994097187499997 0.49862202343749995 0.430126984375 0.4872728171875 0.3581245046875 0.468667659375 0.3486356640625 0.4543415171875 0.345658978125 0.4526669140625 0.3376584828125 0.46662103125 0.33244915625 0.48950545625 0.3378447421875 0.489877728125 0.349751984375 0.483737846875 0.45338368124999995 0.5088549109375 0.4550580359375 0.50680853125 0.4546860125 0.5042036203125 0.45394171562499996 0.49862202343749995
5 0.5165984625 0.4450540671875 0.5252006453125 0.44648784687500004 0.532369046875 0.448126240625 0.53605555625 0.45508978125 0.5311401296875 0.4591860125 0.5309352671875 0.4628727671875 0.5338025796875 0.4694265875 0.5477296625 0.46246304531250004 0.5421999015625001 0.45037921562500005 0.5473201890625 0.4329702375 0.544657490625 0.43153670625 0.5165984625 0.4450540671875
5 0.4572033734375 0.505063740625 0.46007068437500004 0.5130513390625 0.4637571921875 0.5194005453125 0.46682936562500005 0.5267738093750001 0.46928720312500005 0.5316892359375001 0.47215451406250003 0.53025545625 0.47850372031250005 0.5155091765625001 0.5303209328125 0.4903174609375 0.5278630953125 0.480076884375 0.5333928578125 0.47598065468749995 0.5419950390625 0.4811009421875 0.551006696875 0.4831490578125 0.5618616078125 0.4767998515625 0.5596088796875 0.457957340625 0.47215451406250003 0.49932911718749995 0.453721478125 0.49359424531249996 0.45515525781250005 0.498714534375 0.4572033734375 0.505063740625
5 0.59369766875 0.49802505 0.6060744046875 0.45174702343749995 0.619258184375 0.44475148750000004 0.6222177578125 0.4399084828125 0.6036527781250001 0.4342584328125 0.5845498515625 0.43049156718750003 0.5907380953125 0.44798040625 0.5797068453125 0.495603421875 0.58132118125 0.4969486609375 0.5861641859375 0.49156746093750003 0.59369766875 0.49802505
5 0.66607415625 0.5550649796875 0.6275989578125001 0.479998015625 0.6310967265625 0.464930803125 0.6230250500000001 0.46277852187499996 0.6093030749999999 0.46950496093750005 0.6015002484374999 0.47676934531250004 0.600155009375 0.47972916718749997 0.5996170640625 0.48645560468750004 0.6055362109375 0.48833878906250006 0.6106483140625001 0.4886078875 0.6590786203125 0.582508928125 0.6703789687499999 0.5790111609374999 0.6741458328125 0.5730920140625 0.66607415625 0.5550649796875
5 0.6881369046875 0.47811483125 0.6929799109375 0.4748859125 0.6846391374999999 0.46250942500000003 0.68544618125 0.45363045625 0.68544618125 0.447711309375 0.6679575890625 0.45847346250000004 0.6647289187500001 0.46331646875 0.6588095234375 0.474347965625 0.6722624015625 0.4775766375 0.6881369046875 0.47811483125
5 0.47621428593750004 0.555212796875 0.48620386875 0.5636252484375001 0.4933018359375 0.5641510421875 0.494090278125 0.5528469734375 0.499347965625 0.5475892859375 0.518012896875 0.5299759421875 0.534048859375 0.502373015625 0.48252356093750004 0.53733680625 0.46911631875 0.534970734375 0.46937921562499996 0.54154290625 0.47621428593750004 0.555212796875
5 0.6087080859375 0.41036334375 0.603976190625 0.4185126484375 0.605027778125 0.42718799531249996 0.61317733125 0.42955381875 0.626321428125 0.42587351250000005 0.64104290625 0.414832340625 0.6420944937499999 0.408523065625 0.626321428125 0.3987963796875 0.6139657734374999 0.36225545625 0.60476488125 0.390909721875 0.6081822921875 0.408523065625 0.6087080859375 0.41036334375
5 0.60686805625 0.41299206406250005 0.6073938484375 0.406945684375 0.6031875 0.4016879953125 0.5974040171875 0.41588392812499997 0.6013474703125 0.4182497515625 0.60686805625 0.41299206406250005
5 0.581630953125 0.4043169640625 0.5853115078125 0.399322171875 0.5792651296875 0.3961674109375 0.579790921875 0.4016879953125 0.58005381875 0.4058943453125 0.581630953125 0.4043169640625
5 0.596878471875 0.41903844218749997 0.625269840625 0.31914236093750004 0.6389399796874999 0.3099412203125 0.6336822921875 0.303894840625 0.619486359375 0.2973229171875 0.602924603125 0.2973229171875 0.5995071921874999 0.29837425624999997 0.6002958828125 0.3031061515625 0.6073938484375 0.315724703125 0.5790022328125 0.41588392812499997 0.5874144343750001 0.4200900296875 0.5937237109375 0.4206158234375 0.596878471875 0.41903844218749997
5 0.6173834328125001 0.4374404765625 0.6181721234374999 0.43244568437500003 0.6171205359374999 0.42876512968749997 0.6084451890625 0.426662203125 0.6063422625 0.42324454375 0.6031875 0.41956423593750003 0.5926721234375 0.4206158234375 0.5805796125 0.4185126484375 0.58136805625 0.43139409687499997 0.5871515375 0.42902802656250005 0.6173834328125001 0.4374404765625
5 0.4923258921875 0.3572408234375 0.4913561515625 0.35375 0.4882529765625 0.3516165671875 0.47487103125 0.3467678578125 0.4673072921875 0.3444407234375 0.45761011875 0.3444407234375 0.45586483125 0.3459923109375 0.4529556046875 0.3485133921875 0.45722222187500006 0.35471949375 0.46148908750000006 0.3599561015625 0.46168303593750004 0.363446925 0.4304583328125 0.4976547625 0.44597371093750005 0.5015334828125 0.4789437 0.3673258921875 0.4923258921875 0.3572408234375
5 0.4529556046875 0.347931546875 0.4545071921875 0.3459923109375 0.4601314484375 0.3438588796875 0.46691939531250004 0.34366493125 0.475258928125 0.34696180625 0.4898045640625 0.35142261874999997 0.5660238093750001 0.355883184375 0.5675751484375 0.3477375984375 0.5673812 0.33842857187500003 0.5563266375 0.3370709328125 0.46633755 0.330476934375 0.45799801562500003 0.3190342265625 0.4486403765625 0.33096180625 0.44985243124999996 0.342501240625 0.454701140625 0.358986359375 0.45877380937499995 0.3591803078125 0.45799801562500003 0.35782266875 0.4529556046875 0.347931546875
5 0.4411252484375 0.32271924531249996 0.45082217187499996 0.3058462296875 0.4403494546875 0.30177356093749996 0.4246401296875 0.3066220234375 0.41436111093749994 0.312440228125 0.40912475156249994 0.3172889390625 0.416106646875 0.32174950468749997 0.423282490625 0.3260161203125 0.426191715625 0.330476934375 0.447525296875 0.404756696875 0.45217981093750004 0.4051443453125 0.45896775781250004 0.37353199375 0.4411252484375 0.32271924531249996
5 0.42444618125 0.353362103125 0.42832490156249997 0.3741138390625 0.43453125000000004 0.3669379953125 0.43084622968749997 0.345410465625 0.42444618125 0.353362103125
5 0.41727033750000003 0.37993204375 0.4234764390625 0.3774107140625 0.41843402812499997 0.355107390625 0.40485813437499996 0.3688772328125 0.40912475156249994 0.3781865078125 0.41727033750000003 0.37993204375
5 0.2632341265625 0.394900296875 0.264757440625 0.3983276296875 0.42203199375 0.3966138390625 0.43459871093749997 0.409751984375 0.43973983125 0.402897321875 0.440501240625 0.389949653125 0.4387876984375 0.3785255453125 0.4374548609375 0.37090922656249997 0.43421800624999995 0.3695763890625 0.422603175 0.3804295640625 0.41822395781250005 0.3842375984375 0.41822395781250005 0.38119122031249997 0.2666614578125 0.38176240156249996 0.2630436515625 0.38499925625000003 0.262853421875 0.3903306046875 0.2632341265625 0.394900296875
5 0.3781359125 0.4096421125 0.37951636875 0.39997891874999997 0.3482842265625 0.39877108125 0.34638616093749997 0.4011870046875 0.34362524843750003 0.40912425625 0.3781359125 0.4096421125
5 0.407125 0.405845734375 0.40074057500000004 0.40049677656249993 0.389524553125 0.399461309375 0.38106944375 0.40481051562500003 0.3805518359375 0.40912425625 0.407125 0.4096421125 0.407125 0.405845734375
5 0.3763100203125 0.3533970734375 0.36214484062499996 0.3406974203125 0.355794890625 0.3807504953125 0.3706927078125 0.3809947921875 0.37753125 0.3673182046875 0.3763100203125 0.3533970734375
5 0.3186723703125 0.3509548609375 0.30426289687499997 0.3514432046875 0.310612846875 0.362677828125 0.3299067453125 0.3795295140625 0.3321049109375 0.36487574375 0.3597026296875 0.3338588796875 0.358969990625 0.3267762890625 0.37142559531249997 0.328730159375 0.40879241093749996 0.29038640937500004 0.40170982187500004 0.28354811562500004 0.3946272328125 0.2784193953125 0.3186723703125 0.3509548609375
5 0.3728908734375 0.3455818453125 0.381438740625 0.3533970734375 0.38900992031250003 0.359014384375 0.391696428125 0.3533970734375 0.39242906718750004 0.33898759843750004 0.41025768906250004 0.3192053578125 0.4112346234375 0.3126111109375 0.42344593281250004 0.3067497515625 0.4341919640625 0.2989345234375 0.4410302578125 0.2850133921875 0.44615922656249996 0.2840364578125 0.44982242031249997 0.2806173109375 0.44664756875 0.27573288749999997 0.44273983125000005 0.2725577875 0.43663417656250003 0.269138640625 0.378508184375 0.32726488125 0.3597026296875 0.3299513890625 0.3640987109375 0.3367896828125 0.3728908734375 0.3455818453125
5 0.311834078125 0.3807504953125 0.313787946875 0.37146999062499997 0.311834078125 0.3653643359375 0.30279761875 0.352176090625 0.317451140625 0.3514432046875 0.33137227187499996 0.28134994999999996 0.3049955359375 0.3135880453125 0.2913189484375 0.380262153125 0.311834078125 0.3807504953125
5 0.2947380953125 0.32457837343749996 0.28814384843749996 0.3194494046875 0.28130555625000003 0.31456497968749997 0.3005994546875 0.2840364578125 0.30426289687499997 0.2662078375 0.31500892812500003 0.262788690625 0.31403199375 0.257415675 0.3147646328125 0.2437390875 0.31354365156249997 0.240319940625 0.2969360125 0.232748759375 0.28203819375 0.23494692499999997 0.28008432499999997 0.23885441406250002 0.28008432499999997 0.251554315625 0.2849689984375 0.253996528125 0.2849689984375 0.257415675 0.28008432499999997 0.262300346875 0.2749556046875 0.2679174109375 0.27642113125 0.27084821406250004 0.281794146875 0.27060391875 0.28692286718750004 0.26742906718750004 0.26762872031249996 0.3800178578125 0.2803286203125 0.3805064484375 0.28521329375 0.3809947921875 0.2947380953125 0.32457837343749996
5 0.2939818953125 0.1811044140625 0.291410465625 0.1752266859375 0.2888387890625 0.171920634375 0.27708358125 0.166777778125 0.26018551562500003 0.166410465625 0.258716021875 0.18330853125 0.2660629953125 0.1888187 0.23998115156250002 0.35118824375 0.227123759375 0.427230159375 0.22418502031249998 0.45588368125 0.2282259421875 0.4613938484375 0.23447073437500002 0.4602919140625 0.241450396875 0.4573529265625 0.24549131875 0.4437609125 0.23630753906250002 0.44008755 0.2333688 0.43861805625 0.23189930625000002 0.43016889843749995 0.234103421875 0.42502604218749995 0.24585863125000001 0.4231892359375 0.28406324375 0.19616592187499998 0.289940971875 0.1969005453125 0.29104290625 0.195063740625 0.2939818953125 0.1811044140625
5 0.26519568437499996 0.5465518359375 0.267830853125 0.5505047125 0.276790675 0.5491872515625 0.29102108125 0.5059689984375 0.2773177078125 0.506759671875 0.2757366078125 0.5025431546875 0.28864930625 0.48119766875 0.30261631875 0.469075396875 0.308150296875 0.4616966765625 0.32422519843750003 0.4540545640625 0.3126302078125 0.44641220312499996 0.2962916671875 0.43956051562500004 0.288122271875 0.43824280781249997 0.2839060015625 0.43982415625 0.28627752968750003 0.44720287656249996 0.288122271875 0.45300024843750003 0.2891763390625 0.4585344734375 0.26572271875000003 0.518618303125 0.2725744046875 0.524679315625 0.275472965625 0.5373286203125 0.26519568437499996 0.5465518359375
5 0.28258829375 0.44035119062500006 0.2775813484375 0.43956051562500004 0.27020262968750003 0.47882589218750005 0.28258829375 0.475136409375 0.28575049531249996 0.44641220312499996 0.28258829375 0.44035119062500006
5 0.288912946875 0.5665798609375 0.29075744062500003 0.5665798609375 0.2952375984375 0.5665798609375 0.2952375984375 0.573431546875 0.30551488125000004 0.5731679062499999 0.3073596234375 0.5618363093750001 0.29418328437499996 0.5444437 0.28864930625 0.5428625984375001 0.28548710312500003 0.549977678125 0.21960565468749998 0.555775296875 0.218287946875 0.5700057046875 0.282324653125 0.56552579375 0.288912946875 0.5665798609375
5 0.22250446406250002 0.5491872515625 0.239106646875 0.5494506453125 0.239106646875 0.54707886875 0.2369982640625 0.530476934375 0.235944196875 0.5265240578125 0.23752529687499999 0.5207264390625 0.23357242031249997 0.4851505453125 0.23357242031249997 0.47144717187499996 0.23357242031249997 0.46380481093750003 0.2256666671875 0.4653861609375 0.2256666671875 0.528105159375 0.21802455312500002 0.5317943953125 0.21749752031249997 0.5460248015625 0.22250446406250002 0.5491872515625
5 0.27336483125 0.45510863125 0.2773177078125 0.43745238124999997 0.262033234375 0.44193229218749996 0.25623561562499997 0.4645954859375 0.259134425 0.509658234375 0.2659861109375 0.5122936515625 0.27336483125 0.45510863125
5 0.2659861109375 0.3979236109375 0.262823909375 0.4195327375 0.27916245 0.4195327375 0.28179761875 0.40108581406250005 0.2659861109375 0.3979236109375
5 0.2875952375 0.4013494546875 0.28179761875 0.4176879953125 0.299717509375 0.41610689531249995 0.30314335312499996 0.40003174531249996 0.2875952375 0.4013494546875
5 0.30498784687499997 0.43297247031249997 0.308150296875 0.4421959328125 0.3279146828125 0.43824280781249997 0.32422519843750003 0.42822891875 0.3252795140625 0.41347147812499996 0.32317113124999997 0.40635639843750004 0.3068325890625 0.40899156718749996 0.3039337796875 0.4097822421875 0.3028797125 0.4145255453125 0.30103497031250004 0.4176879953125 0.2317279265625 0.424803075 0.2312008921875 0.43824280781249997 0.23989707343750002 0.44035119062500006 0.30498784687499997 0.43297247031249997
5 0.33845560468749997 0.40741046562500005 0.34240848281249997 0.401612846875 0.3337123015625 0.399241071875 0.3350297625 0.40345758906249996 0.33845560468749997 0.40741046562500005
5 0.331076884375 0.3805307546875 0.34082738125 0.378686259375 0.33845560468749997 0.37763194375000003 0.331076884375 0.3805307546875
5 0.3655560515625 0.29046478124999997 0.36602901718749997 0.2552212296875 0.3646098703125 0.2455233140625 0.3721790671875 0.24055605156249998 0.3747807546875 0.235825396875 0.3750173609375 0.22872916718749997 0.36957713281250004 0.22305233124999999 0.354675346875 0.22234275781249999 0.34308506875 0.22376190468749999 0.342612103125 0.22589087343749997 0.3433216765625 0.23511557500000002 0.3454506453125 0.24031944374999997 0.35372916718749997 0.246705853125 0.35609449375 0.2523826890625 0.35633110156250003 0.2590057046875 0.35585813437499997 0.2623172125 0.3532562 0.2616076390625 0.3473427578125 0.2616076390625 0.347815971875 0.3131721234375 0.35301959374999997 0.2982705859375 0.36413665625 0.2942495046875 0.3655560515625 0.29046478124999997
5 0.3825865578125 0.27863814531250003 0.3814037703125 0.26941319375 0.37028670625000004 0.27438045624999996 0.3683943453125 0.292830109375 0.375726934375 0.2942495046875 0.38329613125 0.289991815625 0.3825865578125 0.27863814531250003
5 0.325581596875 0.2365349703125 0.329366071875 0.23511557500000002 0.34119295625 0.23535218281249998 0.34213913749999997 0.22423511875000002 0.3525466265625 0.22139657812500002 0.3525466265625 0.209569940625 0.3539657734375 0.2008182046875 0.350417659375 0.1970334828125 0.34616021875 0.1946681546875 0.3291297125 0.1906470734375 0.3246354171875 0.1937219734375 0.3222700890625 0.2027103171875 0.32274305625 0.21004290625 0.32274305625 0.21193526718750003 0.31328174531249997 0.21619295625 0.316356646875 0.22707341250000002 0.32392584375 0.22305233124999999 0.316356646875 0.259715278125 0.3277103171875 0.246705853125 0.325581596875 0.24102901718749997 0.325581596875 0.2365349703125
5 0.3991438484375 0.1615533234375 0.3329141859375 0.150436259375 0.3317313984375 0.14192088281249998 0.32818353125 0.14050173593749998 0.3194317953125 0.138136409375 0.3116259921875 0.1414479171875 0.31209920625 0.147834325 0.308078125 0.16864930625000002 0.3092606640625 0.1717244546875 0.3168298609375 0.17361656718750001 0.3291297125 0.173853175 0.330548859375 0.17006870000000002 0.33504290625 0.167466765625 0.40836880000000003 0.17834722187500002 0.42563591250000005 0.1695954859375 0.4171205359375 0.1691225203125 0.3991438484375 0.1615533234375
5 0.3303358140625 0.18903695468749998 0.33688740156249997 0.1861607140625 0.3410421625 0.1796091265625 0.345196925 0.1719389875 0.3420009921875 0.1690625 0.334969990625 0.1679439484375 0.3327328875 0.17593377968749999 0.3290575390625 0.1791297125 0.32234622968750004 0.1808874015625 0.32154712343749997 0.1907946421875 0.32234622968750004 0.1907946421875 0.3303358140625 0.18903695468749998
5 0.45227331406250004 0.11569370000000001 0.45835069375000004 0.11929489062500001 0.4669037703125 0.1161438484375 0.474106646875 0.10781572343750001 0.47725768906250005 0.10196354218749999 0.4774828875 0.0981369046875 0.478383184375 0.090709078125 0.47253100156250005 0.0841817953125 0.46375272812499996 0.0778794640625 0.45452430625 0.079905009375 0.418735615625 0.044341765625 0.41018253906249996 0.044341765625 0.4052306546875 0.05086929531249999 0.40680630000000007 0.0625736609375 0.4455208328125 0.0938603671875 0.44507068437499997 0.0967864578125 0.44259474218749995 0.10263864062500001 0.45227331406250004 0.11569370000000001
5 0.3202579359375 0.02809771875 0.3171200390625 0.032091270312499996 0.31583630937499996 0.03822420625 0.31597891875 0.044357390625 0.3206857640625 0.05234449375 0.324821925 0.0566232640625 0.3333797125 0.0591907234375 0.33822891875 0.05847743125 0.3455029765625 0.055767609375000006 0.3509228671875 0.049634671875 0.3533474703125 0.0430736609375 0.35263442500000003 0.03565699375 0.3506376484375 0.0316634421875 0.3460734125 0.025387896875 0.34222247031249997 0.022677828125 0.33825328906249996 0.029499978125 0.341081596875 0.023105654687499998 0.337801090625 0.021108879687500002 0.33195337343750003 0.0212514875 0.3241088796875 0.024389384375 0.3202579359375 0.02809771875
5 0.33825328906249996 0.029499978125 0.3376584828125 0.030522321875 0.3308122515625 0.029524057812499997 0.32453670625000003 0.034088045312499995 0.32253993125 0.0426458328125 0.3268187 0.047209821875 0.332523809375 0.049919890625000005 0.338086309375 0.04977728125 0.3427931546875 0.0454982640625 0.3450751484375 0.040078373437499995 0.34421924531250003 0.035799603125 0.3405109125 0.0318060515625 0.337801090625 0.030522321875 0.33825328906249996 0.029499978125
5 0.67137896875 0.431299603125 0.674851190625 0.4360119046875 0.687251984375 0.4375 0.6889880953125 0.4360119046875 0.6897321421875 0.4283234125 0.690972221875 0.39384920625 0.689980159375 0.3893849203125 0.690228175 0.36805555624999997 0.6894841265625 0.3611111109375 0.6884920640625001 0.359375 0.6798115078125 0.359375 0.6768353171875 0.361855159375 0.674603175 0.372023809375 0.671875 0.3792162703125 0.671130953125 0.3864087296875 0.67237103125 0.3921130953125 0.672123015625 0.39732142812500004 0.669394840625 0.41617063437499996 0.67137896875 0.431299603125
5 0.658730159375 0.3943452375 0.65947420625 0.4050099203125 0.662450396875 0.4079861109375 0.6651785718750001 0.40699404687499996 0.66865079375 0.40228174531249994 0.6703869046875 0.396825396875 0.6674107140625 0.3866567453125 0.6654265875 0.3831845234375 0.6612103171875 0.3804563484375 0.6507936515625 0.37946428593750003 0.6498015875 0.381200396875 0.6515376984375 0.38616071406249997 0.656001984375 0.389880953125 0.658730159375 0.3943452375
5 0.6501188 0.3772435515625 0.6587539687499999 0.3786827875 0.667928571875 0.379042659375 0.6738650796875 0.3720265375 0.678002728125 0.3570952375 0.6702673609375001 0.35259771875 0.6869977671874999 0.29736954375 0.6860982140624999 0.292512153125 0.6812410718749999 0.29071329375 0.6738650796875 0.290353421875 0.6693678078125 0.2926922125 0.6643306046874999 0.30960243125 0.6535369546875 0.343962796875 0.6531770828125001 0.347740575 0.64544146875 0.34738070468750004 0.6414836312500001 0.3606932046875 0.6447219734375 0.3720265375 0.6501188 0.3772435515625
5 0.6528172125 0.45657812499999995 0.6560553078125 0.45855704375000006 0.661092509375 0.45801736093749995 0.6690079359375 0.45855704375000006 0.6850188484374999 0.44920238125 0.6895161203125 0.443445684375 0.690415675 0.4402075890625 0.6825002484375 0.43732911718749995 0.6711666671875001 0.4342708328125 0.623494046875 0.3238142359375 0.6175575390625 0.35295758906249997 0.6576743546875 0.4393080359375 0.657134671875 0.44668377968749995 0.65461631875 0.45387971250000003 0.6528172125 0.45657812499999995
5 0.6445419140624999 0.2714642859375 0.6513779765625001 0.2621096234375 0.6533568953125 0.2601307046875 0.6317693453125 0.2349451890625 0.616118303125 0.24178125 0.6386054062500001 0.2630091765625 0.6355471234375 0.2667869546875 0.6405843250000001 0.27182415625 0.6445419140624999 0.2714642859375
5 0.609821925 0.26570758906249997 0.6245734125 0.260490575 0.6314094734375 0.2639087296875 0.6297904265625001 0.2705647328125 0.6299702375 0.2727234625 0.6337482640625 0.271644096875 0.636806546875 0.26336904687499996 0.634287946875 0.258152034375 0.6195364578125 0.252215278125 0.611620784375 0.25779216250000003 0.5968692953125 0.251315971875 0.58697495 0.249337053125 0.5813983140625 0.23944270781250002 0.579959078125 0.23476537656250002 0.5632286703125 0.223251984375 0.55819146875 0.22810912656250001 0.5565724203125 0.2320669640625 0.609821925 0.26570758906249997
5 0.598668403125 0.28405704374999996 0.6015466265625 0.2966498015625 0.6127001484375 0.2950307546875 0.6173774796875 0.2935915171875 0.6240337296875 0.2872951390625 0.6267321421875 0.28117881875 0.6270920140625 0.2800994546875 0.6287110609375001 0.2757817453125 0.6297904265625001 0.27020510937500003 0.627451884375 0.2617497515625 0.60910243125 0.266247271875 0.5385828375 0.2201937 0.5297678578125 0.21839484062499998 0.5236512890625 0.2246912203125 0.5231116078125 0.233326140625 0.5587311515625 0.25743229218749997 0.56880555625 0.26264930625 0.591292659375 0.2761416171875 0.598668403125 0.28405704374999996
5 0.6698712796875 0.25349305625 0.6621356640625 0.25567485156249997 0.660350446875 0.26261731093749996 0.6607470234374999 0.27471676562499997 0.6653092765624999 0.2772953875 0.6684828875 0.2788821921875 0.6696728671875001 0.2810639875 0.6776068953125 0.281460565625 0.6849459328124999 0.2812624015625 0.690103175 0.27967559531249997 0.687524553125 0.1890287703125 0.6799873515625 0.1896240078125 0.6776068953125 0.1900205859375 0.674830109375 0.1947810015625 0.6698712796875 0.25349305625
5 0.5829933031250001 0.2201701390625 0.5816049109375 0.23564136875 0.584778521875 0.245757440625 0.59092733125 0.251509671875 0.6022333828125 0.250914434375 0.6095724203125 0.2489310515625 0.6115560515625 0.243773809375 0.61294444375 0.23841840312499998 0.6672926593749999 0.22572395781250001 0.6688794640625 0.22354191406249999 0.6688794640625 0.21580629999999998 0.6653092765624999 0.20807068437499998 0.610167659375 0.22136011875 0.6105642359375001 0.222153521875 0.60580381875 0.21580629999999998 0.5829933031250001 0.2201701390625
5 0.6367822421875 0.1888422625 0.622873015625 0.1822442953125 0.615027034375 0.1883072921875 0.610747271875 0.187415675 0.6089640375 0.1861674109375 0.6014744546874999 0.1915171125 0.635533978125 0.2043561515625 0.6419533734375 0.19865005 0.642844990625 0.19365699375 0.6367822421875 0.1888422625
5 0.5282554562499999 0.3088658234375 0.528764384375 0.3032686015625 0.5274923109375 0.3014875984375 0.512990328125 0.30530381875 0.4267420640625 0.2345751484375 0.419109375 0.2460240578125 0.4178373015625 0.2500947421875 0.426233134375 0.2567095734375 0.5007782734374999 0.320569196875 0.50154141875 0.3312547125 0.5104461812500001 0.33252678593749996 0.5218950890625 0.320569196875 0.5282554562499999 0.3088658234375
5 0.60101959375 0.3228588796875 0.47508184531250003 0.2325396828125 0.472283234375 0.21651140937500002 0.4656681546875 0.21473040625 0.4580357140625 0.22414384843750002 0.45091195468749995 0.234320684375 0.44887648750000003 0.2427165171875 0.44887648750000003 0.2465329859375 0.45142063437499996 0.252384671875 0.4651594734375 0.24729613125 0.59516790625 0.33888740156249997 0.6012740578125 0.328710565625 0.60101959375 0.3228588796875
5 0.44913095312499995 0.30962896875 0.44429687500000004 0.319042659375 0.44429687500000004 0.325657490625 0.45040302656250003 0.3180248015625 0.46770362031249996 0.3164982640625 0.47177430625000005 0.31573511875000004 0.46821254999999995 0.31064682499999996 0.4595622515625 0.301233134375 0.4468412703125 0.2867311515625 0.4427705859375 0.286985615625 0.4409895828125 0.3030141375 0.445569196875 0.305558284375 0.44913095312499995 0.3068303578125 0.44913095312499995 0.30962896875
5 0.5529342765624999 0.3233678078125 0.5455560515625 0.3185337296875 0.5307998515625 0.30733928593750004 0.526474703125 0.31548065468750003 0.5305453875 0.32667509843750003 0.52672891875 0.3335443953125 0.5486091265625 0.33532539687499996 0.5600580359375 0.331763640625 0.5529342765624999 0.3233678078125
5 0.4636329359375 0.1862353671875 0.4580357140625 0.18954290625 0.45040302656250003 0.197175346875 0.44811334374999995 0.198701884375 0.44048065468750003 0.20328149843749999 0.439717509375 0.2096421125 0.44607787656250003 0.21142286718749997 0.452947171875 0.2129494046875 0.46032539687499996 0.22261731093749998 0.461851934375 0.22109102187500002 0.46821254999999995 0.2134583328125 0.4740642359375 0.21651140937500002 0.47660838281249995 0.22159970312500002 0.485512896875 0.217274553125 0.492382440625 0.21600247968750003 0.5058665671875 0.21931002031250002 0.512990328125 0.21676587343749998 0.5119727187499999 0.2078611109375 0.489329365625 0.19946527812499998 0.4796614578125 0.1869985125 0.47330084375 0.1847088296875 0.4636329359375 0.1862353671875
5 0.46897569375000003 0.1641009421875 0.4615974703125 0.1605389390625 0.4524384921875 0.165373015625 0.45040302656250003 0.17147891875000001 0.45091195468749995 0.1740233140625 0.4562547125 0.18318229218749998 0.4702477671875 0.180892609375 0.47380977187499995 0.177839534375 0.46897569375000003 0.1641009421875
5 0.4600709328125 0.164355159375 0.46490500937499996 0.1564682546875 0.4615974703125 0.1536696421875 0.45371056562499995 0.14858134843749998 0.4379365078125 0.1424751984375 0.4297951390625 0.141203125 0.42775967187499997 0.14323834375 0.435137896875 0.162319940625 0.40130009843750003 0.2562008921875 0.40282663750000003 0.26052604218750003 0.40537078437499996 0.26001711250000004 0.4175828375 0.2582361109375 0.4188549109375 0.2556919640625 0.419109375 0.24856820468750002 0.4264875984375 0.2371192953125 0.4501485609375 0.1752953875 0.44862202343749996 0.1717333828125 0.45091195468749995 0.1691892359375 0.4600709328125 0.164355159375
5 0.43500669687500004 0.2412686015625 0.437471478125 0.235517609375 0.44144246093749995 0.22648015937500002 0.43473288749999994 0.22182465312500002 0.4277495046875 0.23455902812499999 0.42939260937499996 0.2353807046875 0.43500669687500004 0.2412686015625
5 0.4892296625 0.28403769843750004 0.49654637968750004 0.2912080859375 0.5034241078125 0.29106175625 0.5086922125 0.286086309375 0.5044486609375001 0.27891592187500003 0.4985952375 0.273794146875 0.47854712343749994 0.25711185468750003 0.478693453125 0.26179464218750004 0.47957142812500003 0.2663311015625 0.47415699375000003 0.269550346875 0.47708382968749996 0.277013640625 0.4892296625 0.28403769843750004
5 0.4649379953125 0.2650141375 0.4702061015625 0.2685260421875 0.47591319375 0.2675017359375 0.476644840625 0.2606240078125 0.475766865625 0.2555022328125 0.47079141875 0.2505267859375 0.46625496093749996 0.248185515625 0.4634744546875 0.24935615156250002 0.46801091250000004 0.2555022328125 0.4656696421875 0.25828249062499997 0.461572171875 0.261940971875 0.4649379953125 0.2650141375
5 0.514777034375 0.1871014390625 0.5154084828125 0.18541765937500002 0.5219327875 0.18289211249999998 0.5250897812499999 0.1814188984375 0.527615328125 0.1784724703125 0.5301408734375 0.1708958328125 0.5345607640625001 0.158478421875 0.5185654765625001 0.1496391375 0.5149875984375 0.1553216765625 0.4552162703125 0.1260672125 0.45079637968749997 0.1264880953125 0.4463767359375 0.1414310515625 0.45205927656249995 0.147323909375 0.456268353125 0.1452192453125 0.4634241078125 0.14753447343749998 0.505095734375 0.17152728125 0.50846329375 0.174684028125 0.5048854171875 0.1795248015625 0.514777034375 0.1871014390625
5 0.44658730156250004 0.1868908734375 0.44406175625 0.19257341249999999 0.4472185015625 0.1963618546875 0.45647891874999996 0.19110019843749998 0.46489756875 0.1858387890625 0.4773147328125 0.1860491078125 0.4794193953125 0.1860491078125 0.4802611609375 0.17868303593749998 0.4760520828125 0.17889335312500002 0.46405555625000006 0.18394444375000002 0.454584821875 0.184155009375 0.45100694375000006 0.1797353671875 0.44658730156250004 0.1868908734375
5 0.5133038187500001 0.1530064484375 0.516881696875 0.14837624062500002 0.527405009375 0.1542693453125 0.5358234125 0.1561634421875 0.5566592265625 0.15679489062500002 0.563394096875 0.1517438 0.574127728125 0.15405877968749998 0.5810729171875 0.15721577343749998 0.590754215625 0.16058308593749998 0.5968576390625 0.15763665625 0.6090644843749999 0.1487971234375 0.6157993546875 0.1544796625 0.623586309375 0.16331919687500002 0.6273747515625 0.1553216765625 0.62695386875 0.1424833828125 0.5545545640625 0.1393263890625 0.5318246531249999 0.1363799609375 0.5284573406249999 0.1391158234375 0.5149875984375 0.14101016875 0.5053063 0.135537946875 0.4773147328125 0.135537946875 0.49730877968750004 0.14753447343749998 0.5006760906250001 0.14858680625 0.5133038187500001 0.1530064484375
5 0.507200396875 0.10649429531250001 0.5053063 0.1136498015625 0.504464534375 0.1168067953125 0.504464534375 0.1199637890625 0.5040436515625 0.1275404265625 0.5038330859375 0.1330124015625 0.5074109625000001 0.136590278125 0.5151981640625001 0.138694940625 0.5290885421875 0.1380634921875 0.530772321875 0.1330124015625 0.5718125 0.1414310515625 0.5913856640625 0.14101016875 0.593490328125 0.131118303125 0.59222743125 0.1233311015625 0.5322455359375 0.11154538750000001 0.5316140875 0.10396875000000001 0.5124620531249999 0.1020744046875 0.507200396875 0.10649429531250001