5 0.23189484062500001 0.8214285718750001 0.234623015625 0.828125 0.23759920625 0.8303571421875 0.23958333281250002 0.8298611109375 0.24181547656250002 0.830853175 0.2445436515625 0.833829365625 0.2455357140625 0.8365575390625001 0.2485119046875 0.856646825 0.25347222187499996 0.8797123015625001 0.2549603171875 0.896329365625 0.25694444375000003 0.90029761875 0.2581845234375 0.91592261875 0.259424603125 0.918898809375 0.262896825 0.9392361109375 0.264880953125 0.9441964281249999 0.2668650796875 0.946924603125 0.2757936515625 0.94990079375 0.291170634375 0.947420634375 0.29340277812500004 0.9484126984374999 0.2953869046875 0.943204365625 0.296130953125 0.936755953125 0.2956349203125 0.9268353171875001 0.294394840625 0.9151785718750001 0.2926587296875 0.9117063484375001 0.2921626984375 0.903521825 0.2891865078125 0.893353175 0.2904265875 0.8869047625 0.28794642812500004 0.874751984375 0.2824900796875 0.8420138890625 0.287450396875 0.8134920640625 0.283978175 0.7948908734375 0.2792658734375 0.7862103171875 0.27008928593750003 0.7849702375 0.265625 0.7864583328125 0.2576884921875 0.786954365625 0.24950396874999997 0.790674603125 0.2462797625 0.7904265875 0.2445436515625 0.7921626984375 0.23710317500000003 0.794394840625 0.231398809375 0.7986111109375 0.2289186515625 0.8050595234375001 0.2289186515625 0.8087797625 0.2304067453125 0.8110119046875001 0.23189484062500001 0.8214285718750001
5 0.2914186515625 0.7951388890625 0.2956349203125 0.8015873015625001 0.3045634921875 0.8077876984374999 0.3196924609375 0.8301091265625 0.32862103125000003 0.8390376984374999 0.3328373015625 0.8454861109375 0.33506944375000003 0.84697420625 0.3365575390625 0.8509424609374999 0.334325396875 0.8616071421875 0.3358134921875 0.86532738125 0.341021825 0.8727678578125 0.3519345234375 0.884424603125 0.3546626984375 0.8856646828124999 0.36036706406249996 0.884424603125 0.3635912703125 0.8851686515624999 0.3685515875 0.8804563484375001 0.375248015625 0.877728175 0.3821924609375 0.8730158734375 0.38467261875 0.8678075390625001 0.3859126984375 0.8590029765624999 0.39012896874999997 0.84970238125 0.39012896874999997 0.8449900796875 0.38715277812500004 0.83779761875 0.375 0.8266369046875001 0.36607142812500004 0.82490079375 0.3635912703125 0.82217261875 0.361855159375 0.8216765875 0.35044642812500004 0.80654761875 0.3459821421875 0.8038194437499999 0.3400297625 0.7958829359374999 0.330605159375 0.7914186515625 0.32911706406249996 0.78720238125 0.3226686515625 0.778769840625 0.3196924609375 0.778769840625 0.31150793593750004 0.77529761875 0.3050595234375 0.7666170640625001 0.2986111109375 0.762152778125 0.29365079375 0.7589285718750001 0.2914186515625 0.7591765875 0.28447420625 0.7633928578125 0.281498015625 0.7673611109375 0.2795138890625 0.771329365625 0.28025793593750004 0.7790178578125 0.28720238125 0.7931547625 0.2914186515625 0.7951388890625
5 0.12673611093749998 0.7849702375 0.1314484125 0.7792658734375 0.1331845234375 0.7710813484375 0.1359126984375 0.7671130953125 0.13988095312499998 0.762152778125 0.1485615078125 0.7544642859375 0.15277777812499999 0.7522321421875 0.15724206406250002 0.7366071421875 0.15575396875 0.728670634375 0.15277777812499999 0.7261904765625 0.13740079375 0.72197420625 0.12847222187500001 0.7209821421875 0.125 0.7209821421875 0.125 0.7876984125 0.1262400796875 0.7876984125 0.12673611093749998 0.7849702375
5 0.4206349203125 0.881200396875 0.424603175 0.908730159375 0.43030753906249997 0.92137896875 0.4310515875 0.927579365625 0.43526785781250005 0.9305555562500001 0.443700396875 0.9300595234375001 0.4516369046875 0.927579365625 0.4605654765625 0.9228670640625 0.46279761875 0.90674603125 0.466269840625 0.9077380953124999 0.47569444375 0.9017857140625001 0.49553571406249997 0.8950892859374999 0.4982638890625 0.8928571421875 0.5014880953125 0.8953373015625001 0.5133928578125 0.88740079375 0.5245535718750001 0.8839285718750001 0.527777778125 0.8839285718750001 0.5302579359374999 0.8821924609374999 0.5394345234375 0.8794642859374999 0.544394840625 0.8764880953124999 0.5486111109375 0.8772321421875 0.5523313484375 0.87450396875 0.562748015625 0.8705357140625001 0.568700396875 0.861855159375 0.568700396875 0.8573908734375 0.564980159375 0.8482142859374999 0.562748015625 0.8452380953124999 0.5538194437499999 0.84375 0.5515873015625 0.8449900796875 0.5424107140625 0.8457341265625 0.541170634375 0.846726190625 0.4585813484375 0.87549603125 0.4427083328125 0.872321428125 0.443700396875 0.87450396875 0.44051830625 0.8718834234375 0.439980159375 0.87177579375 0.4403876140625 0.87177579375 0.43948412656249997 0.8710317453125 0.43154761875 0.8759920640625 0.422123015625 0.8769841265625 0.42113095312500004 0.8789682546875 0.4206349203125 0.881200396875
5 0.4925595234375 0.9923115078125001 0.49603174531249994 0.9858630953124999 0.499751984375 0.9823908734375 0.5009920640625001 0.9779265875 0.5101686515625 0.965277778125 0.512152778125 0.9603174609374999 0.52157738125 0.9551091265625 0.530505953125 0.9553571421875 0.5324900796875001 0.952876984375 0.536954365625 0.95262896875 0.5419146828125 0.943700396875 0.5451388890625 0.9427083328125001 0.5483630953125 0.9384920640625 0.549851190625 0.93154761875 0.54365079375 0.9258432546875 0.5394345234375 0.9181547625 0.5329861109375 0.9136904765624999 0.53075396875 0.9107142859374999 0.512896825 0.8960813484375001 0.509920634375 0.8955853171875001 0.5076884921875 0.896329365625 0.5042162703125 0.8995535718750001 0.503472221875 0.903769840625 0.49801587343750003 0.912450396875 0.49627976250000005 0.9179067453125 0.49280753906249997 0.9236111109375 0.49553571406249997 0.9303075390625001 0.48883928593750003 0.94717261875 0.48784722187499996 0.9518849203125 0.48487103125 0.9573412703124999 0.48040674531249994 0.962549603125 0.47718253906249997 0.968998015625 0.466269840625 0.983630953125 0.46304563437499996 0.990575396875 0.4595734125 0.99404761875 0.4585813484375 0.999751984375 0.48809523749999995 0.999751984375 0.4893353171875 0.9952876984374999 0.4925595234375 0.9923115078125001
5 0.5677083328125 0.987103175 0.5739087296875 0.9918154765624999 0.57762896875 0.9962797625 0.5803571421875 0.99677579375 0.5828373015625 0.9957837296875001 0.5865575390625 0.9960317453125 0.588045634375 0.9950396828124999 0.5992063484375 0.9821428578125 0.6046626984375 0.974454365625 0.605902778125 0.9709821421875 0.6039186515625 0.9642857140625001 0.6004464281249999 0.95907738125 0.6006944437499999 0.94990079375 0.59970238125 0.9466765875 0.6039186515625 0.94072420625 0.6056547625 0.9397321421875 0.609375 0.94072420625 0.6111111109375 0.939980159375 0.6133432546875001 0.9365079359375 0.6160714281249999 0.9352678578125 0.6175595234375 0.9320436515624999 0.62450396875 0.927579365625 0.62549603125 0.9238591265625 0.637648809375 0.911954365625 0.6393849203124999 0.9084821421875 0.64112103125 0.89657738125 0.6423611109375 0.8950892859374999 0.6448412703125 0.8958333328125001 0.6512896828125 0.8893849203125 0.6510416671875 0.8762400796875 0.6416170640625001 0.874255953125 0.6302083328125 0.8764880953124999 0.62822420625 0.8799603171875001 0.62549603125 0.881200396875 0.62450396875 0.88467261875 0.622271825 0.887648809375 0.6185515875 0.8888888890625 0.6178075390625 0.891369046875 0.612351190625 0.8953373015625001 0.60987103125 0.9007936515624999 0.6024305562500001 0.906994046875 0.5982142859375 0.9136904765624999 0.5865575390625 0.9263392859374999 0.578373015625 0.9300595234375001 0.56845238125 0.9305555562500001 0.56299603125 0.9335317453125 0.55927579375 0.9375 0.5488591265625 0.9444444437499999 0.546130953125 0.94717261875 0.5451388890625 0.9511408734375 0.5451388890625 0.956101190625 0.5518353171875 0.9645337296875001 0.5540674609375 0.9709821421875 0.5677083328125 0.987103175
5 0.6421130953125 0.8422619046875001 0.646329365625 0.84325396875 0.65674603125 0.84424603125 0.66220238125 0.843005953125 0.6651785718750001 0.84052579375 0.668402778125 0.833829365625 0.672123015625 0.818204365625 0.6701388890625 0.7889384921875 0.672619046875 0.7641369046875 0.672619046875 0.7393353171875 0.67137896875 0.7321428578125 0.66865079375 0.7269345234375 0.6654265875 0.7234623015625 0.659722221875 0.728670634375 0.6547619046875 0.7413194437499999 0.6488095234375 0.7519841265625 0.6483134921875 0.7609126984375 0.64657738125 0.76612103125 0.6450892859375 0.77802579375 0.6455853171875 0.7832341265625 0.643353175 0.794394840625 0.6364087296875 0.8102678578125 0.6324404765625 0.8142361109375 0.6304563484375 0.827876984375 0.6302083328125 0.8345734125 0.6321924609375 0.838045634375 0.637648809375 0.8392857140625001 0.6421130953125 0.8422619046875001
5 0.5758928578125 0.8611111109375 0.5801091265625 0.8633432546875 0.5830853171875 0.8668154765624999 0.59375 0.8705357140625001 0.5959821421875 0.8727678578125 0.605902778125 0.874751984375 0.60887896875 0.8767361109375 0.615079365625 0.877976190625 0.6185515875 0.878472221875 0.62177579375 0.8764880953124999 0.625 0.8700396828124999 0.6287202375 0.8506944437499999 0.6294642859375 0.8415178578125 0.6267361109375 0.8365575390625001 0.6160714281249999 0.82862103125 0.610119046875 0.825644840625 0.606398809375 0.8266369046875001 0.6024305562500001 0.82490079375 0.59424603125 0.8234126984374999 0.5863095234375 0.8234126984374999 0.5825892859375 0.82490079375 0.580605159375 0.8266369046875001 0.5771329359374999 0.8345734125 0.575644840625 0.8417658734375 0.5726686515625 0.849454365625 0.5729166671875 0.8571428578125 0.5758928578125 0.8611111109375
5 0.6832837296875 0.7380952375 0.687748015625 0.74404761875 0.6966765875 0.747271825 0.700644840625 0.750248015625 0.703373015625 0.7477678578125 0.706597221875 0.740079365625 0.7070932546875001 0.7363591265625 0.709325396875 0.7328869046875 0.7103174609375 0.7274305562500001 0.718005953125 0.7051091265625 0.7328869046875 0.666170634375 0.7366071421875 0.6542658734375 0.7366071421875 0.6517857140625 0.737351190625 0.6498015875 0.7393353171875 0.6483134921875 0.7413194437499999 0.6426091265625 0.743799603125 0.630704365625 0.7393353171875 0.6240079359374999 0.7356150796875001 0.622519840625 0.7333829359374999 0.6227678578125 0.72842261875 0.627480159375 0.724454365625 0.634920634375 0.7177579359374999 0.6423611109375 0.715277778125 0.650049603125 0.7115575390625 0.6540178578125 0.7100694437499999 0.661954365625 0.7051091265625 0.668898809375 0.7046130953125 0.6731150796875001 0.699652778125 0.68154761875 0.6994047625 0.6852678578125 0.697420634375 0.687251984375 0.688244046875 0.6892361109375 0.6875 0.693204365625 0.6855158734375 0.6951884921875 0.6825396828125 0.7018849203124999 0.677579365625 0.7051091265625 0.6755952375 0.7115575390625 0.6738591265625 0.721230159375 0.674603175 0.72842261875 0.6763392859375 0.7323908734375 0.6832837296875 0.7380952375
5 0.3665674609375 0.48834325468750006 0.37177579375 0.48809523749999995 0.37152777812500004 0.49007936562500004 0.374751984375 0.493303571875 0.375248015625 0.49776785781250005 0.377480159375 0.5022321421875 0.3883928578125 0.5178571421875 0.389880953125 0.5223214281249999 0.396130953125 0.5303075390624999 0.40575396875 0.5456349203124999 0.40972222187499996 0.549355159375 0.41046627031250005 0.552579365625 0.41468253906249997 0.556299603125 0.41865079375 0.565476190625 0.418898809375 0.5694444437499999 0.424355159375 0.577380953125 0.428075396875 0.5793650796875001 0.4295634921875 0.583829365625 0.4310515875 0.5853174609375 0.43402777812500004 0.5830853171875 0.4392361109375 0.5830853171875 0.4422123015625 0.5818452375 0.44866071406249997 0.575644840625 0.450396825 0.568700396875 0.450148809375 0.5642361109375 0.44618055625 0.559027778125 0.4456845234375 0.5560515875 0.4424603171875 0.5553075390625 0.43973214218749995 0.54637896875 0.4365079359375 0.544394840625 0.43377976250000005 0.5396825390625 0.431299603125 0.5386904765625 0.428075396875 0.5302579359374999 0.4050099203125 0.497023809375 0.4045138890625 0.4935515875 0.4079861109375 0.48487103125 0.4074900796875 0.4766865078125 0.4012896828125 0.4766865078125 0.40029761875 0.47321428593750003 0.4012896828125 0.4704861109375 0.3970734125 0.46651785781250005 0.390376984375 0.46478174531249994 0.38467261875 0.46453372968749995 0.3762400796875 0.46651785781250005 0.3735119046875 0.46875 0.369295634375 0.4702380953125 0.3658234125 0.47321428593750003 0.36259920625 0.478174603125 0.3608630953125 0.481894840625 0.3611111109375 0.48363095312500004 0.3648313484375 0.4853670640625 0.3665674609375 0.48834325468750006
5 0.4982638890625 0.57862103125 0.5109126984375 0.57762896875 0.5173611109375 0.5763888890625 0.5225694437499999 0.5739087296875 0.533730159375 0.57217261875 0.5367063484375 0.5699404765625 0.540674603125 0.5691964281249999 0.5431547625 0.5667162703125 0.5491071421875 0.5637400796875001 0.5510912703125 0.5647321421875 0.5538194437499999 0.562748015625 0.5570436515625 0.56299603125 0.5689484125 0.5605158734375 0.5711805562500001 0.55927579375 0.580605159375 0.5580357140625 0.5833333328125 0.5560515875 0.6009424609375 0.5508432546875001 0.609623015625 0.549355159375 0.612847221875 0.547123015625 0.6165674609375 0.54637896875 0.618799603125 0.544394840625 0.6267361109375 0.5426587296875 0.6388888890625 0.5421626984375 0.640873015625 0.5446428578125 0.6418650796875001 0.5486111109375 0.6450892859375 0.546875 0.6478174609375 0.5508432546875001 0.6510416671875 0.549851190625 0.6547619046875 0.5505952375 0.65674603125 0.549603175 0.659226190625 0.5446428578125 0.6599702375 0.5332341265625 0.6542658734375 0.5136408734375 0.6522817453124999 0.5116567453124999 0.6495535718750001 0.50595238125 0.6445932546875001 0.5012400796875001 0.6388888890625 0.500248015625 0.634920634375 0.503472221875 0.6304563484375 0.5116567453124999 0.6197916671875 0.518601190625 0.6163194437499999 0.51884920625 0.5833333328125 0.530505953125 0.5766369046875 0.531498015625 0.563244046875 0.53720238125 0.560019840625 0.5359623015625 0.556299603125 0.5381944437499999 0.5540674609375 0.5379464281249999 0.5478670640625001 0.5396825390625 0.5453869046875 0.5391865078125 0.5376984125 0.5431547625 0.531498015625 0.544394840625 0.521329365625 0.5483630953125 0.515376984375 0.5481150796875001 0.5044642859375 0.5538194437499999 0.49553571406249997 0.5548115078125 0.493799603125 0.55654761875 0.49156746093750003 0.562251984375 0.49131944375 0.568204365625 0.493303571875 0.575644840625 0.4947916671875 0.57762896875 0.4982638890625 0.57862103125
5 0.23685515937499999 0.45362103125 0.237351190625 0.46304563437499996 0.2420634921875 0.47594246093750003 0.2435515875 0.48511904687499996 0.2477678578125 0.49404761875 0.24826388906250002 0.5019841265625 0.2512400796875 0.5069444437499999 0.2549603171875 0.5195932546875001 0.2641369046875 0.54092261875 0.266369046875 0.5538194437499999 0.278521825 0.5863095234375 0.28447420625 0.5922619046875 0.2884424609375 0.5927579359374999 0.2904265875 0.5952380953125 0.29340277812500004 0.5917658734375 0.2986111109375 0.591021825 0.3050595234375 0.5920138890625 0.3050595234375 0.5890376984375 0.3015873015625 0.5803571421875 0.299355159375 0.5644841265625 0.296130953125 0.56200396875 0.2931547625 0.549603175 0.290674603125 0.5486111109375 0.290674603125 0.54092261875 0.2886904765625 0.537450396875 0.2884424609375 0.5329861109375 0.28472222187499996 0.53075396875 0.2834821421875 0.5271577375 0.28224206406249996 0.5166170640625001 0.2792658734375 0.5111607140625 0.2757936515625 0.497519840625 0.27256944375000003 0.4918154765625 0.2698412703125 0.4739583328125 0.265376984375 0.46502976250000005 0.2643849203125 0.4595734125 0.264880953125 0.45238095312500004 0.2673611109375 0.446428571875 0.27008928593750003 0.4429563484375 0.2710813484375 0.4392361109375 0.2641369046875 0.434771825 0.24950396874999997 0.434771825 0.2388392859375 0.4384920640625 0.2331349203125 0.43948412656249997 0.2296626984375 0.44345238125 0.22941468281250002 0.44742063437499996 0.2306547625 0.45114087343750003 0.23635912656250002 0.45262896875 0.23685515937499999 0.45362103125
5 0.2581845234375 0.42509920625 0.2604166671875 0.42633928593750003 0.2641369046875 0.43154761875 0.265625 0.4310515875 0.2708333328125 0.434523809375 0.2757936515625 0.43973214218749995 0.278521825 0.4387400796875 0.281498015625 0.43030753906249997 0.28447420625 0.42782738125 0.2862103171875 0.42385912656249997 0.2904265875 0.42261904687499996 0.291170634375 0.41989087343750003 0.296130953125 0.4139384921875 0.299603175 0.41220238125 0.302579365625 0.409226190625 0.3077876984375 0.40699404687499996 0.3110119046875 0.40699404687499996 0.318700396875 0.3983134921875 0.3231646828125 0.3960813484375 0.32465277812500004 0.3926091265625 0.3263888890625 0.391369046875 0.328869046875 0.390625 0.33159722187499996 0.39112103125000003 0.3358134921875 0.3891369046875 0.3387896828125 0.38392857187499996 0.346230159375 0.380704365625 0.3479662703125 0.377728175 0.3529265875 0.37400793593750004 0.3551587296875 0.3702876984375 0.3573908734375 0.3695436515625 0.36036706406249996 0.365575396875 0.36383928593750003 0.365079365625 0.361855159375 0.36383928593750003 0.3616071421875 0.3611111109375 0.3695436515625 0.356646825 0.3700396828125 0.353174603125 0.372023809375 0.349454365625 0.37177579375 0.34474206406249996 0.369295634375 0.34275793593750004 0.3665674609375 0.3422619046875 0.3640873015625 0.34325396874999997 0.36036706406249996 0.3425099203125 0.3521825390625 0.34375 0.34821428593750003 0.346726190625 0.3457341265625 0.3509424609375 0.34275793593750004 0.35267857187499996 0.341269840625 0.35590277812500004 0.3373015875 0.356646825 0.33134920625 0.3606150796875 0.32862103125000003 0.3658234125 0.325396825 0.3670634921875 0.322420634375 0.3710317453125 0.30803571406249997 0.3764880953125 0.30580357187499996 0.381200396875 0.3015873015625 0.3829365078125 0.290674603125 0.39012896874999997 0.2886904765625 0.39384920625 0.262648809375 0.408978175 0.256200396875 0.40699404687499996 0.2487599203125 0.40674603125 0.24503968281250002 0.4079861109375 0.2435515875 0.41046627031250005 0.2435515875 0.412450396875 0.24677579375 0.415674603125 0.250248015625 0.4166666671875 0.2581845234375 0.42509920625
5 0.2981150796875 0.4320436515625 0.2981150796875 0.43526785781250005 0.299355159375 0.4362599203125 0.3020833328125 0.44444444375 0.3045634921875 0.44742063437499996 0.3053075390625 0.45089285781250005 0.310019840625 0.4548611109375 0.312251984375 0.4623015875 0.3125 0.4670138890625 0.3137400796875 0.468998015625 0.31696428593750003 0.47073412656249997 0.3172123015625 0.47470238125 0.3196924609375 0.4828869046875 0.3241567453125 0.4918154765625 0.3258928578125 0.49801587343750003 0.328373015625 0.50049603125 0.33258928593750003 0.5014880953125 0.33258928593750003 0.5037202375 0.331101190625 0.505704365625 0.3303571421875 0.5136408734375 0.3318452375 0.5146329359374999 0.34424603125000003 0.5334821421875 0.3452380953125 0.5384424609375 0.3521825390625 0.5510912703125 0.359623015625 0.5706845234375 0.3608630953125 0.5768849203124999 0.3581349203125 0.583829365625 0.3546626984375 0.5865575390625 0.3539186515625 0.5917658734375 0.3511904765625 0.5957341265625 0.3578869046875 0.6014384921875 0.3640873015625 0.5992063484375 0.365079365625 0.6014384921875 0.3675595234375 0.603174603125 0.372519840625 0.603670634375 0.375248015625 0.6024305562500001 0.381200396875 0.6026785718750001 0.3841765875 0.6006944437499999 0.3928571421875 0.5984623015625 0.4012896828125 0.59375 0.406001984375 0.5895337296875 0.409226190625 0.5845734125 0.41046627031250005 0.5739087296875 0.4047619046875 0.5662202375 0.3988095234375 0.5642361109375 0.39149305624999997 0.5634920640625001 0.384424603125 0.5577876984375 0.3824404765625 0.549851190625 0.372271825 0.531001984375 0.3702876984375 0.5238095234375 0.361855159375 0.5089285718750001 0.35267857187499996 0.487103175 0.34821428593750003 0.48090277812500004 0.34325396874999997 0.4702380953125 0.3390376984375 0.4670138890625 0.33680555624999997 0.4635416671875 0.33407738125 0.4541170640625 0.3298611109375 0.45089285781250005 0.32862103125000003 0.44320436562500004 0.3268849203125 0.44122023749999995 0.325396825 0.4375 0.325644840625 0.43551587343750003 0.3201884921875 0.42385912656249997 0.3167162703125 0.4203869046875 0.3144841265625 0.41989087343750003 0.313244046875 0.41592261875 0.310019840625 0.412450396875 0.306795634375 0.4109623015625 0.30133928593750003 0.4112103171875 0.296130953125 0.41592261875 0.294394840625 0.419394840625 0.294394840625 0.42385912656249997 0.296130953125 0.4293154765625 0.2981150796875 0.4320436515625
5 0.31299603125000003 0.6788194437499999 0.3147321421875 0.68154761875 0.315228175 0.684771825 0.3167162703125 0.6852678578125 0.3179563484375 0.687251984375 0.32366071406249997 0.6887400796875001 0.3258928578125 0.690476190625 0.32490079375 0.693204365625 0.33134920625 0.6981646828125 0.334325396875 0.6981646828125 0.3373015875 0.6961805562500001 0.34027777812500004 0.69717261875 0.346230159375 0.6929563484375 0.35069444375000003 0.68154761875 0.3511904765625 0.677579365625 0.35243055624999997 0.67509920625 0.356894840625 0.6708829359374999 0.3608630953125 0.672619046875 0.38715277812500004 0.662450396875 0.39161706406249996 0.659226190625 0.3985615078125 0.656994046875 0.41021825468750006 0.6550099203124999 0.4203869046875 0.6490575390625 0.4293154765625 0.6475694437499999 0.43353174531249994 0.6458333328125 0.43551587343750003 0.6426091265625 0.43836805625 0.6416170640625001 0.4427083328125 0.6426091265625 0.4476686515625 0.6396329359374999 0.4513888890625 0.6386408734375 0.45659722187499996 0.6336805562500001 0.46428571406249997 0.63095238125 0.46527777812500004 0.6267361109375 0.4734623015625 0.6230158734375 0.4742063484375 0.615079365625 0.47197420625 0.6113591265625 0.46924603125 0.609375 0.4548611109375 0.6106150796875001 0.4513888890625 0.6135912703125 0.4479166671875 0.615079365625 0.4427083328125 0.615575396875 0.43377976250000005 0.618799603125 0.43303571406249997 0.6207837296875 0.4295634921875 0.6207837296875 0.428075396875 0.6197916671875 0.421626984375 0.624255953125 0.419394840625 0.6230158734375 0.41592261875 0.6227678578125 0.40848214218749995 0.62549603125 0.40203372968749995 0.62549603125 0.3960813484375 0.6272321421875 0.3926091265625 0.6302083328125 0.387648809375 0.63095238125 0.3831845234375 0.6334325390625 0.375248015625 0.6339285718750001 0.37400793593750004 0.6359126984375 0.37177579375 0.6366567453124999 0.36904761875 0.6361607140625 0.3578869046875 0.637648809375 0.3519345234375 0.6416170640625001 0.3489583328125 0.6418650796875001 0.3457341265625 0.6445932546875001 0.34325396874999997 0.643601190625 0.3397817453125 0.638144840625 0.33258928593750003 0.6329365078125 0.3244047625 0.630704365625 0.32366071406249997 0.6269841265625 0.3226686515625 0.6262400796875001 0.31919642812500004 0.6331845234375 0.3139880953125 0.637152778125 0.312251984375 0.6460813484375 0.3102678578125 0.650545634375 0.309771825 0.661954365625 0.3110119046875 0.6698908734375 0.312748015625 0.6731150796875001 0.31299603125000003 0.6788194437499999
5 0.5424107140625 0.668402778125 0.5518353171875 0.6736111109375 0.5570436515625 0.6736111109375 0.559523809375 0.6679067453124999 0.562748015625 0.665674603125 0.5642361109375 0.6607142859375 0.568204365625 0.656001984375 0.5873015875 0.646329365625 0.5917658734375 0.6428571421875 0.603670634375 0.638144840625 0.6073908734375 0.634920634375 0.610119046875 0.6336805562500001 0.61259920625 0.6341765875 0.6237599203124999 0.6269841265625 0.6391369046875 0.6205357140625 0.64112103125 0.6180555562500001 0.6510416671875 0.615575396875 0.6540178578125 0.611855159375 0.6584821421875 0.609126984375 0.662450396875 0.6081349203124999 0.6639384921875 0.6006944437499999 0.6636904765625 0.59375 0.65947420625 0.587549603125 0.65674603125 0.5858134921875 0.652777778125 0.5855654765625 0.6507936515625 0.583829365625 0.6453373015625 0.5892857140625 0.6421130953125 0.5892857140625 0.640625 0.5915178578125 0.6302083328125 0.5947420640625001 0.627728175 0.5974702375 0.6185515875 0.6004464281249999 0.608630953125 0.6056547625 0.6024305562500001 0.606646825 0.5979662703125 0.6103670640625001 0.5887896828125 0.6133432546875001 0.5863095234375 0.6165674609375 0.580605159375 0.6173115078125 0.5741567453124999 0.6210317453124999 0.568700396875 0.622519840625 0.556795634375 0.6302083328125 0.549851190625 0.6302083328125 0.5424107140625 0.625 0.5391865078125 0.625248015625 0.5329861109375 0.630704365625 0.53075396875 0.6361607140625 0.5302579359374999 0.643105159375 0.5329861109375 0.6579861109375 0.5396825390625 0.6639384921875 0.5424107140625 0.668402778125
5 0.368799603125 0.6986607140625 0.374751984375 0.7008928578125 0.377728175 0.700148809375 0.384424603125 0.700644840625 0.40997023749999995 0.708829365625 0.419146825 0.7098214281249999 0.42584325468750006 0.71279761875 0.43303571406249997 0.7142857140625 0.4427083328125 0.7137896828125 0.44469246093750003 0.712549603125 0.44717261875 0.7080853171875 0.450644840625 0.693700396875 0.4484126984375 0.6884920640625001 0.439980159375 0.6860119046875 0.437251984375 0.68427579375 0.434523809375 0.684523809375 0.4310515875 0.6822916671875 0.4283234125 0.6835317453124999 0.42534722187499996 0.681299603125 0.42237103125 0.68154761875 0.406001984375 0.6785714281249999 0.40277777812500004 0.6790674609375 0.375744046875 0.674355159375 0.3727678578125 0.67509920625 0.3695436515625 0.6733630953125 0.3616071421875 0.6760912703125 0.3576388890625 0.675347221875 0.3541666671875 0.6768353171875 0.3519345234375 0.6800595234375 0.34970238125 0.6897321421875 0.349454365625 0.6954365078125 0.35069444375000003 0.6966765875 0.3608630953125 0.6986607140625 0.368799603125 0.6986607140625
5 0.40302579375 0.71924603125 0.422123015625 0.7299107140625 0.4298115078125 0.7326388890625 0.43402777812500004 0.7363591265625 0.44171627031250005 0.7393353171875 0.4456845234375 0.7393353171875 0.44965277812500004 0.7356150796875001 0.453373015625 0.72470238125 0.45262896875 0.7204861109375 0.4456845234375 0.715773809375 0.437251984375 0.7172619046875 0.430803571875 0.716269840625 0.42534722187499996 0.7150297625 0.421626984375 0.71279761875 0.4077380953125 0.7098214281249999 0.3988095234375 0.705853175 0.3958333328125 0.7068452375 0.393353175 0.7043650796875001 0.3893849203125 0.705605159375 0.38740079375 0.703869046875 0.38616071406249997 0.7041170640625001 0.3831845234375 0.7078373015625 0.3841765875 0.7103174609375 0.393353175 0.7137896828125 0.3958333328125 0.718005953125 0.40302579375 0.71924603125
5 0.3397817453125 0.7428075390625 0.3425099203125 0.7460317453124999 0.343005953125 0.752728175 0.34697420625 0.759424603125 0.3516865078125 0.7636408734375 0.3573908734375 0.7668650796875001 0.360119046875 0.771329365625 0.3635912703125 0.7745535718750001 0.37549603125000003 0.780505953125 0.3804563484375 0.7795138890625 0.3854166671875 0.7748015875 0.38740079375 0.7740575390625 0.39657738125 0.7643849203124999 0.3988095234375 0.7591765875 0.40178571406249997 0.7554563484375 0.40302579375 0.743799603125 0.40228174531249994 0.7361111109375 0.3943452375 0.728174603125 0.3792162703125 0.7197420640625001 0.3727678578125 0.7175099203124999 0.3640873015625 0.71924603125 0.359623015625 0.71875 0.34052579375 0.7070932546875001 0.32862103125000003 0.708829365625 0.3261408734375 0.7108134921875 0.322420634375 0.7080853171875 0.3179563484375 0.7075892859375 0.3139880953125 0.705853175 0.31150793593750004 0.7070932546875001 0.3112599203125 0.708829365625 0.3226686515625 0.7266865078125 0.32490079375 0.7323908734375 0.3397817453125 0.7428075390625
5 0.127976190625 0.6800595234375 0.1366567453125 0.6855158734375 0.146329365625 0.69345238125 0.162450396875 0.700148809375 0.1741071421875 0.7068452375 0.1755952375 0.7105654765625 0.17633928593749998 0.7167658734375 0.1738591265625 0.7207341265625 0.1793154765625 0.728670634375 0.181795634375 0.7296626984375 0.1855158734375 0.7331349203124999 0.1954365078125 0.737847221875 0.20510912656250002 0.740575396875 0.2140376984375 0.74032738125 0.2197420640625 0.7383432546875001 0.2232142859375 0.735119046875 0.2328869046875 0.7209821421875 0.23685515937499999 0.70907738125 0.23487103125000003 0.696924603125 0.230902778125 0.6919642859375 0.22594246093749998 0.6884920640625001 0.2202380953125 0.687251984375 0.2175099203125 0.6884920640625001 0.20833333281250002 0.684771825 0.1924603171875 0.681795634375 0.1453373015625 0.65575396875 0.134424603125 0.6540178578125 0.12822420625 0.656498015625 0.12673611093749998 0.6602182546875001 0.125 0.6607142859375 0.125 0.677579365625 0.1262400796875 0.677579365625 0.127976190625 0.6800595234375
5 0.18650793593749998 0.65029761875 0.1979166671875 0.6510416671875 0.2053571421875 0.6483134921875 0.20808531718749998 0.643353175 0.2140376984375 0.6388888890625 0.21949404687500002 0.6321924609375 0.2232142859375 0.6294642859375 0.22445436562499999 0.6269841265625 0.2232142859375 0.6185515875 0.22123015937499999 0.615079365625 0.2172619046875 0.611855159375 0.21552579375 0.606646825 0.20634920625 0.599454365625 0.20262896874999997 0.5984623015625 0.193700396875 0.5989583328125 0.1832837296875 0.5927579359374999 0.16592261875 0.590277778125 0.1698908734375 0.6205357140625 0.16939484062500001 0.6272321421875 0.17237103125 0.6329365078125 0.181795634375 0.6470734125 0.18650793593749998 0.65029761875
5 0.296875 0.31150793593750004 0.2951388890625 0.3142361109375 0.29340277812500004 0.327380953125 0.2914186515625 0.3301091265625 0.2896825390625 0.3360615078125 0.28794642812500004 0.353174603125 0.2884424609375 0.365079365625 0.2859623015625 0.36805555624999997 0.28472222187499996 0.3675595234375 0.283978175 0.3685515875 0.2832341265625 0.3888888890625 0.2824900796875 0.390625 0.2797619046875 0.3923611109375 0.281498015625 0.393353175 0.2864583328125 0.3926091265625 0.28794642812500004 0.3891369046875 0.29340277812500004 0.387896825 0.299851190625 0.38194444375000003 0.3018353171875 0.377480159375 0.3048115078125 0.375744046875 0.306299603125 0.3735119046875 0.30803571406249997 0.365079365625 0.3077876984375 0.3611111109375 0.3105158734375 0.3576388890625 0.3112599203125 0.3546626984375 0.311755953125 0.3328373015625 0.3139880953125 0.3244047625 0.318204365625 0.3142361109375 0.3204365078125 0.311755953125 0.321924603125 0.3053075390625 0.3244047625 0.3005952375 0.334325396875 0.296875 0.33680555624999997 0.2946428578125 0.338045634375 0.291170634375 0.338045634375 0.2864583328125 0.334325396875 0.2792658734375 0.3303571421875 0.27529761875 0.3226686515625 0.2705853171875 0.3167162703125 0.26909722187499996 0.3050595234375 0.268353175 0.30009920625 0.2708333328125 0.29637896874999997 0.271329365625 0.2929067453125 0.27529761875 0.2931547625 0.278769840625 0.29588293593750004 0.2864583328125 0.297123015625 0.2876984125 0.296875 0.31150793593750004
5 0.3167162703125 0.37053571406249997 0.3216765875 0.3685515875 0.3244047625 0.36532738125 0.3335813484375 0.35838293593750004 0.3420138890625 0.3492063484375 0.3484623015625 0.343998015625 0.35243055624999997 0.3420138890625 0.356894840625 0.337549603125 0.3571428578125 0.333829365625 0.34697420625 0.3258928578125 0.3330853171875 0.32118055624999997 0.325396825 0.3204365078125 0.3174603171875 0.321924603125 0.3144841265625 0.3258928578125 0.3139880953125 0.3296130953125 0.3228812 0.342140625 0.3137400796875 0.3658234125 0.314980159375 0.369295634375 0.3167162703125 0.37053571406249997
5 0.240575396875 0.3762400796875 0.246527778125 0.3730158734375 0.25099206406249996 0.36532738125 0.2564484125 0.3608630953125 0.2591765875 0.359375 0.264880953125 0.358630953125 0.27008928593750003 0.3546626984375 0.2730654765625 0.3492063484375 0.27777777812500004 0.344494046875 0.2790178578125 0.341269840625 0.281498015625 0.3400297625 0.28472222187499996 0.34052579375 0.287450396875 0.33705357187499996 0.2884424609375 0.33258928593750003 0.290674603125 0.3301091265625 0.29365079375 0.322420634375 0.2956349203125 0.311755953125 0.297619046875 0.309523809375 0.2981150796875 0.306299603125 0.296130953125 0.302579365625 0.29340277812500004 0.302579365625 0.2852182546875 0.3142361109375 0.27529761875 0.3216765875 0.268105159375 0.330605159375 0.2638888890625 0.333829365625 0.2564484125 0.34325396874999997 0.24925595312499998 0.349950396875 0.2408234125 0.362103175 0.23685515937499999 0.36532738125 0.234126984375 0.36904761875 0.234375 0.37053571406249997 0.2366071421875 0.3735119046875 0.240575396875 0.3762400796875
5 0.287450396875 0.49429563437499996 0.2921626984375 0.5017361109375 0.3010912703125 0.5084325390625 0.3072916671875 0.5106646828125 0.31696428593750003 0.5104166671875 0.3231646828125 0.5019841265625 0.3231646828125 0.493799603125 0.3201884921875 0.48834325468750006 0.3172123015625 0.47867063437499996 0.312748015625 0.47247023749999995 0.30803571406249997 0.46800595312500004 0.29786706406249996 0.4672619046875 0.2929067453125 0.46825396875 0.2832341265625 0.48239087343750003 0.281994046875 0.4861111109375 0.2827380953125 0.493799603125 0.28447420625 0.4947916671875 0.287450396875 0.49429563437499996
5 0.343998015625 0.536954365625 0.34375 0.5332341265625 0.3358134921875 0.516369046875 0.3301091265625 0.5081845234375 0.328373015625 0.5074404765625 0.3268849203125 0.5089285718750001 0.3216765875 0.5173611109375 0.3216765875 0.5275297625 0.33134920625 0.537450396875 0.3382936515625 0.5379464281249999 0.343998015625 0.536954365625
5 0.3918650796875 0.5540674609375 0.3958333328125 0.556299603125 0.3988095234375 0.55654761875 0.3978174609375 0.5520833328125 0.40029761875 0.5448908734375 0.40054563437499996 0.54092261875 0.39657738125 0.5324900796875001 0.38715277812500004 0.5220734125 0.37599206406249996 0.5203373015625 0.3712797625 0.521329365625 0.3710317453125 0.52529761875 0.3824404765625 0.549355159375 0.38715277812500004 0.5540674609375 0.3918650796875 0.5540674609375
5 0.450148809375 0.5359623015625 0.45734127031250005 0.531498015625 0.46006944375 0.525049603125 0.46155753906249997 0.5173611109375 0.45238095312500004 0.500744046875 0.446924603125 0.49578372968749995 0.43948412656249997 0.4923115078125 0.4375 0.4898313484375 0.43427579375 0.48809523749999995 0.4310515875 0.49007936562500004 0.4298115078125 0.493303571875 0.4389880953125 0.5349702375 0.44122023749999995 0.5396825390625 0.44593253906249997 0.5401785718750001 0.450148809375 0.5359623015625
5 0.5141369046875 0.50967261875 0.5292658734375 0.5009920640625001 0.5394345234375 0.49950396875 0.5424107140625 0.49776785781250005 0.5451388890625 0.49429563437499996 0.547123015625 0.4861111109375 0.549603175 0.484126984375 0.5558035718750001 0.484623015625 0.5602678578125 0.48859127031250005 0.5637400796875001 0.49578372968749995 0.56572420625 0.497519840625 0.568700396875 0.49776785781250005 0.577876984375 0.49627976250000005 0.5863095234375 0.4935515875 0.591021825 0.48635912656249997 0.591021825 0.48239087343750003 0.5890376984375 0.478174603125 0.5833333328125 0.474950396875 0.5701884921875 0.4734623015625 0.56572420625 0.4742063484375 0.562748015625 0.47594246093750003 0.5540674609375 0.4769345234375 0.54365079375 0.47991071406249997 0.5391865078125 0.478174603125 0.5354662703125 0.48040674531249994 0.527777778125 0.481646825 0.51612103125 0.4858630953125 0.512648809375 0.4861111109375 0.5101686515625 0.48487103125 0.5064484125 0.48784722187499996 0.505704365625 0.49156746093750003 0.5054563484375 0.5069444437499999 0.5066964281249999 0.5104166671875 0.5084325390625 0.5106646828125 0.5141369046875 0.50967261875
5 0.471478175 0.518601190625 0.4831349203125 0.5198412703125 0.4920634921875 0.5173611109375 0.4985119046875 0.5136408734375 0.5037202375 0.505704365625 0.5054563484375 0.4982638890625 0.50022891875 0.4765349703125 0.5119047625 0.42757936562500004 0.5071924609375 0.42559523749999995 0.5019841265625 0.42881944375 0.4982638890625 0.43402777812500004 0.4925595234375 0.437251984375 0.48635912656249997 0.4449404765625 0.4751984125 0.4675099203125 0.47247023749999995 0.468998015625 0.46552579375 0.4699900796875 0.4595734125 0.4737103171875 0.4541170640625 0.47842261875 0.4513888890625 0.48487103125 0.450148809375 0.4908234125 0.4521329359375 0.502480159375 0.46279761875 0.5143849203124999 0.471478175 0.518601190625
5 0.5483630953125 0.05456349218749999 0.5513392859375 0.059771825 0.5523313484375 0.0674603171875 0.553075396875 0.1145833328125 0.5548115078125 0.1304563484375 0.5570436515625 0.1354166671875 0.5585317453124999 0.1331845234375 0.563244046875 0.1314484125 0.5689484125 0.1326884921875 0.5716765875 0.13095238125 0.57217261875 0.12673611093749998 0.5716765875 0.1111111109375 0.5701884921875 0.099950396875 0.5701884921875 0.056547618749999994 0.5711805562500001 0.053571428125 0.574652778125 0.052579365625 0.577380953125 0.0488591265625 0.578125 0.0456349203125 0.57762896875 0.0386904765625 0.5726686515625 0.0329861109375 0.568204365625 0.030505953125000002 0.56299603125 0.0290178578125 0.556795634375 0.028769840624999998 0.5543154765625 0.0292658734375 0.5453869046875 0.0349702375 0.5424107140625 0.0396825390625 0.5416666671875 0.0426587296875 0.5414186515625 0.0488591265625 0.5424107140625 0.051835317187499994 0.5453869046875 0.0553075390625 0.5483630953125 0.05456349218749999
5 0.5071924609375 0.0744047625 0.5104166671875 0.07415674531250001 0.514880953125 0.0766369046875 0.5210813484375 0.077876984375 0.5302579359374999 0.08407738125 0.5412946421875 0.0873015875 0.547123015625 0.090277778125 0.5478670640625001 0.0915178578125 0.547123015625 0.09548611093750001 0.5481150796875001 0.0974702375 0.5510912703125 0.0979662703125 0.5520833328125 0.087549603125 0.5508432546875001 0.07043650781250001 0.5481150796875001 0.0696924609375 0.5462963796875 0.0715111609375 0.543402778125 0.07068452343750001 0.5421626984375 0.069196428125 0.5364583328125 0.06795634843750001 0.51884920625 0.0587797625 0.51612103125 0.055803571875 0.513144840625 0.0550595234375 0.5106646828125 0.0523313484375 0.5014880953125 0.0478670640625 0.49553571406249997 0.049355159375 0.493303571875 0.053571428125 0.49305555625 0.05729166718749999 0.49429563437499996 0.061755953125 0.4985119046875 0.06944444375 0.5071924609375 0.0744047625
5 0.546626984375 0.1582341265625 0.543898809375 0.16592261875 0.5481150796875001 0.1706349203125 0.5575396828125 0.166170634375 0.561755953125 0.1602182546875 0.578125 0.1542658734375 0.578125 0.14905753906250002 0.57490079375 0.14161706406250002 0.571924603125 0.13963293593749998 0.5694444437499999 0.14087301562500001 0.5625 0.14087301562500001 0.5582837296875 0.1393849203125 0.553075396875 0.13343253906250002 0.5508432546875001 0.1269841265625 0.5456349203124999 0.1232638890625 0.5451388890625 0.12103174531250001 0.5376984125 0.124255953125 0.5354662703125 0.1272321421875 0.5349702375 0.131200396875 0.5362103171875 0.1351686515625 0.546626984375 0.1554233625 0.546626984375 0.1582341265625
5 0.40625 0.252480159375 0.419146825 0.27256944375000003 0.428075396875 0.278521825 0.4310515875 0.2792658734375 0.43427579375 0.278769840625 0.4387400796875 0.2735615078125 0.440476190625 0.2671130953125 0.43700396875 0.25967261875 0.40972222187499996 0.2175099203125 0.4079861109375 0.20982142812500001 0.40848214218749995 0.20486111093749998 0.4047619046875 0.2016369046875 0.403769840625 0.20560515937499999 0.4010416671875 0.228174603125 0.4010416671875 0.23759920625 0.40228174531249994 0.24404761874999997 0.40625 0.252480159375
5 0.41964285781250005 0.2142857140625 0.430803571875 0.21602182499999997 0.431299603125 0.2177579359375 0.43030753906249997 0.22048611093749998 0.43427579375 0.2224702375 0.43700396875 0.22569444375 0.446428571875 0.23115079375 0.44890872968749995 0.23635912656250002 0.4541170640625 0.23685515937499999 0.456101190625 0.237847221875 0.45734127031250005 0.24007936562499999 0.4637896828125 0.24330357187499999 0.466269840625 0.24925595312499998 0.4697420640625 0.2490079359375 0.474950396875 0.25099206406249996 0.4779265875 0.2576884921875 0.48090277812500004 0.2574404765625 0.48363095312500004 0.2609126984375 0.48635912656249997 0.259920634375 0.49007936562500004 0.2606646828125 0.497271825 0.25967261875 0.493799603125 0.2579365078125 0.4925595234375 0.2552083328125 0.49032738125 0.25446428593750003 0.48487103125 0.24429563437500001 0.48040674531249994 0.2408234125 0.4761904765625 0.234623015625 0.4734623015625 0.2333829359375 0.468998015625 0.2279265875 0.46651785781250005 0.22693452343749998 0.4635416671875 0.22073412656250002 0.45758928593750003 0.2175099203125 0.45386904687499996 0.2123015875 0.44593253906249997 0.2046130953125 0.44146825468750006 0.2016369046875 0.439980159375 0.1976686515625 0.4387400796875 0.181299603125 0.437251984375 0.1800595234375 0.43377976250000005 0.1795634921875 0.4268353171875 0.18154761875 0.41344246093750003 0.19717261875 0.4112103171875 0.2046130953125 0.4109623015625 0.209325396875 0.41344246093750003 0.21304563437500001 0.41617063437499996 0.21279761874999997 0.41964285781250005 0.2142857140625
5 0.44593253906249997 0.17137896875 0.44866071406249997 0.1703869046875 0.475446428125 0.1679067453125 0.4893353171875 0.1644345234375 0.5012400796875001 0.1641865078125 0.5044642859375 0.1617063484375 0.5084325390625 0.1458333328125 0.5071924609375 0.143353175 0.5054563484375 0.14310515937499999 0.468998015625 0.1453373015625 0.4513888890625 0.14781746093749998 0.443700396875 0.15029761875 0.44097222187499996 0.1522817453125 0.4392361109375 0.15451388906250002 0.440476190625 0.16592261875 0.44345238125 0.17013888906250002 0.44593253906249997 0.17137896875
5 0.41046627031250005 0.1981646828125 0.42410714218749995 0.1822916671875 0.4270833328125 0.1795634921875 0.4322916671875 0.177579365625 0.43799603125 0.1698908734375 0.43973214218749995 0.16592261875 0.4387400796875 0.1579241078125 0.439980159375 0.1540178578125 0.43377976250000005 0.15302579375 0.42385912656249997 0.15600198437499999 0.4045138890625 0.18303571406250002 0.403521825 0.1855158734375 0.40625 0.196924603125 0.4074900796875 0.1981646828125 0.41046627031250005 0.1981646828125
5 0.45114087343750003 0.1875 0.45386904687499996 0.1914682546875 0.45734127031250005 0.19196428593749998 0.46502976250000005 0.17782738125 0.465773809375 0.1698908734375 0.46031746093750003 0.16865079375 0.44444444375 0.17088293593749998 0.4427083328125 0.171875 0.43973214218749995 0.1770833328125 0.439980159375 0.1832837296875 0.4429563484375 0.18303571406250002 0.446924603125 0.184523809375 0.45114087343750003 0.1875
5 0.4543650796875 0.209325396875 0.459821428125 0.2132936515625 0.474950396875 0.22123015937499999 0.477678571875 0.2199900796875 0.48115079375 0.22048611093749998 0.48090277812500004 0.2123015875 0.471478175 0.2021329359375 0.466021825 0.200148809375 0.462549603125 0.19717261875 0.4583333328125 0.1954365078125 0.44866071406249997 0.1875 0.44593253906249997 0.18923611093749998 0.4422123015625 0.1951884921875 0.4427083328125 0.1981646828125 0.4451884921875 0.1994047625 0.4518849203125 0.2053571421875 0.4543650796875 0.209325396875
5 0.56299603125 0.330605159375 0.568700396875 0.3318452375 0.5711805562500001 0.3298611109375 0.5706845234375 0.32762896874999997 0.57490079375 0.325148809375 0.57762896875 0.325396825 0.5798611109375 0.3209325390625 0.5796130953125 0.2896825390625 0.578373015625 0.281498015625 0.577876984375 0.26215277812500004 0.5766369046875 0.255704365625 0.5766369046875 0.24801587343749998 0.574652778125 0.2452876984375 0.5696924609375 0.2452876984375 0.56572420625 0.24727182499999997 0.5647321421875 0.2564484125 0.562251984375 0.2633928578125 0.5612599203124999 0.27455357187499996 0.56200396875 0.2797619046875 0.561755953125 0.3266369046875 0.56299603125 0.330605159375
5 0.530505953125 0.36607142812500004 0.5334821421875 0.365079365625 0.5401785718750001 0.36036706406249996 0.5451388890625 0.3521825390625 0.5491071421875 0.349454365625 0.543402778125 0.3452380953125 0.5399305562500001 0.341269840625 0.533730159375 0.33779761875 0.53174603125 0.3385416671875 0.527777778125 0.33779761875 0.5248015875 0.3387896828125 0.521825396875 0.3358134921875 0.5171130953125 0.3353174609375 0.512648809375 0.3358134921875 0.5104166671875 0.3373015875 0.515376984375 0.3487103171875 0.5208333328125 0.35267857187499996 0.5240575390625 0.35838293593750004 0.530505953125 0.36607142812500004
5 0.5644841265625 0.40947420625 0.57217261875 0.4077380953125 0.575396825 0.40575396875 0.5798611109375 0.4010416671875 0.5828373015625 0.4015376984375 0.5835813484375 0.4045138890625 0.5853174609375 0.3985615078125 0.5868055562500001 0.38467261875 0.5845734125 0.3769841265625 0.580853175 0.3737599203125 0.575148809375 0.37152777812500004 0.568700396875 0.37152777812500004 0.5602678578125 0.37450396874999997 0.5535714281249999 0.380704365625 0.5510912703125 0.384424603125 0.549355159375 0.3888888890625 0.54637896875 0.3923611109375 0.5451388890625 0.3978174609375 0.5451388890625 0.40401785781250005 0.546626984375 0.406001984375 0.5602678578125 0.409226190625 0.5644841265625 0.40947420625
5 0.44866071406249997 0.380704365625 0.4513888890625 0.38169642812500004 0.45362103125 0.380704365625 0.45535714218749995 0.372519840625 0.46031746093750003 0.3712797625 0.4637896828125 0.3643353171875 0.4637896828125 0.356894840625 0.4613095234375 0.3519345234375 0.4623015875 0.3452380953125 0.4608134921875 0.3365575390625 0.4578373015625 0.33407738125 0.4456845234375 0.33407738125 0.4427083328125 0.338045634375 0.440228175 0.34375 0.43973214218749995 0.3479662703125 0.43683854218749996 0.349950396875 0.43402777812500004 0.349950396875 0.431299603125 0.3514384921875 0.42410714218749995 0.3611111109375 0.42385912656249997 0.365079365625 0.42609127031250005 0.36904761875 0.4365079359375 0.37177579375 0.44866071406249997 0.380704365625
5 0.39012896874999997 0.4109623015625 0.393601190625 0.41195436562500004 0.3945932546875 0.41344246093750003 0.4007936515625 0.41592261875 0.403273809375 0.41790674531249994 0.4045138890625 0.4203869046875 0.40252976250000005 0.42385912656249997 0.4050099203125 0.428075396875 0.40550595312500004 0.43154761875 0.4074900796875 0.43328372968749995 0.41046627031250005 0.43377976250000005 0.43402777812500004 0.4228670640625 0.43700396875 0.4206349203125 0.43973214218749995 0.415178571875 0.4422123015625 0.412450396875 0.4424603171875 0.40426587343750003 0.44072420625 0.39930555624999997 0.4375 0.3953373015625 0.428571428125 0.393353175 0.42509920625 0.393601190625 0.41617063437499996 0.3983134921875 0.4144345234375 0.3960813484375 0.40823412656249997 0.3928571421875 0.403273809375 0.3883928578125 0.393105159375 0.3824404765625 0.39012896874999997 0.3814484125 0.38740079375 0.384424603125 0.3834325390625 0.3923611109375 0.38392857187499996 0.3985615078125 0.3869047625 0.4077380953125 0.39012896874999997 0.4109623015625
5 0.422123015625 0.39161706406249996 0.42509920625 0.391369046875 0.4357638890625 0.3943452375 0.438574653125 0.3964119546875 0.444196428125 0.40558854218749996 0.443700396875 0.41195436562500004 0.4449404765625 0.415674603125 0.44866071406249997 0.41790674531249994 0.4516369046875 0.4171626984375 0.45734127031250005 0.40029761875 0.45734127031250005 0.3955853171875 0.4595734125 0.3923611109375 0.45684523749999995 0.3923611109375 0.4548611109375 0.390625 0.455605159375 0.387896825 0.4585813484375 0.3856646828125 0.459325396875 0.3829365078125 0.4610615078125 0.381200396875 0.46031746093750003 0.3792162703125 0.45362103125 0.3831845234375 0.450396825 0.3831845234375 0.4320436515625 0.3737599203125 0.4293154765625 0.37152777812500004 0.403273809375 0.3616071421875 0.3988095234375 0.36284722187499996 0.39409722187499996 0.3727678578125 0.3928571421875 0.3767361109375 0.393601190625 0.377976190625 0.41195436562500004 0.3891369046875 0.422123015625 0.39161706406249996
5 0.48834325468750006 0.39657738125 0.4895833328125 0.3985615078125 0.4925595234375 0.39756944375000003 0.5049603171875 0.3891369046875 0.5074404765625 0.3841765875 0.5054563484375 0.3737599203125 0.50049603125 0.36805555624999997 0.48809523749999995 0.3635912703125 0.48660714218749995 0.3616071421875 0.4856150796875 0.3658234125 0.4853670640625 0.3727678578125 0.487103175 0.37549603125000003 0.48834325468750006 0.38169642812500004 0.48834325468750006 0.39657738125
5 0.6019345234375 0.3020833328125 0.6011904765625 0.318700396875 0.6021825390625 0.3268849203125 0.6009424609375 0.3611111109375 0.606646825 0.365079365625 0.61532738125 0.3670634921875 0.6183035718750001 0.369295634375 0.6202876984375 0.36904761875 0.622519840625 0.3675595234375 0.6232638890625 0.365079365625 0.6232638890625 0.2945602671875 0.627728175 0.27529761875 0.6269841265625 0.2720734125 0.624751984375 0.26884920625 0.6185515875 0.26463293593750004 0.6158234125 0.265873015625 0.6078869046875 0.26661706406249996 0.597222221875 0.2710813484375 0.594494046875 0.2735615078125 0.591269840625 0.2795138890625 0.59052579375 0.2832341265625 0.5915178578125 0.28571428593750003 0.599950396875 0.2929067453125 0.6019345234375 0.3020833328125
5 0.8085317453125 0.1604662703125 0.81200396875 0.16220238125 0.818204365625 0.1542658734375 0.81845238125 0.15029761875 0.8169642859374999 0.14508928593749998 0.8144841265625 0.1421130953125 0.80009920625 0.14136904687500002 0.78447420625 0.14756944375 0.781498015625 0.15029761875 0.7802579359374999 0.15376984062500001 0.780505953125 0.159226190625 0.7862103171875 0.16319444375 0.7916666671875 0.1636904765625 0.8085317453125 0.1604662703125
5 0.797123015625 0.1822916671875 0.8005952375 0.180803571875 0.8060515875 0.1820436515625 0.81200396875 0.17534722187500001 0.81299603125 0.1654265875 0.8105158734375 0.161954365625 0.8040674609374999 0.161954365625 0.7896825390625 0.165178571875 0.7852182546875001 0.16493055625 0.78447420625 0.1669146828125 0.7857142859375 0.17906746093749998 0.7916666671875 0.1798115078125 0.797123015625 0.1822916671875
5 0.8266369046875001 0.1939484125 0.8323412703124999 0.19469246093749998 0.8387896828124999 0.193700396875 0.8452380953124999 0.19097222187500001 0.8514384921874999 0.1855158734375 0.85615079375 0.1795634921875 0.859623015625 0.17013888906250002 0.85887896875 0.159226190625 0.85615079375 0.15376984062500001 0.849950396875 0.1483134921875 0.84424603125 0.14657738125 0.8353174609374999 0.14756944375 0.8266369046875001 0.15178571406250002 0.8199404765624999 0.15798611093749998 0.8162202375 0.16319444375 0.8142361109375 0.1731150796875 0.8139880953124999 0.17782738125 0.815972221875 0.184771825 0.8211805562500001 0.19072420625 0.8266369046875001 0.1939484125
5 0.828869046875 0.2460317453125 0.8365575390625001 0.240575396875 0.8382936515624999 0.23487103125000003 0.8417658734375 0.20982142812500001 0.8417658734375 0.1994047625 0.840773809375 0.19593253906250002 0.8392857140625001 0.19444444375 0.8345734125 0.194196428125 0.828373015625 0.19717261875 0.8169642859374999 0.23164682499999997 0.8164682546875 0.23635912656250002 0.8236607140625001 0.2462797625 0.8266369046875001 0.24677579375 0.828869046875 0.2460317453125
5 0.8529265875 0.2408234125 0.8573908734375 0.23239087343749998 0.865575396875 0.20882936562499999 0.865575396875 0.2043650796875 0.862351190625 0.1991567453125 0.849950396875 0.1966765875 0.8492063484375001 0.197420634375 0.846726190625 0.20039682499999997 0.8449900796875 0.20486111093749998 0.840277778125 0.22544642812500001 0.8400297625 0.2353670640625 0.841021825 0.23759920625 0.8454861109375 0.24107142812500001 0.8529265875 0.2408234125
5 0.874751984375 0.2068452375 0.874751984375 0.158978175 0.8705357140625001 0.159226190625 0.8668154765624999 0.1609623015625 0.862847221875 0.165178571875 0.8606150796875 0.1696428578125 0.8573908734375 0.18154761875 0.8571428578125 0.18576388906250002 0.8549107140625001 0.19097222187500001 0.8546626984374999 0.193204365625 0.8578869046875001 0.1976686515625 0.8705357140625001 0.206101190625 0.874751984375 0.2068452375
5 0.8707837296875001 0.2547123015625 0.874751984375 0.24677579375 0.874751984375 0.20486111093749998 0.8730158734375 0.20510912656250002 0.8705357140625001 0.2073412703125 0.8638392859374999 0.2199900796875 0.8554067453125 0.24007936562499999 0.8546626984374999 0.24429563437500001 0.8573908734375 0.2490079359375 0.865575396875 0.25322420625 0.8707837296875001 0.2547123015625
5 0.803075396875 0.36830357187499996 0.8070436515624999 0.36805555624999997 0.8087797625 0.36904761875 0.815476190625 0.3678075390625 0.8244047625 0.3700396828125 0.8293650796875 0.3695436515625 0.8353174609374999 0.3608630953125 0.8355654765624999 0.356646825 0.8350694437499999 0.35342261875 0.8298611109375 0.3454861109375 0.825644840625 0.341269840625 0.8244047625 0.3382936515625 0.824652778125 0.3333333328125 0.8261408734375 0.3301091265625 0.8268849203125 0.3142361109375 0.8191964281249999 0.3112599203125 0.8147321421875 0.30654761875 0.81200396875 0.3053075390625 0.8110119046875001 0.30580357187499996 0.8082837296875001 0.3177083328125 0.806299603125 0.321924603125 0.80654761875 0.331101190625 0.8055555562500001 0.33407738125 0.7988591265625 0.3400297625 0.7983630953125 0.3415178578125 0.7916666671875 0.343501984375 0.7886904765625 0.3454861109375 0.7849702375 0.3511904765625 0.784226190625 0.3573908734375 0.7884424609375 0.3658234125 0.797619046875 0.3658234125 0.803075396875 0.36830357187499996
5 0.6448412703125 0.37599206406249996 0.646329365625 0.3737599203125 0.6448412703125 0.3544146828125 0.640873015625 0.33779761875 0.6393849203124999 0.3261408734375 0.6359126984375 0.3164682546875 0.6339285718750001 0.31349206406249996 0.6331845234375 0.313244046875 0.63095238125 0.3174603171875 0.62549603125 0.3199404765625 0.624255953125 0.33134920625 0.6237599203124999 0.356398809375 0.62450396875 0.36904761875 0.6321924609375 0.3730158734375 0.6448412703125 0.37599206406249996
5 0.7415674609375 0.471478175 0.746527778125 0.46825396875 0.750248015625 0.46180555625 0.7512400796875001 0.45907738125 0.750744046875 0.45510912656249997 0.7445436515625 0.44890872968749995 0.7385912703125 0.4479166671875 0.734623015625 0.45089285781250005 0.7326388890625 0.455853175 0.728670634375 0.45882936562500004 0.7254464281249999 0.46428571406249997 0.724454365625 0.4675099203125 0.7261904765625 0.46949404687499996 0.734375 0.471230159375 0.7415674609375 0.471478175
5 0.7698412703125 0.468998015625 0.7728174609375 0.455605159375 0.7723214281249999 0.450644840625 0.7733134921875 0.4476686515625 0.7733134921875 0.43948412656249997 0.77529761875 0.43551587343750003 0.7738095234375 0.4273313484375 0.7725694437499999 0.431299603125 0.7698412703125 0.4327876984375 0.765376984375 0.4375 0.7482638890625 0.46527777812500004 0.7455357140625 0.47073412656249997 0.75049603125 0.47197420625 0.764880953125 0.47296627031250005 0.7698412703125 0.468998015625
5 0.5688303578125 0.797334325 0.5836108624999999 0.8133467265625001 0.6061924609375 0.8289484125 0.6275424109375 0.797334325 0.62138368125 0.781732390625 0.76240079375 0.5716765875 0.7666170640625001 0.5644841265625 0.7698412703125 0.5625 0.7767857140625 0.5486111109375 0.78447420625 0.5272817453124999 0.7914186515625 0.5136408734375 0.7946428578125 0.49429563437499996 0.79737103125 0.49032738125 0.7946428578125 0.4856150796875 0.7921626984375 0.4833829359375 0.7886904765625 0.48387896875 0.786954365625 0.48635912656249997 0.7854662703125 0.49007936562500004 0.7857142859375 0.49404761875 0.783730159375 0.4982638890625 0.7767857140625 0.5012400796875001 0.771825396875 0.5089285718750001 0.7678571421875 0.512648809375 0.7619047625 0.5235615078125 0.7415674609375 0.5518353171875 0.7366071421875 0.5607638890625 0.5996232640625 0.7681835312499999 0.5852532234375001 0.762435515625 0.56513516875 0.7887123015624999 0.5688303578125 0.797334325
5 0.624751984375 0.5979662703125 0.65575396875 0.5820932546875001 0.6612103171875 0.57490079375 0.668402778125 0.56845238125 0.6708829359374999 0.5639880953125 0.681795634375 0.5518353171875 0.687251984375 0.541170634375 0.690476190625 0.53720238125 0.6914682546875001 0.5327380953125 0.689980159375 0.530505953125 0.684027778125 0.52529761875 0.6803075390625 0.5235615078125 0.6768353171875 0.5235615078125 0.6708829359374999 0.5275297625 0.6626984125 0.5381944437499999 0.658978175 0.5483630953125 0.6547619046875 0.5548115078125 0.650545634375 0.556299603125 0.6443452375 0.56299603125 0.6341765875 0.5716765875 0.6133432546875001 0.5954861109375 0.610119046875 0.599454365625 0.6108630953125 0.6006944437499999 0.6130952375 0.6009424609375 0.624751984375 0.5979662703125
5 0.5233134921875 0.630704365625 0.525545634375 0.627976190625 0.527777778125 0.6272321421875 0.5295138890625 0.6230158734375 0.533730159375 0.6170634921875 0.5394345234375 0.603670634375 0.540674603125 0.59697420625 0.5538194437499999 0.591021825 0.565972221875 0.58779761875 0.568700396875 0.5858134921875 0.580605159375 0.5860615078125 0.583829365625 0.5900297625 0.5922619046875 0.5947420640625001 0.5949900796875001 0.59970238125 0.603670634375 0.6026785718750001 0.606646825 0.6024305562500001 0.610119046875 0.599950396875 0.612847221875 0.599454365625 0.6140873015625 0.59697420625 0.6183035718750001 0.5952380953125 0.6202876984375 0.58779761875 0.6185515875 0.583829365625 0.609623015625 0.5761408734375 0.5858134921875 0.5637400796875001 0.568700396875 0.56299603125 0.5602678578125 0.5647321421875 0.556795634375 0.5667162703125 0.5456349203124999 0.5696924609375 0.5292658734375 0.578125 0.5275297625 0.581597221875 0.5243055562500001 0.58407738125 0.5210813484375 0.5892857140625 0.518601190625 0.591269840625 0.513144840625 0.6044146828125 0.5116567453124999 0.6138392859375 0.50967261875 0.6197916671875 0.50967261875 0.6240079359374999 0.513144840625 0.6292162703125 0.51884920625 0.631200396875 0.5233134921875 0.630704365625
5 0.471230159375 0.6480654765625 0.4751984125 0.652777778125 0.486855159375 0.6572420640625001 0.4923115078125 0.658978175 0.4952876984375 0.6584821421875 0.5039682546875001 0.6495535718750001 0.5101686515625 0.6475694437499999 0.5109126984375 0.6460813484375 0.509920634375 0.6428571421875 0.503472221875 0.63095238125 0.502728175 0.61904761875 0.50322420625 0.6165674609375 0.5052083328125 0.6145833328125 0.5074404765625 0.615079365625 0.5071924609375 0.61259920625 0.5101686515625 0.6073908734375 0.51240079375 0.59970238125 0.5138888890625 0.5925099203124999 0.5136408734375 0.5833333328125 0.5109126984375 0.5801091265625 0.4925595234375 0.581101190625 0.48809523749999995 0.5917658734375 0.48511904687499996 0.6026785718750001 0.48090277812500004 0.6111111109375 0.47743055625 0.6232638890625 0.47569444375 0.625 0.4702380953125 0.6269841265625 0.46428571406249997 0.6329365078125 0.4635416671875 0.634424603125 0.4640376984375 0.6393849203124999 0.4675099203125 0.6458333328125 0.471230159375 0.6480654765625
5 0.590773809375 0.52529761875 0.606646825 0.50595238125 0.6081349203124999 0.5022321421875 0.612351190625 0.49801587343750003 0.6133432546875001 0.49404761875 0.6116071421875 0.49032738125 0.609623015625 0.48809523749999995 0.6071428578125 0.48784722187499996 0.6044146828125 0.4861111109375 0.5979662703125 0.4861111109375 0.5909392359375001 0.4961143359375 0.5793650796875001 0.50595238125 0.5736607140625 0.5166170640625001 0.5736607140625 0.5295138890625 0.574652778125 0.531498015625 0.5833333328125 0.5297619046875 0.590773809375 0.52529761875
5 0.125 0.837012896875 0.1258688 0.88306324375 0.14585292656249998 0.8943583828125 0.1678643359375 0.8653960812499999 0.1669955359375 0.8639479171875 0.160623759375 0.8497564484375 0.2228928578125 0.7562078375 0.22115500937500002 0.7553390375 0.2162313984375 0.7478087796875 0.20609474218749999 0.74288516875 0.20464657812499998 0.744623015625 0.133688740625 0.8399092265625001 0.125 0.837012896875
5 0.1643888890625 0.8546800593749999 0.1716294640625 0.86626488125 0.1858209328125 0.8720575390624999 0.22897495 0.797044890625 0.249248759375 0.76953050625 0.26112326406249997 0.7735853171875 0.276762896875 0.7452021328125 0.2596750984375 0.73477579375 0.23505704375 0.7202946421875 0.21825892812499997 0.7405682046875001 0.21681076406250002 0.750705109375 0.227237103125 0.7553390375 0.2257891859375 0.7602626484375 0.165837053125 0.8517837296874999 0.1643888890625 0.8546800593749999
5 0.151255953125 0.7245091765625 0.1790716765625 0.7333477187499999 0.17491245 0.709431546875 0.16217435468750002 0.7013727671875001 0.1262998515625 0.6899345234375 0.125 0.71801016875 0.1278596234375 0.7193100203125 0.151255953125 0.7245091765625
5 0.1920592765625 0.6813556546874999 0.207137153125 0.677196428125 0.2336530265625 0.6907142859375 0.23755233125 0.7005927578125 0.23547271875 0.717240575 0.28486507968749997 0.747915921875 0.423423859375 0.835002728125 0.421084325 0.8459208828125 0.4455205859375 0.8628184531249999 0.44812003906250003 0.8615186015624999 0.459818453125 0.849300346875 0.47021676562500003 0.82563368125 0.47385615156250005 0.8157552078125001 0.46787723281250004 0.81237574375 0.4527993546875 0.79989756875 0.43876165624999997 0.80613665625 0.3857400796875 0.776501240625 0.38210069375 0.7780610125 0.3696225203125 0.7772810015625 0.3626036703125 0.773381696875 0.342066715625 0.7611634421875 0.34284672656250004 0.7538846718750001 0.31997023750000003 0.73880704375 0.31295114062499996 0.7437462796875 0.2981334328125 0.7489454359375001 0.26381869999999996 0.70241245 0.233403521875 0.6797958828125 0.128639384375 0.611946428125 0.1252495046875 0.6436614578125 0.1912795140625 0.681615575 0.1920592765625 0.6813556546874999
5 0.3015024796875 0.7484255953125001 0.3202197421875 0.737247271875 0.32073958281250003 0.7307482640625 0.2788861609375 0.669657490625 0.27810615156249996 0.6615987109375 0.27914608125 0.6545798609375 0.27914608125 0.648080853125 0.2742068453125 0.6392420640625 0.2674479171875 0.63404290625 0.2541897328125 0.6319632937499999 0.2424915671875 0.6353427578125 0.23183333281250001 0.6423616078125 0.2250744046875 0.657179315625 0.230793403125 0.67433680625 0.240671875 0.6852552078125 0.25315005 0.686555059375 0.25834920625 0.6886346718749999 0.2911041671875 0.7382869546874999 0.3015024796875 0.7484255953125001
5 0.2180553078125 0.6647182546875 0.2248142359375 0.6623787203125 0.227673859375 0.648080853125 0.235992559375 0.6423616078125 0.2476907234375 0.6345629953125 0.26042881875 0.6324831343749999 0.2703072921875 0.6350828374999999 0.283825396875 0.6366426093750001 0.296043403125 0.6306634421874999 0.3002028765625 0.6228645828125 0.2989030265625 0.608826884375 0.28876463281250003 0.5960887890625 0.282265625 0.5919293156250001 0.2747266859375 0.592189484375 0.261988590625 0.5994682546875 0.2580892859375 0.6038876484375 0.2552296625 0.6101267359375 0.254709821875 0.6142859625 0.21467584374999998 0.6387222218749999 0.20687698437500002 0.6470409218750001 0.2125962296875 0.6584791671875 0.2180553078125 0.6647182546875
5 0.186340278125 0.5908896328125001 0.201677828125 0.58751016875 0.23469270781249998 0.5947889390625 0.25782936562500003 0.5934890875 0.26146875 0.5906297125 0.26432837343750004 0.5763318453124999 0.2580892859375 0.5739920640625 0.1741220234375 0.5680131453125 0.1626837796875 0.564373759375 0.16320386874999998 0.55839459375 0.1637237109375 0.5550151296875 0.1481259921875 0.549815971875 0.13616790625 0.5511155750000001 0.13044866093750002 0.5622938984375 0.127069196875 0.59582886875 0.157224703125 0.5981684031250001 0.1587844734375 0.595309028125 0.1611240078125 0.589849703125 0.168662946875 0.589849703125 0.170742559375 0.592189484375 0.1736021828125 0.5914094734375 0.186340278125 0.5908896328125001
5 0.1850404265625 0.56749305625 0.191539434375 0.5711326890625 0.2341728671875 0.570352678125 0.23105332343749999 0.5560548109375001 0.2279337796875 0.5407172625000001 0.2141560015625 0.5362978671875 0.20635714218749998 0.5357780265625001 0.20297767812499998 0.529798859375 0.199858134375 0.52303993125 0.1920592765625 0.5256396328124999 0.1943990578125 0.5409771828125 0.1840004953125 0.5492958828125001 0.1842604171875 0.553715278125 0.1850404265625 0.56749305625
5 0.2203950890625 0.538117559375 0.2372924109375 0.5357780265625001 0.24171180625000002 0.5292790171874999 0.24561111093750002 0.515241071875 0.24691096250000003 0.505102678125 0.24457118125 0.49730381875 0.23521279687500002 0.49340451406249997 0.21129637968749998 0.48950520781250006 0.1995982140625 0.4996436015625 0.177761409375 0.49730381875 0.1426669140625 0.4910649796875 0.1307088296875 0.4949642859375 0.1265493546875 0.499903521875 0.12680927656250002 0.5090022328125 0.13096875 0.5157611609375 0.1959588296875 0.522780009375 0.19933829375 0.525899553125 0.20089806562499998 0.532138640625 0.2203950890625 0.538117559375
5 0.20791691406249999 0.48716542656249995 0.20635714218749998 0.48222619062499994 0.198558284375 0.472087796875 0.1889397328125 0.47520734062500003 0.18686011875 0.494704365625 0.20323759843750003 0.4986036703125 0.2058373015625 0.49340451406249997 0.20791691406249999 0.48716542656249995
5 0.2042775296875 0.47182787656249997 0.21467584374999998 0.46142931562499995 0.2141560015625 0.455450396875 0.2073970734375 0.446871528125 0.2024578375 0.43881274843750007 0.19387896875 0.4416723703125 0.1917993546875 0.45025099218750003 0.18348065468750002 0.4588298609375 0.1795813484375 0.46454885937499996 0.173082340625 0.4635091765625 0.1712624015625 0.466888640625 0.17646180625000002 0.47910664687500004 0.1858201890625 0.477027034375 0.1972584328125 0.47338764843750003 0.2042775296875 0.47182787656249997
5 0.15280530781249999 0.49210466249999996 0.1637237109375 0.47416741093750003 0.159304315625 0.4679283234375 0.135387896875 0.49158482187499997 0.15280530781249999 0.49210466249999996
5 0.18686011875 0.455450396875 0.1897197421875 0.44531175625 0.18790005 0.43959275781249996 0.1860803578125 0.4349134421875 0.173862103125 0.42347519843750003 0.161644096875 0.41983581406250003 0.1457864578125 0.435693453125 0.15072569375 0.4442720734375 0.125509425 0.4655887890625 0.125 0.49938368125 0.16606324374999998 0.4624692453125 0.1689228671875 0.460649553125 0.1772415671875 0.4624692453125 0.18686011875 0.455450396875
5 0.18114112031250001 0.5357780265625001 0.1858201890625 0.522780009375 0.1390275296875 0.519660465625 0.1444866078125 0.534998015625 0.152285465625 0.540457340625 0.17282217187499999 0.5414970234375 0.18114112031250001 0.5357780265625001
5 0.13200843281250002 0.5194005453125 0.125 0.5079623015625 0.125 0.5336984124999999 0.1338283734375 0.5209603171875 0.13200843281250002 0.5194005453125
5 0.24899057500000002 0.514461309375 0.2463911203125 0.52511954375 0.23963194375 0.5365577874999999 0.2518501984375 0.56879290625 0.2565295140625 0.568273065625 0.2703072921875 0.562033978125 0.23755233125 0.4671485609375 0.2274139390625 0.46142931562499995 0.217535465625 0.4629890875 0.2105166171875 0.46766840312499997 0.20505729218750002 0.47338764843750003 0.207137153125 0.4837859625 0.20999652812499997 0.48768526718749994 0.2203950890625 0.48846527812499996 0.2463911203125 0.49704389843749996 0.24873065468750002 0.5012033734375 0.24977058593749998 0.5040627484375 0.24899057500000002 0.514461309375
5 0.2274139390625 0.44011259843749995 0.26068874062499997 0.4343936015625 0.2541897328125 0.4273745046875 0.244311259375 0.41515649843749997 0.23547271875 0.4141165671875 0.2263740078125 0.417755953125 0.21467584374999998 0.42893427656250005 0.217015625 0.449991071875 0.21831522812499998 0.446091765625 0.2190952375 0.44453199374999997 0.2274139390625 0.44011259843749995
5 0.20999652812499997 0.432313740625 0.2344327875 0.41385664687499996 0.259908978125 0.393059771875 0.26614806562500004 0.39357986093749997 0.2755064484375 0.39176016874999997 0.280705853125 0.3790220734375 0.280705853125 0.3759025296875 0.26822767812500004 0.362384425 0.2570493546875 0.3592651296875 0.24691096250000003 0.36862351250000003 0.2440513390625 0.3727829859375 0.24561111093750002 0.3764223703125 0.2479508921875 0.380841765625 0.1840004953125 0.430494046875 0.19049950468750002 0.43777306562499996 0.1956986609375 0.44323214218749996 0.20999652812499997 0.432313740625
5 0.2768063 0.36862351250000003 0.283825396875 0.37148313437499997 0.286944940625 0.34470734062499997 0.2788861609375 0.347826884375 0.2742068453125 0.35640550625 0.2726470734375 0.36264459375 0.2768063 0.36862351250000003
5 0.4062765375 0.7513484625 0.4192142859375 0.7599737109375 0.4853405265625 0.8007036203125001 0.4882155265625 0.8074119546875 0.486298859375 0.814599703125 0.5064243546875 0.8251416171875 0.5140912703125 0.8304124500000001 0.5265498515625 0.820349703125 0.5313415171875 0.8059744546875001 0.5351748515625 0.7920783734375 0.5356540171875 0.7834531250000001 0.517924603125 0.7743489578125 0.5016326890625 0.77099454375 0.49396577343750003 0.773390625 0.4139432046875 0.7245146328125001 0.3990887890625 0.7178060515625 0.384234375 0.7106185515625 0.37177579375 0.71541021875 0.39525545625 0.7249938 0.4062765375 0.73745238125 0.4062765375 0.7513484625
5 0.5284665171875 0.824183284375 0.5116951890625 0.8265791171875 0.4992366078125 0.8217874500000001 0.48773635937500004 0.8323291171875 0.48486135937499997 0.83855853125 0.4992366078125 0.8514962796875001 0.5088201890625 0.8495796125 0.564883928125 0.7882450390625 0.578780009375 0.7676403765625001 0.590759425 0.7628487109375001 0.5974677578125 0.7547026296875 0.5974677578125 0.74607738125 0.5835716765625001 0.7317021328125 0.5739880953125 0.7264313 0.5644047624999999 0.73457738125 0.55625868125 0.7475151296875 0.5586545140625 0.7532651296874999 0.537570684375 0.7810572921875 0.541404265625 0.7973494546875 0.536133184375 0.8074119546875 0.5284665171875 0.824183284375
5 0.7254275796874999 0.513472965625 0.7259779265625 0.5195267859375 0.7199241078124999 0.537137896875 0.7061654265625 0.5294330359375 0.668191715625 0.579514384375 0.665990328125 0.6059310515624999 0.647278521875 0.6169379953125 0.628566715625 0.6593147328125 0.607103175 0.658764384375 0.59334449375 0.66206646875 0.598847965625 0.6697713296875001 0.5955458828125 0.6730734125 0.581787203125 0.693986359375 0.58839136875 0.708845734375 0.59829761875 0.7209533734375 0.621412203125 0.7275575390625 0.626915675 0.7160002484375 0.636271578125 0.7044429562500001 0.63792261875 0.69948983125 0.632419146875 0.6868318453125 0.638472965625 0.6769255953125 0.6489295640625 0.6780262890625 0.6489295640625 0.6763752484375 0.6406743546875 0.6681202875000001 0.7540456343749999 0.5002646328125 0.7358841765624999 0.49476116093750006 0.7314813984375 0.5008149796875 0.7254275796874999 0.513472965625
5 0.5663938484375 0.660615328125 0.5609134421874999 0.6711547625 0.5491091265625 0.6732626484375 0.5419422125 0.68380233125 0.5330890375 0.6951847718749999 0.51201016875 0.6968712796875 0.513696428125 0.7023516859375001 0.4997842265625 0.7145776296874999 0.49303893906249996 0.730176090625 0.5179122031250001 0.7542061015625 0.5356185515624999 0.75715699375 0.5512170140625 0.7373427578125 0.54784449375 0.7251170640625 0.5482658734375 0.7179501484374999 0.5579623015624999 0.717528521875 0.5680803578125 0.719636409375 0.5558544140625 0.710783234375 0.5668154765625 0.696449653125 0.6106597218750001 0.6348990578125 0.5975907734375 0.6420657234375 0.574825396875 0.6509188984375001 0.5663938484375 0.660615328125
5 0.432331596875 0.6812728171875 0.44666517812500006 0.6846453375 0.4521458328125 0.687596478125 0.45383209375 0.701087053125 0.455518353125 0.7103618546875 0.45383209375 0.7200580359375001 0.47280332343750003 0.7440880453125 0.48840178593749994 0.74155853125 0.48840178593749994 0.7293328375 0.49809796562499997 0.7133127484374999 0.510323909375 0.7023516859375001 0.506951140625 0.6951847718749999 0.48840178593749994 0.68380233125 0.47744072343750005 0.6884397328125 0.43486111093749996 0.6445952375 0.4083015875 0.6555563 0.41884102187499994 0.6728412703125 0.432331596875 0.6812728171875
5 0.54320709375 0.6020158734375001 0.532667659375 0.6209868546874999 0.515804315625 0.644173859375 0.5153826890625 0.651762153125 0.50315699375 0.65260540625 0.49177430624999996 0.665252728125 0.48966641875 0.6800079359375 0.49303893906249996 0.682959078125 0.5040002484375 0.6951847718749999 0.531402778125 0.6947633921875 0.5377264390625001 0.6859102187499999 0.5406775796875001 0.674105903125 0.5356185515624999 0.6601937 0.5305597718749999 0.6488110125000001 0.5322460312499999 0.63700694375 0.536040178125 0.6252026296875 0.544893353125 0.6264675093750001 0.5579623015624999 0.6277321421875001 0.574825396875 0.5910548109375 0.567237103125 0.588525296875 0.5503740078125 0.5948489578125 0.54320709375 0.6020158734375001
5 0.4504595734375 0.57882886875 0.43022371093749995 0.584730903125 0.43190997031249995 0.5986431046875 0.4420280265625 0.6058100203125 0.45298908750000005 0.610869046875 0.46310689531250004 0.607074653125 0.47575421562500003 0.610869046875 0.48376438437499997 0.6074962796875 0.48081324375 0.5952705859375 0.47448958281250003 0.5779856156250001 0.48545064531250004 0.5547988593750001 0.4609990078125 0.561544146875 0.456783234375 0.577142609375 0.4504595734375 0.57882886875
5 0.54995238125 0.523601934375 0.5596485609374999 0.5278177078125 0.57229613125 0.5290825890625 0.5706096234375 0.5231803078125 0.5651292156250001 0.5080034718750001 0.5604918156250001 0.48818923593749997 0.5520602671875 0.48017931562499994 0.5453149796875 0.4974640375 0.43907688437500003 0.5421515375 0.4424494046875 0.5484751984375 0.4483516859375 0.5598578875 0.54995238125 0.523601934375
5 0.4213705359375 0.5746130953125 0.41083110156249997 0.5556421125 0.4083015875 0.5611225203125 0.413360615625 0.575877728125 0.4196842765625 0.577142609375 0.4213705359375 0.5746130953125
5 0.382163690625 0.60328050625 0.387644096875 0.612976934375 0.39438938437500004 0.61677108125 0.41462524843750004 0.6112904265625 0.420948909375 0.6058100203125 0.42727256875 0.5910548109375 0.41715476249999994 0.5784072421875 0.4104094734375 0.575034721875 0.406615328125 0.5918978171875 0.382163690625 0.60328050625
5 0.3117599203125 0.5657599203125 0.32693675624999996 0.5805151296875 0.33157415625 0.584730903125 0.346329365625 0.581780009375 0.358555059375 0.5725052078124999 0.3572904265625 0.5640736609375 0.3484372515625 0.544259425 0.338319196875 0.5366708828125 0.33030927656250003 0.539200396875 0.3252502484375 0.5345629953125 0.275082340625 0.496620784375 0.292788690625 0.5349846234375 0.3138678078125 0.5556421125 0.3117599203125 0.5657599203125
5 0.2805629953125 0.44940401718749995 0.2708665671875 0.4502470234375 0.26875868125 0.4582571921875 0.277190228125 0.46205133906249996 0.2885729171875 0.45952182500000005 0.2932103171875 0.4224228671875 0.2843571421875 0.4312760421875 0.2835138890625 0.43844295625 0.2805629953125 0.44940401718749995
5 0.30459300625 0.45404141875 0.29869072343749997 0.43338392812500004 0.2919454359375 0.45783556562500005 0.2970044640625 0.459943453125 0.30501463281249996 0.46205133906249996 0.30459300625 0.45404141875
5 0.3433782234375 0.44308035781250005 0.3484372515625 0.43675644843750006 0.3505451390625 0.42832490156249997 0.337476190625 0.41652083281249996 0.3244072421875 0.432540675 0.335368303125 0.45910019843749994 0.339584078125 0.45066865156249997 0.3433782234375 0.44308035781250005
5 0.321877728125 0.4329623015625 0.33115252968750003 0.389961309375 0.31892658749999997 0.4030302578125 0.30923040625 0.4127264390625 0.321877728125 0.4329623015625
5 0.38258506875 0.41652083281249996 0.388908978125 0.414834325 0.38384995 0.4017653765625 0.3846932046875 0.38911805625 0.4352827375 0.290046875 0.4230567953125 0.27402678593749996 0.41588988125000004 0.2786641859375 0.360662946875 0.38279439531250004 0.3412703375 0.3903826890625 0.3682514875 0.40724603125 0.38258506875 0.41652083281249996
5 0.4104094734375 0.43844295625 0.3593983140625 0.399657490625 0.34885887968749996 0.397549603125 0.3408487109375 0.40724603125 0.3378978171875 0.4127264390625 0.336211309375 0.4156775796875 0.4487733140625 0.49788566406249996 0.44961631874999997 0.48060094218750005 0.4525674609375 0.4746986609375 0.4104094734375 0.43844295625
5 0.346329365625 0.47048288749999995 0.353074653125 0.48186557499999993 0.357712053125 0.48481671562499995 0.3636140875 0.4658454859375 0.382163690625 0.46373759843749995 0.39902678593749996 0.464580853125 0.40071304531249996 0.4641592265625 0.3749967765625 0.44350173593750003 0.3627708328125 0.451090278125 0.34590773750000003 0.44518824375 0.34042733125 0.44729613125 0.346329365625 0.47048288749999995
5 0.42938045625 0.442237103125 0.43317485156249996 0.4312760421875 0.44961631874999997 0.4342271828125 0.46015575468750003 0.4342271828125 0.46479315468750004 0.4245307546875 0.45846949375 0.41525595312499997 0.41209573437499997 0.435491815625 0.42179216249999996 0.4527765375 0.432331596875 0.4502470234375 0.42938045625 0.442237103125
5 0.4572048609375 0.4679533734375 0.46437152812500004 0.47048288749999995 0.4736463296875 0.46205133906249996 0.4782837296875 0.447717509375 0.49346056562499996 0.43001116093749997 0.584943453125 0.34948958281250003 0.5819923109375 0.34021478125 0.5731391375 0.33557738125 0.5630213296875 0.3376852671875 0.45762648749999996 0.43633506874999994 0.44750843281249997 0.43507018906250006 0.43317485156249996 0.43802132968749996 0.43190997031249995 0.448982390625 0.43865525781250003 0.46036507968749996 0.4572048609375 0.4679533734375
5 0.4892447921875 0.330518353125 0.5018921125 0.3166063984375 0.49346056562499996 0.3115473703125 0.47069543593749996 0.3081748515625 0.45467534687500005 0.31112574375 0.44919469218749997 0.3212438 0.4609990078125 0.32672420625 0.463528521875 0.334734375 0.463528521875 0.4190500984375 0.47196006874999996 0.4211579859375 0.48587227187500004 0.405559771875 0.4892447921875 0.330518353125
5 0.34779836249999996 0.6406024312499999 0.361011409375 0.6369575890625 0.37331324375 0.6337681046875 0.3778692953125 0.6214662703125 0.3737688484375 0.6073422625 0.351443453125 0.6005079359375001 0.3341297125 0.608253471875 0.31772743124999997 0.6105314984375 0.3072482640625 0.61918824375 0.316360615625 0.6228333328125 0.32683978125 0.63057886875 0.33595238125 0.63057886875 0.3418752484375 0.6374131937499999 0.34779836249999996 0.6406024312499999
5 0.28173338281250004 0.6674841265625 0.3026919640625 0.6784188984374999 0.3081594734375 0.6734072421875 0.31043750000000003 0.65199305625 0.316360615625 0.6324012890625 0.3168162203125 0.6314900796875 0.3013251484375 0.6255669640625 0.2821889875 0.646069940625 0.27991096249999997 0.660194196875 0.28173338281250004 0.6674841265625
5 0.31772743124999997 0.69208755 0.3113487109375 0.673862846875 0.3072482640625 0.6702177578125 0.30542584375000004 0.68251959375 0.3040587796875 0.6984662703125 0.3095262890625 0.704389384375 0.321828125 0.707123015625 0.33504117031249997 0.70621180625 0.337319196875 0.6970994546875 0.3295736609375 0.6970994546875 0.3282068453125 0.6966438484374999 0.31772743124999997 0.69208755
5 0.7827549609375 0.47896775781249995 0.694806546875 0.468232390625 0.69356795625 0.457909721875 0.68159375 0.45667113125 0.6716840281249999 0.4574967765625 0.6626001984375 0.46203893906250004 0.6588839281250001 0.4769032734375 0.6621872515625 0.4830969734375 0.6824193953125001 0.49300669687500004 0.686961309375 0.49672271874999996 0.691503471875 0.4917678578125 0.769955109375 0.496309771875 0.7827549609375 0.49300669687500004 0.7839938 0.48061954374999993 0.7827549609375 0.47896775781249995
5 0.529232390625 0.404232390625 0.5238645828124999 0.40877430625000005 0.51767113125 0.41827108125 0.51147743125 0.43809052656249997 0.5085873015625 0.4508903765625 0.52097420625 0.4492388390625 0.5379032734375 0.445935515625 0.71751636875 0.5355357140625 0.7224712296875 0.5326453375 0.725361359375 0.5231485609375001 0.7270131453124999 0.5148903765624999 0.5399677578125 0.4248774796875 0.535012896875 0.42405183593749995 0.533361359375 0.41620659687500006 0.529232390625 0.404232390625
5 0.6332839781249999 0.45997420624999996 0.6485615078125 0.4760776296875 0.65516790625 0.4769032734375 0.659709821875 0.46905828437499997 0.6671421125 0.4558452375 0.670858134375 0.444696925 0.6679677578125001 0.43065823437499995 0.6444322921875 0.441806546875 0.537490328125 0.4141421125 0.5383162203125 0.4232259421875 0.558961309375 0.4335486109375 0.6332839781249999 0.45997420624999996
5 0.634935515625 0.4376775796875 0.6444322921875 0.4302452875 0.6431937 0.41868402812500005 0.618832340625 0.42859375 0.531296875 0.4017549609375 0.5346001984375001 0.41042584375 0.5387291671875001 0.41455505937500003 0.634935515625 0.4376775796875
5 0.5461614578125 0.4748387890625 0.5482259421875 0.460387153125 0.53542584375 0.4508903765625 0.5242775296875 0.482684028125 0.5461614578125 0.4748387890625
5 0.5118903765625 0.4537807546875 0.5073484625 0.4694709828125 0.50652256875 0.4855744046875 0.52097420625 0.4835099203125 0.53377430625 0.4541937 0.5246904765625 0.44800000000000006 0.5222130453125 0.448412946875 0.5118903765625 0.4537807546875
5 0.6683807046875 0.4393291171875 0.6679677578125001 0.44717435468750005 0.677464534375 0.4517162703125 0.6787033734375 0.44387103124999994 0.679529265625 0.43437425625000003 0.6663162203125 0.4236388890625 0.6510389390625 0.42116145781250003 0.646909721875 0.4248774796875 0.6440195937500001 0.43974206406249994 0.657232390625 0.433961309375 0.665490575 0.4302452875 0.6683807046875 0.4393291171875
5 0.6303936015625 0.42405183593749995 0.6481485609375001 0.4174451890625 0.6605357140625 0.41909697343749996 0.6564064984375 0.408361359375 0.6456711312500001 0.4009290671875 0.6382388390625 0.3992775296875 0.6299806546875 0.3984516375 0.62337425625 0.40877430625000005 0.6159419640625 0.420335565625 0.61511631875 0.4257033734375 0.6303936015625 0.42405183593749995
5 0.679529265625 0.4352001484375 0.6778774796875 0.446761409375 0.682832340625 0.4525421625 0.6919161703125 0.4541937 0.699761409375 0.46080009843749997 0.7001743546875 0.4636904765625 0.7158645828125 0.4711227671875 0.722883928125 0.46286458281250004 0.7216453375 0.4550193453125 0.7323807046875 0.4488258921875 0.7484841265625 0.4356130953125 0.7707807546875001 0.41827108125 0.7765615078125 0.4133162203125 0.7769744546874999 0.4091872515625 0.7728452375 0.40629687499999995 0.7662388390625 0.3996904765625 0.721232390625 0.429832340625 0.7063678078125 0.43189682500000004 0.686961309375 0.43107118125 0.679529265625 0.4352001484375
5 0.77201959375 0.47318725156249997 0.7852323906249999 0.476490328125 0.7930776296875 0.47814211249999994 0.795555059375 0.4769032734375 0.8038129953125001 0.40299355156249994 0.8153742562499999 0.393909721875 0.8178516859375 0.38152256875 0.813309771875 0.37656795625 0.8000969734375 0.3712001484375 0.7806904765625 0.372438740625 0.7703678078125 0.3757420640625 0.7645873015625 0.39225818437500004 0.7650002484375 0.39886458281250003 0.7773871531250001 0.40010342187500003 0.7782130453125 0.42529042656250005 0.7769744546874999 0.45667113125 0.7711937 0.46905828437499997 0.77201959375 0.47318725156249997
5 0.8145486109375 0.396387153125 0.80711631875 0.4017549609375 0.8038129953125001 0.4174451890625 0.7967936515625 0.46988392812499996 0.797206596875 0.4868129953125 0.8269357640624999 0.41950967187500005 0.8298258921875 0.3972130453125 0.82156795625 0.39225818437500004 0.8145486109375 0.396387153125
5 0.8442775296875 0.3352775296875 0.8504712296875001 0.3311485609375 0.8508839281249999 0.32 0.8711163187500001 0.291509671875 0.8463420140625001 0.2993549109375 0.7389873515625001 0.23783234062499997 0.73527108125 0.2432001484375 0.7274258437500001 0.2588903765625 0.8380840781250001 0.318761409375 0.8384970234375 0.322064484375 0.8389099703125 0.33032266875 0.8442775296875 0.3352775296875
5 0.762925346875 0.2781994046875 0.786038690625 0.313079365625 0.7915017359375 0.3118187 0.7864588296874999 0.2920672125 0.762925346875 0.2781994046875
5 0.762925346875 0.3349317953125 0.76082415625 0.3466986609375 0.7730111609375 0.35216170625 0.7856183031249999 0.34837946406250003 0.795283978125 0.3416557546875 0.8032683531249999 0.33451165625 0.8049494046874999 0.3235853171875 0.8032683531249999 0.318122271875 0.7847777781249999 0.31434002968749997 0.75998363125 0.276518353125 0.726784721875 0.26012896875 0.762084821875 0.323165178125 0.762925346875 0.3349317953125
5 0.7385513390625 0.3277876984375 0.7410729171875 0.34291641875 0.758722965625 0.3517415671875 0.757882440625 0.335772321875 0.762084821875 0.3277876984375 0.739391865625 0.30635540625 0.725523809375 0.31518055624999997 0.7293060515625001 0.3172817453125 0.7385513390625 0.3277876984375
5 0.737290675 0.3807380953125 0.7507383437499999 0.37905704375 0.7566217765625 0.3710724203125 0.7536800593749999 0.3618271328125 0.7410729171875 0.3466986609375 0.7360300093750001 0.3374533734375 0.7389717265625 0.326947171875 0.7297264390625 0.3164412203125 0.721741815625 0.313919890625 0.712076140625 0.31560069375 0.7024107140625 0.3206436015625 0.7074536203124999 0.33367113125 0.7188000984375 0.36140699375 0.737290675 0.3807380953125
5 0.7431741078125 0.38367981093750003 0.758722965625 0.391664434375 0.766287203125 0.3899833828125 0.7709099703125 0.3748546625 0.7851981640625 0.3731736109375 0.8024280750000001 0.3714928078125 0.81587574375 0.385360615625 0.81587574375 0.38872271875000003 0.8314246031250001 0.391244046875 0.8410900296875001 0.3849404765625 0.8398293656250001 0.3744345234375 0.8162958828125 0.371912946875 0.7894005453124999 0.365609375 0.7793147328125001 0.359305803125 0.77889459375 0.355103421875 0.767127728125 0.3517415671875 0.7469561015624999 0.35006051562499996 0.75578125 0.365609375 0.7524193953125 0.3723333328125 0.7431741078125 0.38367981093750003
5 0.6746748515625 0.3714928078125 0.6818189484375 0.3756951890625 0.68728199375 0.381158234375 0.68770238125 0.3950262890625 0.684340278125 0.41015500937500005 0.6658497031249999 0.42108110156249995 0.66963194375 0.426964534375 0.6826594734375 0.4345287703125 0.6952666171875 0.431587053125 0.7150178578124999 0.42990625 0.7116560015625 0.42108110156249995 0.7024107140625 0.41141567500000004 0.694426090625 0.3752748015625 0.673834325 0.3391341765625 0.6746748515625 0.3525818453125 0.6746748515625 0.3714928078125
5 0.7200607640625 0.4231822921875 0.737290675 0.42108110156249995 0.7465359625 0.41141567500000004 0.7553611109375 0.3971274796875 0.7507383437499999 0.386201140625 0.73392881875 0.386621528125 0.6713129953125 0.2979506453125 0.6608067953125001 0.3004719734375 0.6545032234375 0.308876984375 0.6578650796875001 0.31434002968749997 0.7141773312499999 0.40175 0.7103953375 0.41099528750000003 0.70997495 0.42066096249999996 0.7200607640625 0.4231822921875
5 0.685180803125 0.2845029765625 0.6729938 0.2647517359375 0.6679508921874999 0.2689541171875 0.6641688984375 0.27063492031249997 0.6587056046875001 0.27861954375 0.6641688984375 0.29711011875 0.6763556546875 0.3013125 0.716698909375 0.3651892359375 0.685180803125 0.2845029765625
5 0.7040917656250001 0.31518055624999997 0.719640625 0.3134995046875 0.7330882937500001 0.3071959328125 0.7381312 0.29080654687499996 0.7381312 0.2845029765625 0.726784721875 0.2744171625 0.71459771875 0.2781994046875 0.712076140625 0.2752576890625 0.6860213296875 0.24373958281250002 0.6826594734375 0.2529848703125 0.6788772328125 0.254665921875 0.6746748515625 0.2597088296875 0.697787946875 0.29080654687499996 0.6931654265625 0.3013125 0.697787946875 0.31097817499999997 0.7040917656250001 0.31518055624999997
5 0.6650091765624999 0.25088368125 0.6515615078125 0.24458010937500002 0.6368531749999999 0.2462611609375 0.621304315625 0.258027778125 0.6259268359375 0.26727306562500003 0.6330709328124999 0.2689541171875 0.649040178125 0.36392832343750003 0.649040178125 0.3740141375 0.658285465625 0.3807380953125 0.66038665625 0.376115328125 0.6687914187499999 0.3664499015625 0.6704724703125 0.36140699375 0.6662700890625 0.340815228125 0.6595461312500001 0.318962796875 0.657444940625 0.31055778749999996 0.6570248015625 0.3025731640625 0.6616473218750001 0.294168403125 0.6549236109375001 0.26643253906250003 0.6591259921875 0.268113590625 0.6616473218750001 0.262230159375 0.6650091765624999 0.25088368125
5 0.4900024796875 0.334447171875 0.5248752484375 0.337436259375 0.5381602187500001 0.337436259375 0.54945238125 0.346403521875 0.5564268359375 0.34474305625 0.5574233625 0.338100446875 0.5584196421875001 0.3165126484375 0.556758928125 0.303227678125 0.545134671875 0.31584821406249997 0.50063045625 0.315184028125 0.502290921875 0.3155161203125 0.496976934375 0.32780481093749997 0.4900024796875 0.334447171875
5 0.46011135937500003 0.33245436562499997 0.453801090625 0.3241512890625 0.4508120046875 0.3141877484375 0.453801090625 0.305884671875 0.4508120046875 0.3078774796875 0.42590277812500005 0.309537946875 0.4205887890625 0.3228229171875 0.419592509375 0.326476190625 0.46011135937500003 0.33245436562499997
5 0.5507807546875 0.306548859375 0.5560947421875 0.303891865625 0.5610766375 0.3055525796875 0.56373363125 0.2972495046875 0.565394096875 0.285957340625 0.5564268359375 0.27366889843750003 0.54646329375 0.2876178078125 0.4753891375 0.291935515625 0.47107142812499997 0.3082095734375 0.5438063 0.30920585312500004 0.5507807546875 0.306548859375
5 0.559748015625 0.260716021875 0.565726190625 0.2540736609375 0.5587517359375 0.24012450468750002 0.474060515625 0.2686870046875 0.4644290671875 0.272008184375 0.4561259921875 0.2643692953125 0.4478229171875 0.26171230156249997 0.44084821406249997 0.266030009375 0.4405161203125 0.2823040671875 0.446162203125 0.298245784375 0.4508120046875 0.3052204859375 0.46177207343750004 0.309537946875 0.471403521875 0.3045560515625 0.47240004999999996 0.29027480156249996 0.47240004999999996 0.2906071421875 0.5467953875 0.266030009375 0.559748015625 0.260716021875
5 0.448487103125 0.30754513906250003 0.4464942953125 0.3018990578125 0.44184474218750003 0.2962532234375 0.44184474218750003 0.29226760937499996 0.431548859375 0.2969174109375 0.4292239578125 0.303227678125 0.43254513906250003 0.30721304531250004 0.448487103125 0.30754513906250003
5 0.3564893359375 0.306548859375 0.3564893359375 0.312527034375 0.3561572421875 0.3224908234375 0.359810515625 0.3311259921875 0.36578869062499997 0.3341150796875 0.374755953125 0.3357755453125 0.380402034375 0.34540724218749996 0.3877088296875 0.3214942953125 0.3983365578125 0.3098700390625 0.4073040671875 0.29426041718749996 0.40996106093750007 0.29027480156249996 0.41062524843750003 0.283300346875 0.3764166671875 0.303559771875 0.36379588281249997 0.300902778125 0.3584818953125 0.2999064984375 0.3564893359375 0.306548859375
5 0.3820627484375 0.2999064984375 0.3926904765625 0.29426041718749996 0.402322171875 0.2112299109375 0.4036505453125 0.1903060515625 0.39767237031249997 0.18233506875 0.3926904765625 0.1849920640625 0.385716021875 0.18964186562500002 0.3757522328125 0.2869536203125 0.36578869062499997 0.298245784375 0.3707705859375 0.3022313984375 0.3820627484375 0.2999064984375
5 0.4471587296875 0.240788690625 0.4478229171875 0.2338139875 0.440184028125 0.2298286203125 0.42357787656249996 0.23779960312499998 0.434537946875 0.24975595312499999 0.44350520781249997 0.24610267812500003 0.4471587296875 0.240788690625
5 0.4591150796875 0.2474310515625 0.460443453125 0.2454384921875 0.44915128906249996 0.240456596875 0.4388556546875 0.2593876484375 0.4438373015625 0.26636210312499997 0.45180828437500004 0.257394840625 0.4591150796875 0.2474310515625
5 0.471735615625 0.2627088296875 0.46542534687500003 0.254737846875 0.454465278125 0.2623767359375 0.4640969734375 0.2680228171875 0.46841443437499997 0.2703474703125 0.471735615625 0.2627088296875
5 0.3196314484375 0.2551470734375 0.3176688984375 0.2623435015625 0.3232296625 0.26757738125 0.33206175625 0.270194196875 0.34874454374999997 0.2737924109375 0.3549595734375 0.2708484625 0.352669890625 0.2643063 0.3536510421875 0.2551470734375 0.384399553125 0.20935143906250003 0.3837452875 0.1946314484375 0.38603521875 0.1887435515625 0.3974841265625 0.1861264875 0.3994466765625 0.18383680625 0.40631597187499996 0.1740235609375 0.4001009421875 0.164537203125 0.387670634375 0.1632286703125 0.3369685015625 0.25056770781250004 0.3356599703125 0.25122172656249997 0.33369717187500003 0.251548859375 0.3196314484375 0.2551470734375
5 0.34056671562499996 0.2898209328125 0.3454732140625 0.2986530265625 0.3529967765625 0.30748511875 0.3588849203125 0.296690228125 0.3654270828125 0.2983258921875 0.366735615625 0.293419146875 0.37393204375 0.27411954375 0.37524057499999997 0.2629977671875 0.355940971875 0.27510094218750003 0.3376225203125 0.2724841265625 0.3356599703125 0.277063740625 0.34056671562499996 0.2898209328125
5 0.354632440625 0.2639791671875 0.3621560015625 0.2692130453125 0.3781845234375 0.251548859375 0.3729506453125 0.239445684375 0.364445684375 0.239445684375 0.356594990625 0.25351165625 0.354632440625 0.2639791671875
5 0.3948670640625 0.2737924109375 0.4072973703125 0.262670634375 0.4095873015625 0.26103521875 0.4007552078125 0.2469692453125 0.3948670640625 0.2737924109375
5 0.5886173109375 0.2672983625 0.6003896328125 0.2690297625 0.6253189484375 0.266605903125 0.6180478671875 0.25552628906249997 0.58238516875 0.2451388890625 0.5785763890625 0.2482552078125 0.5796150796874999 0.26141245 0.5886173109375 0.2672983625
5 0.5816927078125 0.312309771875 0.5848087796875 0.3192346234375 0.5969273312500001 0.3192346234375 0.6017745531250001 0.3105786203125 0.6007358625 0.30123015937500003 0.59173363125 0.29915277812499996 0.5813462296874999 0.27837822343749996 0.5806537703125 0.2866879953125 0.58238516875 0.29915277812499996 0.5816927078125 0.312309771875
5 0.49894097187500003 0.23786805625000002 0.5075969734375 0.25760367031250003 0.5290639875 0.25102505 0.519369046875 0.23752157812500002 0.5152142859375 0.238560515625 0.509328125 0.23648288750000002 0.49894097187500003 0.23786805625000002
5 0.5463759921875 0.24410019843750003 0.5453373015625 0.2402916671875 0.5252552078125 0.23579042656250002 0.52767881875 0.2482552078125 0.5463759921875 0.24410019843750003
5 0.5370275296875 0.2153623515625 0.5034419640625 0.2146696421875 0.49340104218749997 0.19389533750000001 0.49340104218749997 0.19597271875 0.4895922625 0.20809127031250002 0.486476190625 0.22020957343749997 0.4854375 0.244792659375 0.5003258921875 0.23371304531249998 0.6156242562500001 0.24756274843749998 0.61735540625 0.24063789687499998 0.6190865578125 0.22886557500000002 0.5370275296875 0.2153623515625
5 0.5127904265625001 0.1288018359375 0.5034419640625 0.1880091765625 0.4996334328125 0.20289756875 0.5055193453125 0.19805009843750002 0.5190228171875 0.1925104171875 0.526986359375 0.1402279265625 0.5245627484375001 0.14057415625 0.5214466765625 0.1371116078125 0.5127904265625001 0.1288018359375
5 0.5127904265625001 0.1277631453125 0.5204077375 0.1378040671875 0.5318338296875 0.1360729171875 0.5314875984375 0.1232619046875 0.52802505 0.10941245 0.52179290625 0.0948702875 0.5162529765625 0.11148983125 0.4276150796875 0.132610615625 0.4127266859375 0.1371116078125 0.4116879953125 0.14819146875 0.4272688484375 0.1513075390625 0.43696354218750005 0.15061507968750001 0.5127904265625001 0.1277631453125
5 0.501018353125 0.19389533750000001 0.49997966250000003 0.180391865625 0.49374727187499995 0.1630798609375 0.47782018906249996 0.1668883921875 0.469856646875 0.1772755453125 0.4670865578125 0.191471478125 0.4733189484375 0.194934028125 0.4857837296875 0.19389533750000001 0.490284721875 0.19285664687499998 0.501018353125 0.20116641875000002 0.501018353125 0.19389533750000001
5 0.4871686515625 0.2191708828125 0.49132366093749996 0.19389533750000001 0.49132366093749996 0.1890478671875 0.48751488125 0.1963189484375 0.48128249062500006 0.1994350203125 0.47816641875 0.20428249062499998 0.48266741093750004 0.21570858125 0.4871686515625 0.2191708828125
5 0.797553571875 0.20603199375 0.7925615078125 0.1942326390625 0.78756944375 0.18016443437500002 0.7812160218749999 0.17925694375 0.766240328125 0.1828874015625 0.754440971875 0.2005860609375 0.7580716765625 0.2087547125 0.7671478171875 0.21056994062499998 0.7830314984375 0.2164697421875 0.781669890625 0.2259997515625 0.8252361109375 0.28318030781250003 0.8429350203125001 0.29679489062500003 0.8574570937500001 0.29271056562500003 0.8501959328125 0.28726463281250003 0.7961919640625 0.21147767812499998 0.797553571875 0.20603199375
5 0.8737943953125 0.29044146875 0.8642641375 0.2777346234375 0.8737943953125 0.266389384375 0.8638105156250001 0.2527748015625 0.8501959328125 0.25095957343749997 0.8406659218750001 0.24233705312499998 0.8343125 0.2514134421875 0.8324972718750001 0.257766865625 0.8624489093750001 0.294071925 0.8737943953125 0.29044146875
5 0.804814484375 0.14385937499999998 0.8116217765625 0.12797569375 0.8179751984375001 0.1111845234375 0.8138908734375001 0.10120064531249999 0.7980071921875 0.1080079359375 0.7231277281249999 0.1048311015625 0.7008908734375 0.0998392859375 0.693176090625 0.10573883906249999 0.6940838296875 0.11799181562500001 0.7916537703125 0.126160465625 0.7966458328125 0.1316063984375 0.7984610609375 0.1384134421875 0.804814484375 0.14385937499999998
5 0.689545634375 0.19468650781250002 0.7167745531249999 0.1887869546875 0.7294811515624999 0.18515649843749998 0.735380953125 0.1887869546875 0.7458187 0.18424875937500002 0.7521718749999999 0.17744146875 0.758525296875 0.1733571421875 0.6650396828125 0.176533978125 0.661408978125 0.1833412703125 0.66322420625 0.1960478671875 0.689545634375 0.19468650781250002
5 0.5943616078125 0.20546031718750002 0.5904305562500001 0.2078189484375 0.5901684031250001 0.21908779687500002 0.5938373015625 0.22537747968750002 0.616375 0.22826016875000002 0.622140625 0.226949653125 0.629740575 0.22170833281250002 0.638912946875 0.22013616093750002 0.6454645343750001 0.22590153750000003 0.6535885421875001 0.2133224203125 0.6666919640625 0.2133224203125 0.6742919140625 0.2133224203125 0.696043403125 0.2025776296875 0.69918824375 0.1978603671875 0.6176855156250001 0.21384647812500002 0.6016994046875 0.2107016375 0.5993407734375 0.20834300625000002 0.5943616078125 0.20546031718750002
5 0.720451140625 0.1862562 0.6715409218749999 0.21383903750000002 0.6618727671875 0.21099553593749998 0.6504982640625 0.2166827875 0.6462328875 0.2237916671875 0.6476547625 0.2351661703125 0.6487921625 0.24312822343749999 0.6539107140625 0.2428439984375 0.6635788687499999 0.2482467765625 0.6675600203125 0.25706200468749996 0.6715409218749999 0.2567775296875 0.6789345234375 0.2516592265625 0.684052828125 0.24341269843750002 0.6857591765625 0.2360193453125 0.7113514390625 0.220663690625 0.734100446875 0.19962103125 0.734100446875 0.189668403125 0.7315411703125 0.1888154765625 0.720451140625 0.1862562
5 0.686043403125 0.24056894843749999 0.7090766375 0.270711309375 0.7153325890625 0.26331795625 0.717891865625 0.2587681046875 0.717891865625 0.2522279265625 0.719597965625 0.24654067500000001 0.75713368125 0.20246478125 0.7611145828125 0.1902373515625 0.7699298109375 0.1817063484375 0.7699298109375 0.17687227187500001 0.7676550093750001 0.17061631875 0.7591240078125 0.17146949375 0.704242559375 0.23545064531249998 0.6931525296875 0.23431324375 0.688887153125 0.2365880453125 0.686043403125 0.24056894843749999
5 0.7781763390624999 0.15327033750000002 0.7795979656250001 0.148436259375 0.780451140625 0.14360218281249998 0.7710672125 0.1430334828125 0.762251984375 0.1595262890625 0.7596927078125 0.16834151718749998 0.7722046125 0.17090079375 0.7781763390624999 0.15327033750000002
5 0.7383658234375 0.1652135421875 0.7386500500000001 0.177725446875 0.7591240078125 0.17146949375 0.75713368125 0.15838888906249998 0.7486026781249999 0.1544077375 0.7403563984375 0.1578201890625 0.7383658234375 0.1652135421875
5 0.717891865625 0.1771567453125 0.736659721875 0.17203819375 0.7358065468749999 0.163507440625 0.7275600203125 0.1623697921875 0.7190292656249999 0.16919444374999998 0.717891865625 0.1771567453125
5 0.7050954859375 0.1572514875 0.6942899312499999 0.1669196421875 0.688602678125 0.175450396875 0.688887153125 0.176019096875 0.7104985125 0.1737442953125 0.7213040671875001 0.1629384921875 0.7161857640625 0.1578201890625 0.7130577875 0.1561138390625 0.7050954859375 0.1572514875
5 0.672962796875 0.1572514875 0.6692661203125 0.1569670140625 0.66414756875 0.17033209375 0.6701192953125 0.17573487031249999 0.684621528125 0.1711850203125 0.690024553125 0.16066369062500002 0.688887153125 0.1512797625 0.6817780265625 0.145308284375 0.681209325 0.1492891859375 0.672962796875 0.1572514875
5 0.8222522328125 0.2055927578125 0.825664434375 0.1953556546875 0.81628050625 0.189099703125 0.8137212296874999 0.1817063484375 0.8114464281249999 0.178009671875 0.7995032234375 0.2121329359375 0.8111622031250001 0.23146949375 0.8148588796875 0.23033209375000002 0.8222522328125 0.2055927578125
5 0.7949536203124999 0.187109375 0.798081596875 0.2030334828125 0.7989345234375 0.2044553578125 0.8086029265624999 0.1839813984375 0.8014938 0.1839813984375 0.794100446875 0.1839813984375 0.7949536203124999 0.187109375
5 0.5895064484375 0.1487973703125 0.5487490078125 0.172734375 0.5422795140625001 0.1740282734375 0.5316049109375001 0.1711170640625 0.5251354171875 0.1782333828125 0.5251354171875 0.1908487109375 0.5290171124999999 0.2024938 0.532575396875 0.20119990156249998 0.5484255953125 0.19667137968749998 0.5526307046875 0.19634771875 0.554248015625 0.18826091250000002 0.5561889875 0.183085565625 0.569451140625 0.1762924109375 0.626705853125 0.1484739578125 0.6273529265625 0.141357390625 0.6212068453125 0.13327058593750002 0.5895064484375 0.1487973703125
5 0.6105322421875 0.134564484375 0.5849779265625 0.125830853125 0.5765677078125 0.1268013390625 0.58821255 0.14297495 0.5959759421874999 0.1452390875 0.60923834375 0.13650545625 0.6105322421875 0.134564484375
5 0.6383509421875 0.1423278765625 0.65128993125 0.140387153125 0.6661696421875 0.149120784375 0.67296255 0.1526790671875 0.6829900796875 0.149120784375 0.67943204375 0.140387153125 0.6157078375 0.1141857640625 0.5914474203125 0.10642237031249999 0.5856250000000001 0.0947775296875 0.582066715625 0.0925131453125 0.575920634375 0.11030406718750001 0.5739799109375 0.12130208281249999 0.5775381937499999 0.126154265625 0.589830109375 0.12453695468749999 0.604386409375 0.13132986093750001 0.617972221875 0.1306827875 0.6383509421875 0.1423278765625
5 0.6613174609375 0.12130208281249999 0.6461143359375 0.11483283749999999 0.635116071875 0.10868675624999999 0.6279997515625 0.10803993125 0.6273529265625 0.1145091765625 0.639644840625 0.12324305625000001 0.662611359375 0.1319766859375 0.6613174609375 0.12130208281249999
5 0.7153373015625 0.15332589218749998 0.7163077875 0.1526790671875 0.7214833828125 0.146856646875 0.72439459375 0.1352115578125 0.7069270828125 0.13650545625 0.7017514874999999 0.134564484375 0.6444967765625 0.0805446421875 0.6422326390624999 0.07633953437499999 0.6341458328125 0.08086805625 0.632851934375 0.0844263390625 0.6312346234375 0.09186631875 0.6930178578125 0.1507380953125 0.690753471875 0.1640004953125 0.6962524796875 0.1633536703125 0.7153373015625 0.15332589218749998
5 0.7169548609375 0.13262375937499998 0.72407118125 0.13327058593750002 0.72439459375 0.1442688484375 0.7282762890625001 0.14620957343750002 0.7428325890624999 0.15332589218749998 0.7528601187499999 0.1572075890625 0.7583591265625 0.155913690625 0.7606235125 0.147180059375 0.7706512890624999 0.1377993546875 0.7622408234375 0.12744816406249998 0.7454203875000001 0.134241071875 0.6855778765625 0.11645014843749998 0.6930178578125 0.1206552578125 0.705956596875 0.1319766859375 0.7169548609375 0.13262375937499998
5 0.581743303125 0.08280902812499999 0.5885362109375001 0.089925346875 0.59371180625 0.0876609625 0.5998576390625 0.076662946875 0.60147495 0.06598834375 0.596946428125 0.055637153125000005 0.59435863125 0.05110863125 0.590476934375 0.05013814531250001 0.582066715625 0.0591954359375 0.5733328375 0.06372420625 0.568480903125 0.07698635937500001 0.5785084328125001 0.07892733125 0.581743303125 0.08280902812499999
5 0.5775381937499999 0.1028643359375 0.581743303125 0.0912192453125 0.5865952375 0.0912192453125 0.589830109375 0.10351116093749999 0.59241790625 0.104805059375 0.60147495 0.0912192453125 0.596623015625 0.0889548609375 0.5878891375 0.089278521875 0.5746267359375 0.0870141375 0.568804315625 0.096394840625 0.569451140625 0.097365328125 0.5775381937499999 0.1028643359375
5 0.5428628468750001 0.21701636875000002 0.5465505953124999 0.2113427578125 0.55222420625 0.20680381875 0.558465278125 0.20283209375000003 0.5749186515625 0.20481795625000002 0.5888191968750001 0.21247743125000002 0.5908048109374999 0.20737103124999998 0.6018685515625 0.20538541718749997 0.604137896875 0.196875 0.5278276296875 0.20226488125 0.525841765625 0.198860615625 0.5153457343750001 0.19460540625 0.5048494546875 0.1974422125 0.5045657234375 0.2102078375 0.507686259375 0.2133283734375 0.5300969734375001 0.2187182546875 0.5428628468750001 0.21701636875000002
5 0.6208752484375 0.21247743125000002 0.634491815625 0.20283209375000003 0.6254139390625 0.193470734375 0.6010173609375 0.20737103124999998 0.6058400296875 0.21276116093750003 0.6117973703125 0.215597965625 0.6208752484375 0.21247743125000002
5 0.65321478125 0.1931870046875 0.6413000984375 0.1821235125 0.636477678125 0.17843551562499999 0.6214424609375 0.188648065625 0.6410166171875 0.203683284375 0.6552006453125 0.20538541718749997 0.6588883921875001 0.19942807499999998 0.65321478125 0.1931870046875
5 0.657186259375 0.1843928578125 0.66144146875 0.17928670625 0.6676825390625 0.17503149843750002 0.6679662703125 0.1668045640625 0.6673988093750001 0.1531879953125 0.6634273312500001 0.14637971249999998 0.6529310515625 0.1438263890625 0.643853421875 0.1571594734375 0.5627204859375 0.17701711250000002 0.5525079359375 0.18155605156250001 0.55222420625 0.1943216765625 0.5567631453125 0.2011302078125 0.5743514390625 0.1957400796875 0.6458390374999999 0.17503149843750002 0.6483921125000001 0.1741803078125 0.6534985125 0.181272321875 0.657186259375 0.1843928578125
5 0.47588789687500005 0.1198747515625 0.46654166718749995 0.1060587796875 0.4543509421875 0.1024015375 0.44622395781249996 0.10565228125 0.43992534687499996 0.1149985125 0.4460208328125 0.12353199374999999 0.44683333281250004 0.127798859375 0.46715128906250003 0.12210987031250001 0.47588789687500005 0.1198747515625
5 0.4925483625 0.1087001484375 0.48299900781250005 0.1080905265625 0.479138640625 0.1186557546875 0.500065971875 0.1149985125 0.499862846875 0.1123571421875 0.4925483625 0.1087001484375
5 0.5069739578125 0.1113412703125 0.515304315625 0.1007760421875 0.5309489093749999 0.09285218281249999 0.5193678078125 0.086553571875 0.50778670625 0.076191715625 0.4951897328125 0.0784265875 0.48929761875000005 0.0849283234375 0.48259275781250005 0.097931546875 0.48665624999999996 0.10057291718750001 0.4903134921875 0.1019952875 0.4953928578125 0.10524603125000001 0.4994563484375 0.1109350203125 0.5069739578125 0.1113412703125
5 0.5258695437500001 0.10362053593750001 0.5274950390625001 0.11032539687500001 0.533184028125 0.12332886875 0.539482390625 0.1194685015625 0.5512668656249999 0.127798859375 0.552079365625 0.1186557546875 0.552079365625 0.10423015937499999 0.547203125 0.09650942500000001 0.5274950390625001 0.085944196875 0.5287140375 0.0910235609375 0.5293236609374999 0.0952904265625 0.5258695437500001 0.10362053593750001
5 0.782710565625 0.2598685515625 0.792058284375 0.266972965625 0.8029017859375 0.2680947421875 0.8029017859375 0.257625 0.7928060515625 0.24042509843749998 0.791310515625 0.2426686515625 0.782710565625 0.2598685515625
5 0.7576584828125 0.210512153125 0.7434499015625 0.21911210312499999 0.7363454859375 0.22733829375 0.738962796875 0.23444270781249998 0.7513020828125 0.2393033234375 0.7539193953125001 0.2464077375 0.7812150296875 0.2594947921875 0.7744846234375 0.2355642359375 0.7815887890625 0.2202338796875 0.7767279265625 0.21387747968749998 0.7576584828125 0.210512153125