5 0.640625 0.224950396875 0.6455853171875 0.22916666718749998 0.653769840625 0.23239087343749998 0.6614583328125 0.234126984375 0.6671626984375 0.23387896874999997 0.6728670640625001 0.2321428578125 0.6741071421875 0.231398809375 0.6852678578125 0.212549603125 0.6857638890625 0.20882936562499999 0.6837797625 0.20064484062500001 0.68700396875 0.194196428125 0.687748015625 0.190476190625 0.6862599203124999 0.1783234125 0.6810515875 0.17237103125 0.6738591265625 0.16939484062500001 0.669394840625 0.16939484062500001 0.661954365625 0.17113095312499998 0.653769840625 0.177579365625 0.6483134921875 0.1875 0.6416170640625001 0.1917162703125 0.6321924609375 0.2043650796875 0.6302083328125 0.20833333281250002 0.6321924609375 0.21378968281250002 0.637896825 0.21949404687500002 0.640625 0.224950396875
5 0.2279265875 0.334325396875 0.230902778125 0.3353174609375 0.2358630953125 0.33506944375000003 0.2537202375 0.3268849203125 0.2549603171875 0.32366071406249997 0.2581845234375 0.3216765875 0.25967261875 0.3144841265625 0.266369046875 0.310019840625 0.281498015625 0.30381944375000003 0.287450396875 0.30034722187499996 0.2894345234375 0.2981150796875 0.29365079375 0.296875 0.297123015625 0.294394840625 0.31597222187499996 0.287450396875 0.3296130953125 0.28075396874999997 0.337549603125 0.275545634375 0.365079365625 0.26512896874999997 0.3695436515625 0.263144840625 0.3707837296875 0.2616567453125 0.3955853171875 0.250744046875 0.3988095234375 0.25099206406249996 0.40699404687499996 0.24404761874999997 0.43055555625 0.2353670640625 0.4513888890625 0.2232142859375 0.4543650796875 0.21676587343749998 0.45262896875 0.2123015875 0.453125 0.20808531718749998 0.4513888890625 0.19866071406250002 0.4427083328125 0.1929563484375 0.43700396875 0.19345238125 0.4295634921875 0.19593253906250002 0.4270833328125 0.19717261875 0.42410714218749995 0.20138888906250002 0.41344246093750003 0.20386904687500002 0.40625 0.2068452375 0.40302579375 0.209325396875 0.3958333328125 0.2110615078125 0.389880953125 0.2142857140625 0.38715277812500004 0.21701388906250002 0.375248015625 0.22197420625 0.372519840625 0.222222221875 0.368799603125 0.2251984125 0.361855159375 0.2266865078125 0.35069444375000003 0.2328869046875 0.344494046875 0.234126984375 0.33134920625 0.2398313484375 0.3105158734375 0.25 0.3077876984375 0.25049603125000003 0.2988591265625 0.255704365625 0.28794642812500004 0.25967261875 0.283978175 0.26240079375 0.2708333328125 0.265625 0.2668650796875 0.2678571421875 0.2643849203125 0.2705853171875 0.2564484125 0.2738095234375 0.25099206406249996 0.27802579375 0.24429563437500001 0.2800099203125 0.2390873015625 0.28025793593750004 0.22594246093749998 0.278769840625 0.21180555625 0.2829861109375 0.20634920625 0.286954365625 0.206101190625 0.2951388890625 0.20833333281250002 0.30282738125 0.2202380953125 0.3263888890625 0.2279265875 0.334325396875
5 0.278769840625 0.078373015625 0.281994046875 0.078869046875 0.28472222187499996 0.0828373015625 0.291170634375 0.08606150781250001 0.2929067453125 0.08978174531250001 0.2926587296875 0.10342261875 0.293898809375 0.1073908734375 0.296130953125 0.12599206406250002 0.296875 0.13963293593749998 0.30009920625 0.1577380953125 0.30009920625 0.1741071421875 0.302579365625 0.1810515875 0.3043154765625 0.193204365625 0.3060515875 0.19717261875 0.30580357187499996 0.20114087343749998 0.30803571406249997 0.20808531718749998 0.3110119046875 0.209325396875 0.3125 0.2070932546875 0.3239087296875 0.1981646828125 0.331101190625 0.1855158734375 0.3298611109375 0.17237103125 0.3303571421875 0.15029761875 0.32911706406249996 0.1269841265625 0.32762896874999997 0.12177579375 0.32713293593750004 0.1111111109375 0.3229166671875 0.08779761875 0.3258928578125 0.084325396875 0.32862103125000003 0.07862103125 0.331101190625 0.06944444375 0.33482142812500004 0.06646825468749999 0.33506944375000003 0.06423611093750001 0.3323412703125 0.06299603125 0.330605159375 0.060267857812500006 0.3231646828125 0.057539682812500006 0.3172123015625 0.0560515875 0.3043154765625 0.0550595234375 0.29340277812500004 0.056547618749999994 0.28224206406249996 0.060267857812500006 0.275545634375 0.065228175 0.2733134921875 0.068204365625 0.2733134921875 0.072420634375 0.275049603125 0.0758928578125 0.278769840625 0.078373015625
5 0.340773809375 0.09375 0.34722222187499996 0.0974702375 0.3452380953125 0.106646825 0.343998015625 0.1269841265625 0.34275793593750004 0.1299603171875 0.3422619046875 0.15525793593749998 0.341269840625 0.161954365625 0.3415178578125 0.168898809375 0.343005953125 0.1738591265625 0.343998015625 0.1738591265625 0.3459821421875 0.1731150796875 0.3479662703125 0.17013888906250002 0.3519345234375 0.1676587296875 0.35590277812500004 0.161954365625 0.35491071406249997 0.15798611093749998 0.356398809375 0.15451388906250002 0.3556547625 0.1507936515625 0.35615079375 0.14136904687500002 0.3576388890625 0.13740079375 0.359623015625 0.1356646828125 0.36284722187499996 0.1356646828125 0.369295634375 0.140625 0.372023809375 0.14161706406250002 0.3732638890625 0.140625 0.37549603125000003 0.134920634375 0.377480159375 0.11929563437499999 0.377480159375 0.10987103125 0.3787202375 0.105902778125 0.3841765875 0.100446428125 0.388144840625 0.09895833281250001 0.393353175 0.093005953125 0.3953373015625 0.088045634375 0.39508928593750003 0.08506944375 0.393353175 0.0803571421875 0.3859126984375 0.0758928578125 0.374751984375 0.071428571875 0.36284722187499996 0.068700396875 0.353670634375 0.06795634843750001 0.33705357187499996 0.06944444375 0.3323412703125 0.07217261875 0.33134920625 0.07415674531250001 0.33134920625 0.07762896875 0.3330853171875 0.08209325468749999 0.3382936515625 0.08854166718749999 0.340773809375 0.09375
5 0.3973685515625 0.189396825 0.379705109375 0.1865716765625 0.37400793593750004 0.196428571875 0.3730158734375 0.19717261875 0.368799603125 0.20882936562499999 0.3707837296875 0.21180555625 0.37847222187499996 0.2150297625 0.381200396875 0.215277778125 0.3859126984375 0.21031746093749998 0.393353175 0.20882936562499999 0.39732142812500004 0.20114087343749998 0.3945932546875 0.1981646828125 0.3945932546875 0.1929563484375 0.4012896828125 0.1897321421875 0.40266741093749997 0.1886904765625 0.40575396875 0.18725198437499999 0.41195436562500004 0.174851190625 0.4144345234375 0.17162698437499999 0.4154265875 0.16592261875 0.42385912656249997 0.1470734125 0.4273313484375 0.1341765875 0.4295634921875 0.130704365625 0.4322916671875 0.122271825 0.4365079359375 0.11656746093749999 0.4427083328125 0.11507936562500001 0.44866071406249997 0.1083829359375 0.4518849203125 0.10019841249999999 0.4541170640625 0.08829365156249999 0.4513888890625 0.0801091265625 0.43973214218749995 0.07018849218749999 0.428075396875 0.0644841265625 0.4171626984375 0.0625 0.41021825468750006 0.0625 0.40674603125 0.0647321421875 0.4045138890625 0.06845238125 0.39756944375000003 0.0873015875 0.4030208328125 0.10075247968750001 0.385004215625 0.1533740078125 0.4051403765625 0.18092088281250002 0.3973685515625 0.189396825
5 0.2199900796875 0.09499007968749999 0.23263888906250002 0.096478175 0.2383432546875 0.09548611093750001 0.237847221875 0.0845734125 0.2388392859375 0.07986111093750001 0.24107142812500001 0.0761408734375 0.24107142812500001 0.07217261875 0.23487103125000003 0.0662202375 0.21949404687500002 0.0662202375 0.21354166718749998 0.07043650781250001 0.21155753906250002 0.07936507968749999 0.21155753906250002 0.09548611093750001 0.21304563437500001 0.09771825468749999 0.2142857140625 0.0982142859375 0.2199900796875 0.09499007968749999
5 0.246527778125 0.10391865156249999 0.2549603171875 0.10639880937499999 0.2576884921875 0.10565476250000001 0.2616567453125 0.10639880937499999 0.2636408734375 0.10540674531250001 0.268353175 0.09970238125 0.2775297625 0.09424603125 0.2792658734375 0.09201388906249999 0.2775297625 0.083829365625 0.2760416671875 0.081101190625 0.2695932546875 0.07490079375 0.2638888890625 0.07291666718749999 0.24826388906250002 0.072420634375 0.24330357187499999 0.0731646828125 0.24181547656250002 0.0744047625 0.2398313484375 0.07986111093750001 0.2388392859375 0.087053571875 0.23933531718749998 0.0957341265625 0.24330357187499999 0.10218253906250001 0.246527778125 0.10391865156249999
5 0.2741063984375 0.130722221875 0.2796626984375 0.1345158734375 0.28914930625 0.1358705359375 0.295925346875 0.1331609625 0.29331324375 0.111290178125 0.293065228125 0.1063298609375 0.2915771328125 0.102113590625 0.28314459375 0.09715327343749999 0.2759521328125 0.09591319375 0.270495784375 0.0974012890625 0.265535465625 0.1028576390625 0.26479141875 0.110794146875 0.2665275296875 0.1179866078125 0.26827901718749997 0.12205133906250001 0.2741063984375 0.130722221875
5 0.24305555625 0.15029761875 0.2539682546875 0.1488095234375 0.2643849203125 0.15029761875 0.265873015625 0.1470734125 0.26612103125000003 0.1421130953125 0.2705853171875 0.1383928578125 0.2733134921875 0.13467261875 0.27157738125 0.1299603171875 0.26512896874999997 0.121527778125 0.2591765875 0.11855158750000001 0.252480159375 0.1173115078125 0.247023809375 0.11929563437499999 0.2435515875 0.1230158734375 0.240575396875 0.131200396875 0.23958333281250002 0.13814484062500001 0.24007936562499999 0.1448412703125 0.24107142812500001 0.1488095234375 0.24305555625 0.15029761875
5 0.22594246093749998 0.1391369046875 0.2331349203125 0.13963293593749998 0.2380952375 0.1386408734375 0.2398313484375 0.13467261875 0.24032738125000003 0.127728175 0.24280753906250002 0.12524801562500001 0.2455357140625 0.11954365156249999 0.23629613124999999 0.1021356640625 0.2199900796875 0.09697420625 0.2142857140625 0.09920634843750001 0.2123015875 0.10119047656249999 0.2108134921875 0.10342261875 0.2095734125 0.10987103125 0.2095734125 0.12053571406250001 0.2147817453125 0.1302083328125 0.22048611093749998 0.1359126984375 0.22594246093749998 0.1391369046875
5 0.27802579375 0.17088293593749998 0.287450396875 0.171875 0.2921626984375 0.16865079375 0.296130953125 0.1679067453125 0.2983630953125 0.1599702375 0.297123015625 0.14657738125 0.2956349203125 0.14236111093749998 0.290674603125 0.1369047625 0.2854662703125 0.1351686515625 0.2757936515625 0.1359126984375 0.268601190625 0.14087301562500001 0.26612103125000003 0.1488095234375 0.266369046875 0.1525297625 0.2698412703125 0.1599702375 0.2748015875 0.1679067453125 0.27802579375 0.17088293593749998
5 0.24677579375 0.1793154765625 0.2576884921875 0.180803571875 0.2606646828125 0.1795634921875 0.2668650796875 0.18030753906250002 0.2757936515625 0.17361111093749998 0.2740575390625 0.1679067453125 0.2676091265625 0.15625 0.264880953125 0.15277777812499999 0.2606646828125 0.150545634375 0.2564484125 0.149553571875 0.2490079359375 0.15029761875 0.243799603125 0.1525297625 0.24156746093749998 0.15674603125 0.24131944375 0.16865079375 0.2420634921875 0.17237103125 0.24330357187499999 0.17534722187500001 0.24677579375 0.1793154765625
5 0.2299107140625 0.1793154765625 0.2385912703125 0.17906746093749998 0.24181547656250002 0.177579365625 0.24131944375 0.1540178578125 0.23958333281250002 0.1520337296875 0.234623015625 0.149553571875 0.21701388906250002 0.14905753906250002 0.21006944375 0.150545634375 0.20833333281250002 0.1520337296875 0.2068452375 0.15649801562500001 0.2070932546875 0.1681547625 0.20833333281250002 0.17286706406250002 0.21130952343749998 0.17782738125 0.2299107140625 0.1793154765625
5 0.2132936515625 0.20882936562499999 0.21676587343749998 0.20882936562499999 0.222222221875 0.2070932546875 0.234623015625 0.20907738125000003 0.23710317500000003 0.206101190625 0.240575396875 0.20486111093749998 0.23933531718749998 0.1976686515625 0.23792237031250002 0.1910310015625 0.241310515625 0.18425694374999999 0.2358630953125 0.18055555625 0.22073412656250002 0.17881944375 0.2142857140625 0.17906746093749998 0.21006944375 0.1825396828125 0.20833333281250002 0.1852678578125 0.2075892859375 0.1889880953125 0.2075892859375 0.1979166671875 0.2085813484375 0.2021329359375 0.2110615078125 0.2070932546875 0.2132936515625 0.20882936562499999
5 0.2619047625 0.21701388906250002 0.27008928593750003 0.21279761874999997 0.27529761875 0.20882936562499999 0.275545634375 0.20486111093749998 0.2733134921875 0.20262896874999997 0.2676091265625 0.1875 0.2638888890625 0.1820436515625 0.2576884921875 0.18154761875 0.2547123015625 0.1822916671875 0.2522321421875 0.1810515875 0.246527778125 0.1810515875 0.24255952343749998 0.18427579375 0.2398313484375 0.19097222187500001 0.23958333281250002 0.19965277812499999 0.240575396875 0.20510912656250002 0.2554563484375 0.21626984062500001 0.2619047625 0.21701388906250002
5 0.28794642812500004 0.202876984375 0.29588293593750004 0.20064484062500001 0.3020833328125 0.1976686515625 0.30282738125 0.1897321421875 0.3010912703125 0.1855158734375 0.299603175 0.1768353171875 0.29637896874999997 0.17113095312499998 0.29017857187499996 0.17088293593749998 0.28571428593750003 0.17261904687500002 0.2795138890625 0.17261904687500002 0.26884920625 0.181795634375 0.2671130953125 0.1855158734375 0.2728174609375 0.1991567453125 0.2757936515625 0.203125 0.28794642812500004 0.202876984375
5 0.2800099203125 0.24107142812500001 0.287450396875 0.23611111093749998 0.2904265875 0.230902778125 0.2988591265625 0.22445436562499999 0.2988591265625 0.22048611093749998 0.2929067453125 0.2132936515625 0.29017857187499996 0.21130952343749998 0.2849702375 0.20982142812500001 0.275545634375 0.21056547656250002 0.2703373015625 0.2147817453125 0.26661706406249996 0.22147817500000003 0.26661706406249996 0.22743055625 0.26990525781249997 0.2354766859375 0.2757936515625 0.2420634921875 0.2800099203125 0.24107142812500001
5 0.252728175 0.26240079375 0.26512896874999997 0.2576884921875 0.2695932546875 0.2522321421875 0.2695932546875 0.250248015625 0.2708333328125 0.2487599203125 0.2738095234375 0.24826388906250002 0.2740575390625 0.24503968281250002 0.268601190625 0.23611111093749998 0.2668650796875 0.23487103125000003 0.2517361109375 0.2366071421875 0.24156746093749998 0.2390873015625 0.240575396875 0.23958333281250002 0.237351190625 0.24727182499999997 0.23710317500000003 0.2522321421875 0.23958333281250002 0.259920634375 0.24404761874999997 0.2614087296875 0.252728175 0.26240079375
5 0.20833333281250002 0.2703373015625 0.21130952343749998 0.2733134921875 0.2199900796875 0.2708333328125 0.2242063484375 0.2708333328125 0.22594246093749998 0.271825396875 0.230902778125 0.265625 0.237351190625 0.25967261875 0.2366071421875 0.24801587343749998 0.237351190625 0.2445436515625 0.24181547656250002 0.2356150796875 0.24181547656250002 0.2199900796875 0.234623015625 0.20907738125000003 0.2331349203125 0.2095734125 0.2289186515625 0.2075892859375 0.2209821421875 0.2075892859375 0.2172619046875 0.2085813484375 0.21130952343749998 0.21304563437500001 0.209325396875 0.21701388906250002 0.2085813484375 0.22395833281250002 0.20882936562499999 0.2385912703125 0.2073412703125 0.2514880953125 0.2073412703125 0.26512896874999997 0.20833333281250002 0.2703373015625
5 0.24950396874999997 0.27777777812500004 0.252480159375 0.27529761875 0.25347222187499996 0.271825396875 0.252976190625 0.2673611109375 0.25 0.2633928578125 0.24131944375 0.2616567453125 0.237351190625 0.2616567453125 0.23189484062500001 0.2643849203125 0.2279265875 0.2705853171875 0.22619047656250002 0.2757936515625 0.23330034687499998 0.2747189984375 0.24032738125000003 0.2790178578125 0.24950396874999997 0.27777777812500004
5 0.2896825390625 0.2564484125 0.296130953125 0.255704365625 0.3048115078125 0.25049603125000003 0.31200396874999997 0.24801587343749998 0.31919642812500004 0.24156746093749998 0.322420634375 0.24007936562499999 0.3263888890625 0.24007936562499999 0.331101190625 0.234623015625 0.3345734125 0.23487103125000003 0.3373015875 0.2306547625 0.3449900796875 0.2224702375 0.3539186515625 0.21701388906250002 0.35615079375 0.21354166718749998 0.3643353171875 0.206597221875 0.3787202375 0.1875 0.3854166671875 0.184523809375 0.389880953125 0.18650793593749998 0.393353175 0.1862599203125 0.3958333328125 0.18824404687500002 0.4015376984375 0.18824404687500002 0.40178571406249997 0.184523809375 0.3970734125 0.1810515875 0.3869047625 0.1602182546875 0.3772321421875 0.15178571406250002 0.37549603125000003 0.1480654765625 0.372519840625 0.14508928593749998 0.3640873015625 0.1386408734375 0.36284722187499996 0.1383928578125 0.36036706406249996 0.14012896875 0.358630953125 0.146329365625 0.359375 0.1520337296875 0.356894840625 0.16592261875 0.3514384921875 0.17088293593749998 0.3477182546875 0.17286706406250002 0.346230159375 0.1768353171875 0.340773809375 0.1835317453125 0.3373015875 0.1860119046875 0.3345734125 0.1917162703125 0.328373015625 0.19618055625 0.325644840625 0.1966765875 0.3244047625 0.200148809375 0.3226686515625 0.20064484062500001 0.3179563484375 0.20486111093749998 0.31696428593750003 0.2085813484375 0.3139880953125 0.20907738125000003 0.3102678578125 0.2140376984375 0.30282738125 0.22073412656250002 0.3005952375 0.22544642812500001 0.2956349203125 0.22842261874999997 0.2948908734375 0.23263888906250002 0.2886904765625 0.2356150796875 0.2884424609375 0.238921875 0.2827380953125 0.243799603125 0.259983134375 0.26231646875000003 0.256610615625 0.2730446421875 0.2615161203125 0.26936631875 0.28819444375000003 0.2601686515625 0.2896825390625 0.2564484125
5 0.4429563484375 0.15376984062500001 0.44593253906249997 0.1542658734375 0.4484126984375 0.15277777812499999 0.4513888890625 0.1525297625 0.45634920625 0.1488095234375 0.4632936515625 0.146329365625 0.466021825 0.1428571421875 0.46552579375 0.1354166671875 0.4632936515625 0.1264880953125 0.45734127031250005 0.118799603125 0.4513888890625 0.11532738125 0.44593253906249997 0.1145833328125 0.4387400796875 0.118303571875 0.435019840625 0.121527778125 0.4320436515625 0.127976190625 0.43154761875 0.13467261875 0.43353174531249994 0.1418650796875 0.43824404687499996 0.15029761875 0.4429563484375 0.15376984062500001
5 0.41617063437499996 0.1760912703125 0.4236111109375 0.17212301562500001 0.42881944375 0.1669146828125 0.437251984375 0.1540178578125 0.43551587343750003 0.146329365625 0.4310515875 0.13814484062500001 0.428075396875 0.137648809375 0.42509920625 0.1421130953125 0.4206349203125 0.1525297625 0.415178571875 0.1698908734375 0.412946428125 0.17361111093749998 0.41344246093750003 0.1760912703125 0.41617063437499996 0.1760912703125
5 0.4171626984375 0.203125 0.4273313484375 0.19717261875 0.42906746093750003 0.193204365625 0.4231150796875 0.1887400796875 0.41964285781250005 0.1875 0.41071428593750003 0.18774801562500001 0.4052579359375 0.1912202375 0.4012896828125 0.1994047625 0.400049603125 0.20634920625 0.4007936515625 0.2078373015625 0.40203372968749995 0.20808531718749998 0.4171626984375 0.203125
5 0.477678571875 0.1240079359375 0.4796626984375 0.127728175 0.4833829359375 0.13095238125 0.4898313484375 0.1304563484375 0.49801587343750003 0.12673611093749998 0.49950396875 0.1240079359375 0.500744046875 0.11780753906250001 0.5049603171875 0.116071428125 0.515873015625 0.11433531718750001 0.521825396875 0.112103175 0.5248015875 0.10987103125 0.53075396875 0.10962301562500001 0.5334821421875 0.1078869046875 0.5364583328125 0.10813492031250001 0.550347221875 0.10069444375 0.5572916671875 0.0987103171875 0.563244046875 0.09201388906249999 0.562748015625 0.08581349218749999 0.5580357140625 0.08209325468749999 0.556795634375 0.0796130953125 0.544394840625 0.07862103125 0.5367063484375 0.07936507968749999 0.527777778125 0.078869046875 0.525545634375 0.0796130953125 0.5220734125 0.078869046875 0.515873015625 0.07911706406249999 0.512152778125 0.0801091265625 0.509920634375 0.0818452375 0.5012400796875001 0.081101190625 0.4990079359375 0.078373015625 0.497519840625 0.07217261875 0.4950396828125 0.0696924609375 0.4833829359375 0.069196428125 0.4779265875 0.06994047656249999 0.4751984125 0.07217261875 0.47296627031250005 0.07911706406249999 0.47197420625 0.0830853171875 0.47222222187499996 0.09250992031250001 0.474950396875 0.1113591265625 0.477678571875 0.1240079359375
5 0.4456845234375 0.18700396875 0.44866071406249997 0.18402777812499999 0.459821428125 0.1783234125 0.46478174531249994 0.17633928593749998 0.468998015625 0.1758432546875 0.481398809375 0.17013888906250002 0.4833829359375 0.1664186515625 0.48660714218749995 0.1666666671875 0.4898313484375 0.1644345234375 0.49280753906249997 0.1639384921875 0.49603174531249994 0.159226190625 0.5012400796875001 0.15972222187500001 0.508556546875 0.15625 0.515873015625 0.1542658734375 0.5178571421875 0.15178571406250002 0.527777778125 0.1488095234375 0.531994046875 0.1453373015625 0.5367063484375 0.1445932546875 0.5426587296875 0.14087301562500001 0.5523313484375 0.13963293593749998 0.5575396828125 0.1356646828125 0.571924603125 0.130704365625 0.575644840625 0.12847222187500001 0.583829365625 0.1289682546875 0.596478175 0.12450396875 0.5979662703125 0.1232638890625 0.5979662703125 0.11904761875 0.593501984375 0.1078869046875 0.5920138890625 0.10019841249999999 0.5863095234375 0.0865575390625 0.580853175 0.07936507968749999 0.5803571421875 0.0758928578125 0.574652778125 0.07713293593750001 0.5739087296875 0.0812251984375 0.568700396875 0.0873015875 0.565228175 0.09697420625 0.5607638890625 0.10069444375 0.5570436515625 0.1014384921875 0.543402778125 0.1073908734375 0.53720238125 0.11160714218750001 0.533730159375 0.11235119062500001 0.528273809375 0.11631944375 0.5230654765625 0.11755952343750001 0.5198412703125 0.12177579375 0.5171130953125 0.1235119046875 0.512648809375 0.124255953125 0.5101686515625 0.1230158734375 0.5071924609375 0.12475198437499999 0.502976190625 0.12549603125 0.5 0.127728175 0.4985119046875 0.1304563484375 0.49553571406249997 0.13095238125 0.4952876984375 0.13219246093749998 0.4890873015625 0.13467261875 0.486855159375 0.13888888906250002 0.4779265875 0.13988095312499998 0.471726190625 0.1421130953125 0.4704861109375 0.1455853171875 0.4677579359375 0.1480654765625 0.4424603171875 0.15649801562500001 0.44072420625 0.15798611093749998 0.43353174531249994 0.165178571875 0.43303571406249997 0.16592261875 0.43194618125 0.1727537203125 0.44146825468750006 0.1855158734375 0.4456845234375 0.18700396875
5 0.450148809375 0.2046130953125 0.450644840625 0.20634920625 0.44940476250000005 0.20882936562499999 0.450396825 0.2095734125 0.4518849203125 0.218501984375 0.4541170640625 0.22147817500000003 0.45659722187499996 0.2209821421875 0.46031746093750003 0.218501984375 0.4640376984375 0.218501984375 0.471726190625 0.215277778125 0.490575396875 0.2041170640625 0.4985119046875 0.203125 0.5037202375 0.1994047625 0.5245535718750001 0.190228175 0.5270337296875 0.18824404687500002 0.5451388890625 0.181299603125 0.5483630953125 0.178571428125 0.5513392859375 0.1783234125 0.5587797625 0.174603175 0.5644841265625 0.1696428578125 0.564980159375 0.161954365625 0.5637400796875001 0.1540178578125 0.559523809375 0.1453373015625 0.556795634375 0.1418650796875 0.5535714281249999 0.14112103125 0.5451388890625 0.1421130953125 0.5275297625 0.1510416671875 0.5200892859375 0.153273809375 0.5084325390625 0.15947420625 0.49553571406249997 0.16468253906250002 0.48859127031250005 0.169146825 0.4734623015625 0.1758432546875 0.46651785781250005 0.17782738125 0.4546130953125 0.184523809375 0.4516369046875 0.184523809375 0.4466765875 0.1889880953125 0.4422123015625 0.19072420625 0.4384920640625 0.193204365625 0.44345238125 0.19717261875 0.44866071406249997 0.2041170640625 0.450148809375 0.2046130953125
5 0.41046627031250005 0.26240079375 0.42509920625 0.2554563484375 0.4265873015625 0.24751984062500001 0.42534722187499996 0.24330357187499999 0.4228670640625 0.24007936562499999 0.419394840625 0.23933531718749998 0.4141865078125 0.240575396875 0.40823412656249997 0.24404761874999997 0.40228174531249994 0.25 0.3983134921875 0.2517361109375 0.4074900796875 0.2616567453125 0.41046627031250005 0.26240079375
5 0.48090277812500004 0.26909722187499996 0.48387896875 0.26884920625 0.4861111109375 0.2676091265625 0.4895833328125 0.2633928578125 0.497023809375 0.2517361109375 0.49925595312500004 0.243799603125 0.49553571406249997 0.24007936562499999 0.4895833328125 0.24156746093749998 0.4853670640625 0.2445436515625 0.48363095312500004 0.24404761874999997 0.478174603125 0.246527778125 0.4742063484375 0.25 0.4734623015625 0.2514880953125 0.4739583328125 0.256200396875 0.4791666671875 0.26661706406249996 0.48090277812500004 0.26909722187499996
5 0.474950396875 0.24479166718749998 0.48809523749999995 0.237847221875 0.493799603125 0.23635912656250002 0.49603174531249994 0.2321428578125 0.4952876984375 0.22123015937499999 0.49603174531249994 0.2177579359375 0.493799603125 0.21552579375 0.4908234125 0.21205357187499999 0.48635912656249997 0.2110615078125 0.48387896875 0.21354166718749998 0.48090277812500004 0.21304563437500001 0.47321428593750003 0.21701388906250002 0.47197420625 0.21676587343749998 0.47321428593750003 0.2197420640625 0.47073412656249997 0.222222221875 0.46527777812500004 0.22445436562499999 0.46304563437499996 0.22743055625 0.46478174531249994 0.23635912656250002 0.4675099203125 0.2420634921875 0.46949404687499996 0.243799603125 0.474950396875 0.24479166718749998
5 0.400049603125 0.3298611109375 0.409535465625 0.3235483625 0.40985565468749996 0.31714707343750004 0.403273809375 0.3105158734375 0.3990575390625 0.30803571406249997 0.393105159375 0.30803571406249997 0.3856646828125 0.31299603125000003 0.3802083328125 0.3199404765625 0.375248015625 0.3301091265625 0.3841765875 0.3363095234375 0.393105159375 0.33779761875 0.400049603125 0.3298611109375
5 0.361855159375 0.3668154765625 0.36631944375000003 0.36532738125 0.3695436515625 0.362103175 0.37549603125000003 0.359126984375 0.381200396875 0.3546626984375 0.38616071406249997 0.349454365625 0.387648809375 0.3449900796875 0.3826884921875 0.3358134921875 0.375248015625 0.3318452375 0.36805555624999997 0.3373015875 0.3608630953125 0.341269840625 0.3521825390625 0.349454365625 0.3519345234375 0.35342261875 0.3541666671875 0.3578869046875 0.359375 0.365575396875 0.361855159375 0.3668154765625
5 0.3373015875 0.2931547625 0.34027777812500004 0.2931547625 0.3546626984375 0.286954365625 0.3581349203125 0.2829861109375 0.359126984375 0.2790178578125 0.3554067453125 0.27256944375000003 0.3516865078125 0.2703373015625 0.34474206406249996 0.2720734125 0.33680555624999997 0.2765376984375 0.33159722187499996 0.28447420625 0.33134920625 0.28720238125 0.3330853171875 0.286954365625 0.33482142812500004 0.291170634375 0.3373015875 0.2931547625
5 0.334325396875 0.30009920625 0.3363095234375 0.2986111109375 0.338045634375 0.2948908734375 0.328869046875 0.2824900796875 0.31944444375000003 0.2864583328125 0.3172123015625 0.2889384921875 0.31200396874999997 0.29092261875 0.312748015625 0.2988591265625 0.31944444375000003 0.30654761875 0.3226686515625 0.30654761875 0.334325396875 0.30009920625
5 0.27232142812500004 0.4052579359375 0.2772817453125 0.406498015625 0.2824900796875 0.40947420625 0.283730159375 0.41195436562500004 0.2864583328125 0.4126984125 0.2904265875 0.4164186515625 0.29637896874999997 0.419146825 0.2988591265625 0.419394840625 0.3023313484375 0.42137896875 0.31564360156250004 0.426259425 0.31299603125000003 0.40947420625 0.31150793593750004 0.40228174531249994 0.32762896874999997 0.3769841265625 0.3330853171875 0.3710317453125 0.3373015875 0.36904761875 0.34027777812500004 0.36607142812500004 0.3529265875 0.34474206406249996 0.358630953125 0.3390376984375 0.35987103125000003 0.3360615078125 0.3645833328125 0.330605159375 0.36383928593750003 0.32713293593750004 0.3576388890625 0.32366071406249997 0.3459821421875 0.32862103125000003 0.3397817453125 0.3298611109375 0.33482142812500004 0.334325396875 0.3333333328125 0.337549603125 0.32862103125000003 0.3395337296875 0.325644840625 0.3425099203125 0.31572420625 0.3479662703125 0.302579365625 0.358630953125 0.299355159375 0.3640873015625 0.29340277812500004 0.36904761875 0.2921626984375 0.372023809375 0.28794642812500004 0.3762400796875 0.2792658734375 0.3787202375 0.27455357187499996 0.377976190625 0.2676091265625 0.3802083328125 0.2641369046875 0.3792162703125 0.2616567453125 0.3797123015625 0.25967261875 0.38169642812500004 0.2574404765625 0.3864087296875 0.2571924609375 0.3883928578125 0.2609126984375 0.390873015625 0.2638888890625 0.3988095234375 0.27232142812500004 0.4052579359375
5 0.750248015625 0.18824404687500002 0.7566964281249999 0.18774801562500001 0.7671130953125 0.1855158734375 0.777777778125 0.18154761875 0.7797619046875 0.178571428125 0.78075396875 0.1617063484375 0.783730159375 0.153521825 0.7876984125 0.146329365625 0.7896825390625 0.13963293593749998 0.7899305562500001 0.12673611093749998 0.7862103171875 0.11904761875 0.7767857140625 0.11383928593749999 0.7705853171875 0.11483134843750001 0.766369046875 0.1173115078125 0.762648809375 0.1230158734375 0.7576884921875 0.1269841265625 0.75322420625 0.1329365078125 0.7517361109375 0.14136904687500002 0.7519841265625 0.146329365625 0.7480158734375 0.15525793593749998 0.7447916671875 0.15724206406250002 0.7423115078125 0.1612103171875 0.7356150796875001 0.1669146828125 0.734126984375 0.17286706406250002 0.73487103125 0.1768353171875 0.7445436515625 0.18650793593749998 0.750248015625 0.18824404687500002
5 0.7519841265625 0.1269841265625 0.753472221875 0.130704365625 0.755704365625 0.12574404687500002 0.7604166671875 0.1230158734375 0.7636408734375 0.11582341249999999 0.764880953125 0.116071428125 0.768353175 0.11309523749999999 0.7708333328125 0.1135912703125 0.7757936515625 0.1113591265625 0.775049603125 0.1078869046875 0.7790178578125 0.09970238125 0.7827380953125 0.08407738125 0.7829861109375 0.078869046875 0.7824900796875001 0.07638888906249999 0.7800099203124999 0.07490079375 0.7678571421875 0.0736607140625 0.763144840625 0.0761408734375 0.7601686515625 0.084821428125 0.7385912703125 0.07986111093750001 0.7299107140625 0.07911706406249999 0.7271825390625 0.077876984375 0.718005953125 0.07911706406249999 0.7048611109375 0.07713293593750001 0.6946924609375 0.07762896875 0.6917162703125 0.081597221875 0.6887400796875001 0.0915178578125 0.6884920640625001 0.099454365625 0.6914682546875001 0.099950396875 0.7486096234375 0.11671800624999999 0.7519841265625 0.1269841265625
5 0.637648809375 0.10193452343750001 0.6421130953125 0.108630953125 0.6478174609375 0.11061507968749999 0.6498015875 0.11507936562500001 0.653769840625 0.115575396875 0.65947420625 0.11855158750000001 0.662450396875 0.12127976250000001 0.6639384921875 0.12574404687500002 0.6708829359374999 0.1383928578125 0.669394840625 0.143601190625 0.6698908734375 0.146329365625 0.671130953125 0.14756944375 0.6832837296875 0.1485615078125 0.6860119046875 0.1507936515625 0.686755953125 0.1460813484375 0.6917162703125 0.14310515937499999 0.697420634375 0.1418650796875 0.7008928578125 0.1383928578125 0.7070932546875001 0.1292162703125 0.712549603125 0.1269841265625 0.7172619046875 0.11929563437499999 0.718005953125 0.11507936562500001 0.715277778125 0.11061507968749999 0.709325396875 0.10540674531250001 0.7041170640625001 0.102678571875 0.6976686515625 0.10243055625 0.6939484125 0.106646825 0.69072420625 0.1073908734375 0.6875 0.10491071406250001 0.6832837296875 0.10367063437499999 0.68154761875 0.09970238125 0.6795634921875 0.09771825468749999 0.668402778125 0.090277778125 0.6634424609375 0.08829365156249999 0.659722221875 0.083829365625 0.650545634375 0.078373015625 0.6418650796875001 0.0766369046875 0.637648809375 0.0796130953125 0.6326884921875 0.08630952343750001 0.630704365625 0.0915178578125 0.6316964281249999 0.099454365625 0.6331845234375 0.1014384921875 0.637648809375 0.10193452343750001
5 0.609623015625 0.22544642812500001 0.6160714281249999 0.222222221875 0.6178075390625 0.2202380953125 0.624751984375 0.218501984375 0.627480159375 0.21676587343749998 0.628472221875 0.2132936515625 0.627976190625 0.2078373015625 0.624751984375 0.19196428593749998 0.622271825 0.18824404687500002 0.6145833328125 0.18576388906250002 0.606398809375 0.18675595312499998 0.6006944437499999 0.1897321421875 0.5974702375 0.19345238125 0.596726190625 0.196428571875 0.59697420625 0.2165178578125 0.6009424609375 0.2229662703125 0.603174603125 0.22445436562499999 0.609623015625 0.22544642812500001
5 0.622023809375 0.2564484125 0.6299603171875 0.2517361109375 0.62822420625 0.24801587343749998 0.6297123015625 0.246527778125 0.6341765875 0.2455357140625 0.6396329359374999 0.2423115078125 0.64657738125 0.2321428578125 0.6445932546875001 0.22867063437500001 0.64112103125 0.22619047656250002 0.6361607140625 0.2197420640625 0.6302083328125 0.2175099203125 0.6272321421875 0.2209821421875 0.6158234125 0.22693452343749998 0.612847221875 0.22718253906250002 0.6106150796875001 0.23189484062500001 0.606398809375 0.23611111093749998 0.606398809375 0.24280753906250002 0.609375 0.24751984062500001 0.6165674609375 0.255704365625 0.622023809375 0.2564484125
5 0.577876984375 0.22544642812500001 0.5858134921875 0.21800595312499998 0.59325396875 0.215277778125 0.5954861109375 0.21056547656250002 0.5959821421875 0.20486111093749998 0.59325396875 0.1976686515625 0.58779761875 0.1912202375 0.5863095234375 0.190228175 0.5801091265625 0.1894841265625 0.577380953125 0.190476190625 0.5689484125 0.19717261875 0.5615079359374999 0.20486111093749998 0.5587797625 0.2095734125 0.5585317453124999 0.21279761874999997 0.5607638890625 0.21701388906250002 0.5677083328125 0.21949404687500002 0.577876984375 0.22544642812500001
5 0.360119046875 0.3891369046875 0.3665674609375 0.39508928593750003 0.37946428593750003 0.40401785781250005 0.3841765875 0.4045138890625 0.3859126984375 0.40054563437499996 0.3864087296875 0.3921130953125 0.3886408734375 0.384920634375 0.3928571421875 0.37946428593750003 0.3958333328125 0.37847222187499996 0.39756944375000003 0.3737599203125 0.406001984375 0.359126984375 0.4079861109375 0.3571428578125 0.412450396875 0.3474702375 0.4164186515625 0.3420138890625 0.4236111109375 0.3268849203125 0.42509920625 0.325644840625 0.42534722187499996 0.3206845234375 0.424355159375 0.3177083328125 0.421875 0.3167162703125 0.41989087343750003 0.3179563484375 0.4117063484375 0.3266369046875 0.4074900796875 0.328373015625 0.40203372968749995 0.3333333328125 0.39732142812500004 0.3387896828125 0.3928571421875 0.3420138890625 0.39161706406249996 0.3454861109375 0.37847222187499996 0.3611111109375 0.3702876984375 0.3675595234375 0.36631944375000003 0.36904761875 0.3573908734375 0.3685515875 0.3516865078125 0.36904761875 0.3492063484375 0.3702876984375 0.3459821421875 0.369295634375 0.3449900796875 0.3710317453125 0.344494046875 0.3732638890625 0.3459821421875 0.3769841265625 0.3581349203125 0.3859126984375 0.360119046875 0.3891369046875
5 0.43402777812500004 0.3125 0.43700396875 0.3085317453125 0.439980159375 0.3072916671875 0.44171627031250005 0.3050595234375 0.44866071406249997 0.3048115078125 0.4516369046875 0.3077876984375 0.453373015625 0.3082837296875 0.45709325468750006 0.3072916671875 0.474950396875 0.284226190625 0.4764384921875 0.278769840625 0.48040674531249994 0.2708333328125 0.474950396875 0.265625 0.468998015625 0.2641369046875 0.46453372968749995 0.26612103125000003 0.4595734125 0.2703373015625 0.4541170640625 0.2775297625 0.450644840625 0.2795138890625 0.44890872968749995 0.2832341265625 0.44345238125 0.2896825390625 0.43700396875 0.2948908734375 0.43551587343750003 0.2991071421875 0.428075396875 0.310019840625 0.428075396875 0.3144841265625 0.4283234125 0.313244046875 0.43030753906249997 0.31200396874999997 0.43402777812500004 0.3125
5 0.528769840625 0.3226686515625 0.5275297625 0.3258928578125 0.527777778125 0.328869046875 0.5193452375 0.3415178578125 0.5220734125 0.34474206406249996 0.526612846875 0.344639384375 0.5354662703125 0.3420138890625 0.5456349203124999 0.33928571406249997 0.5508432546875001 0.343501984375 0.5602678578125 0.3449900796875 0.565476190625 0.34970238125 0.568700396875 0.35044642812500004 0.57762896875 0.356398809375 0.58134920625 0.3571428578125 0.5860615078125 0.35987103125000003 0.5897817453124999 0.36532738125 0.5922619046875 0.365575396875 0.610119046875 0.3730158734375 0.6133432546875001 0.375248015625 0.615575396875 0.375744046875 0.6210317453124999 0.374751984375 0.6259920640625001 0.375744046875 0.6289682546875001 0.37822420625 0.6297123015625 0.38194444375000003 0.6336805562500001 0.3821924609375 0.6356646828125 0.384920634375 0.6361607140625 0.388144840625 0.640873015625 0.390873015625 0.6443452375 0.396329365625 0.6475694437499999 0.3983134921875 0.6540178578125 0.3983134921875 0.6579861109375 0.3998015875 0.659722221875 0.40178571406249997 0.6631944437499999 0.40252976250000005 0.6654265875 0.4047619046875 0.6798115078125 0.40550595312500004 0.6830357140625 0.40228174531249994 0.6865079359374999 0.39657738125 0.6862599203124999 0.3893849203125 0.6827876984375 0.388144840625 0.6820436515625 0.38467261875 0.6765873015625 0.3834325390625 0.6741071421875 0.3787202375 0.668402778125 0.375248015625 0.658730159375 0.3732638890625 0.65674603125 0.3685515875 0.6517857140625 0.36631944375000003 0.6507936515625 0.3643353171875 0.64657738125 0.36284722187499996 0.6453373015625 0.3606150796875 0.63740079375 0.359375 0.6314484125 0.356894840625 0.606646825 0.341021825 0.6039186515625 0.3373015875 0.5979662703125 0.33482142812500004 0.5959821421875 0.33506944375000003 0.5768849203124999 0.322420634375 0.57490079375 0.3199404765625 0.5714285718750001 0.31919642812500004 0.565228175 0.3142361109375 0.56200396875 0.31299603125000003 0.5602678578125 0.3105158734375 0.5585317453124999 0.3010912703125 0.55654761875 0.2981150796875 0.5543154765625 0.290674603125 0.5515873015625 0.286954365625 0.5478670640625001 0.291170634375 0.544394840625 0.2988591265625 0.5421626984375 0.3005952375 0.5394345234375 0.30034722187499996 0.5384424609375 0.30580357187499996 0.5354662703125 0.3105158734375 0.53447420625 0.3147321421875 0.528769840625 0.3226686515625
5 0.65029761875 0.3457341265625 0.6552579359374999 0.3417658734375 0.6574900796875001 0.33779761875 0.6572420640625001 0.3335813484375 0.6545138890625 0.325644840625 0.650545634375 0.3174603171875 0.6478174609375 0.3144841265625 0.64112103125 0.31696428593750003 0.6302083328125 0.3258928578125 0.627976190625 0.3293650796875 0.63467261875 0.34474206406249996 0.6391369046875 0.3489583328125 0.6418650796875001 0.3492063484375 0.65029761875 0.3457341265625
5 0.662450396875 0.322420634375 0.67137896875 0.3196924609375 0.6773313484375 0.3142361109375 0.681795634375 0.3072916671875 0.6822916671875 0.30034722187499996 0.681299603125 0.29588293593750004 0.6755952375 0.2886904765625 0.668898809375 0.2862103171875 0.6644345234375 0.2864583328125 0.659722221875 0.2921626984375 0.655505953125 0.2991071421875 0.6545138890625 0.303075396875 0.650545634375 0.3077876984375 0.6495535718750001 0.3105158734375 0.6507936515625 0.3137400796875 0.656498015625 0.3209325390625 0.662450396875 0.322420634375
5 0.5193452375 0.2197420640625 0.5200892859375 0.22197420625 0.51884920625 0.22445436562499999 0.5235615078125 0.22619047656250002 0.530505953125 0.23263888906250002 0.5334821421875 0.23363095312499998 0.549603175 0.247023809375 0.556795634375 0.25595238125 0.5669642859375 0.2584325390625 0.568700396875 0.2633928578125 0.571924603125 0.2643849203125 0.5761408734375 0.2673611109375 0.5830853171875 0.2735615078125 0.5874255953125 0.2751736109375 0.590773809375 0.2792658734375 0.5977182546875001 0.2829861109375 0.61259920625 0.2948908734375 0.6143353171875 0.2953869046875 0.6158234125 0.30133928593750003 0.615575396875 0.3072916671875 0.6173115078125 0.318700396875 0.618799603125 0.32217261875 0.62177579375 0.3239087296875 0.6302083328125 0.32366071406249997 0.6331845234375 0.322420634375 0.6448412703125 0.31299603125000003 0.6488095234375 0.306795634375 0.653769840625 0.302579365625 0.662450396875 0.28794642812500004 0.6646825390625 0.2795138890625 0.6651785718750001 0.27157738125 0.6641865078125 0.26909722187499996 0.6579861109375 0.265873015625 0.6553149796875 0.267553571875 0.6375662203125 0.2693452375 0.630704365625 0.268105159375 0.62549603125 0.2636408734375 0.6143353171875 0.25669642812500004 0.610119046875 0.25099206406249996 0.6056547625 0.24727182499999997 0.593501984375 0.24181547656250002 0.5870535718750001 0.2358630953125 0.577876984375 0.230902778125 0.571924603125 0.22197420625 0.5662202375 0.2177579359375 0.556299603125 0.21552579375 0.5538194437499999 0.21552579375 0.552579365625 0.21701388906250002 0.549851190625 0.2175099203125 0.5478670640625001 0.2147817453125 0.547619046875 0.20882936562499999 0.5453869046875 0.206101190625 0.5399305562500001 0.20262896874999997 0.5354662703125 0.20114087343749998 0.5248015875 0.1929563484375 0.518105159375 0.1951884921875 0.51612103125 0.1994047625 0.512896825 0.2008928578125 0.5116567453124999 0.20510912656250002 0.5106646828125 0.20882936562499999 0.5106646828125 0.2165178578125 0.51612103125 0.2199900796875 0.5193452375 0.2197420640625
5 0.7227182546875001 0.3735119046875 0.7239583328125 0.374751984375 0.733630953125 0.375744046875 0.7383432546875001 0.3772321421875 0.75049603125 0.375248015625 0.7522321421875 0.3730158734375 0.7571924609375 0.346478175 0.7564484125 0.34027777812500004 0.7589285718750001 0.306299603125 0.7604166671875 0.303075396875 0.762648809375 0.28472222187499996 0.7643849203124999 0.2797619046875 0.764880953125 0.2668650796875 0.7671130953125 0.259920634375 0.7666170640625001 0.2554563484375 0.7693452375 0.24727182499999997 0.7695932546875001 0.2321428578125 0.7703373015625 0.2299107140625 0.7740575390625 0.22842261874999997 0.7733134921875 0.22445436562499999 0.77802579375 0.22073412656250002 0.7840168656250001 0.21824131875 0.7840168656250001 0.2114397328125 0.777777778125 0.1994047625 0.7740575390625 0.196924603125 0.76240079375 0.19469246093749998 0.747271825 0.1956845234375 0.7395833328125 0.1991567453125 0.7328869046875 0.20486111093749998 0.7326388890625 0.21006944375 0.733630953125 0.2145337296875 0.7388392859375 0.2242063484375 0.7388392859375 0.23263888906250002 0.7353670640625001 0.2435515875 0.73387896875 0.2693452375 0.72842261875 0.2981150796875 0.7271825390625 0.310019840625 0.7242063484375 0.321924603125 0.7227182546875001 0.3373015875 0.7227182546875001 0.3415178578125 0.7242063484375 0.3452380953125 0.72197420625 0.368799603125 0.7227182546875001 0.3735119046875
5 0.6302083328125 0.1835317453125 0.6361607140625 0.18501984062500001 0.6416170640625001 0.18501984062500001 0.6460813484375 0.1827876984375 0.6582341265625 0.17162698437499999 0.666170634375 0.1681547625 0.669146825 0.1679067453125 0.671130953125 0.168898809375 0.674851190625 0.16865079375 0.6857638890625 0.1738591265625 0.6889880953125 0.1822916671875 0.6967036203125 0.192152034375 0.70010540625 0.171180059375 0.6929563484375 0.16592261875 0.6917162703125 0.1614583328125 0.687748015625 0.16071428593749998 0.6862599203124999 0.1577380953125 0.6820436515625 0.15649801562500001 0.6785714281249999 0.15376984062500001 0.6770833328125 0.153273809375 0.6736111109375 0.1547619046875 0.669146825 0.15302579375 0.66865079375 0.150545634375 0.6654265875 0.14781746093749998 0.6644345234375 0.1453373015625 0.6644345234375 0.13814484062500001 0.6631944437499999 0.133928571875 0.6490575390625 0.121527778125 0.6426091265625 0.122271825 0.6391369046875 0.1207837296875 0.63467261875 0.12053571406250001 0.6287202375 0.12251984062500001 0.6183035718750001 0.13194444375 0.6145833328125 0.143353175 0.6083829359374999 0.15525793593749998 0.6076388890625 0.1664186515625 0.608630953125 0.17113095312499998 0.6173115078125 0.178075396875 0.6302083328125 0.1835317453125
5 0.5741567453124999 0.181795634375 0.5798611109375 0.18650793593749998 0.5897817453124999 0.1917162703125 0.5920138890625 0.1939484125 0.6039186515625 0.1875 0.605902778125 0.1852678578125 0.6073908734375 0.177579365625 0.606398809375 0.1584821421875 0.611658234375 0.15020833281249998 0.6212966265625 0.132637153125 0.593998015625 0.1329365078125 0.5922619046875 0.131696428125 0.5887896828125 0.131696428125 0.5828373015625 0.13343253906250002 0.578869046875 0.1329365078125 0.5689484125 0.1356646828125 0.56572420625 0.13814484062500001 0.5637400796875001 0.1426091265625 0.5637400796875001 0.1507936515625 0.5672123015625 0.168898809375 0.5701884921875 0.1770833328125 0.5741567453124999 0.181795634375
5 0.75322420625 0.61532738125 0.7586805562500001 0.6168154765625 0.7643849203124999 0.6163194437499999 0.771329365625 0.6133432546875001 0.7748015875 0.609623015625 0.7767857140625 0.599454365625 0.7740575390625 0.591269840625 0.7708333328125 0.5882936515625 0.762648809375 0.5853174609375 0.75049603125 0.5848214281249999 0.747023809375 0.5858134921875 0.7433035718750001 0.5892857140625 0.7390873015625 0.5959821421875 0.7462797625 0.606646825 0.7480158734375 0.6111111109375 0.75322420625 0.61532738125
5 0.7457837296875 0.6426091265625 0.749751984375 0.646329365625 0.76512896875 0.646329365625 0.7705853171875 0.64384920625 0.7748015875 0.640376984375 0.7760416671875 0.6359126984375 0.7748015875 0.624751984375 0.768353175 0.6185515875 0.7586805562500001 0.6183035718750001 0.747519840625 0.61532738125 0.7447916671875 0.61904761875 0.743799603125 0.627976190625 0.7447916671875 0.6302083328125 0.7450396828125 0.640625 0.7457837296875 0.6426091265625
5 0.7237103171875 0.7299107140625 0.7299107140625 0.7301587296875 0.7385912703125 0.7289186515625 0.7460317453124999 0.721726190625 0.7477678578125 0.7175099203124999 0.74677579375 0.709325396875 0.7418154765625 0.700396825 0.7331349203124999 0.6964285718750001 0.7234623015625 0.6956845234375 0.719494046875 0.696924603125 0.7145337296875 0.7011408734375 0.7103174609375 0.709325396875 0.7098214281249999 0.713045634375 0.7115575390625 0.7207341265625 0.7172619046875 0.7259424609375 0.7237103171875 0.7299107140625
5 0.6076388890625 0.5992063484375 0.6133432546875001 0.6016865078125 0.615575396875 0.6021825390625 0.6212797625 0.599950396875 0.627480159375 0.5915178578125 0.6314484125 0.583829365625 0.6326884921875 0.5758928578125 0.6287202375 0.564980159375 0.6297123015625 0.5602678578125 0.6240079359374999 0.5533234125 0.6160714281249999 0.5505952375 0.615575396875 0.5486111109375 0.61259920625 0.5486111109375 0.5989583328125 0.5523313484375 0.5922619046875 0.5523313484375 0.5897817453124999 0.5555555562500001 0.5860615078125 0.5555555562500001 0.5848214281249999 0.556795634375 0.5768849203124999 0.568204365625 0.5761408734375 0.571924603125 0.5768849203124999 0.57762896875 0.5833333328125 0.5845734125 0.6076388890625 0.5992063484375
5 0.6478174609375 0.5245535718750001 0.6510416671875 0.525049603125 0.6525297625 0.5235615078125 0.653521825 0.521329365625 0.65302579375 0.5168650796875001 0.653769840625 0.512896825 0.6520337296875 0.5071924609375 0.650545634375 0.5049603171875 0.6453373015625 0.5022321421875 0.6421130953125 0.49925595312500004 0.6361607140625 0.49801587343750003 0.6351686515625 0.5017361109375 0.6289682546875001 0.5076884921875 0.628472221875 0.5104166671875 0.6294642859375 0.5133928578125 0.6356646828125 0.51884920625 0.6478174609375 0.5245535718750001
5 0.593501984375 0.49007936562500004 0.6039186515625 0.49925595312500004 0.61259920625 0.502728175 0.6160714281249999 0.502728175 0.6180555562500001 0.4982638890625 0.6173115078125 0.493303571875 0.6185515875 0.49007936562500004 0.6148313484375 0.48784722187499996 0.612103175 0.481894840625 0.609126984375 0.47867063437499996 0.606894840625 0.4742063484375 0.5922619046875 0.4635416671875 0.5860615078125 0.462549603125 0.5835813484375 0.46552579375 0.5833333328125 0.46676587343750003 0.5865575390625 0.4702380953125 0.5873015875 0.4766865078125 0.593501984375 0.49007936562500004
5 0.48090277812500004 0.8983134921874999 0.484623015625 0.896825396875 0.48660714218749995 0.89384920625 0.49280753906249997 0.8767361109375 0.49131944375 0.874255953125 0.486855159375 0.87177579375 0.48065476250000005 0.87177579375 0.46875 0.8737599203125 0.46527777812500004 0.8764880953124999 0.46478174531249994 0.8814484125 0.46453372968749995 0.8928571421875 0.46552579375 0.8945932546875 0.47271825468750006 0.8980654765624999 0.48090277812500004 0.8983134921874999
5 0.51612103125 0.8978174609374999 0.521825396875 0.896329365625 0.5240575390625 0.8926091265625 0.5235615078125 0.8886408734375 0.521825396875 0.8864087296875001 0.513144840625 0.8826884921874999 0.500744046875 0.875 0.49553571406249997 0.87450396875 0.4935515875 0.8819444437499999 0.49280753906249997 0.8926091265625 0.493799603125 0.896329365625 0.49553571406249997 0.8973214281249999 0.51612103125 0.8978174609374999
5 0.43700396875 0.8953373015625001 0.43973214218749995 0.896329365625 0.4580853171875 0.8970734125 0.4613095234375 0.896329365625 0.4637896828125 0.893601190625 0.46478174531249994 0.8893849203125 0.46453372968749995 0.8804563484375001 0.4637896828125 0.8772321421875 0.462053571875 0.87549603125 0.43700396875 0.8769841265625 0.42881944375 0.8799603171875001 0.42782738125 0.880704365625 0.4310515875 0.8886408734375 0.43377976250000005 0.8928571421875 0.43700396875 0.8953373015625001
5 0.3665674609375 0.9007936515624999 0.372519840625 0.90029761875 0.375 0.8985615078125001 0.3829365078125 0.8886408734375 0.389880953125 0.8824404765624999 0.3926091265625 0.8819444437499999 0.396329365625 0.8794642859374999 0.40550595312500004 0.8789682546875 0.4077380953125 0.8819444437499999 0.40947420625 0.8802083328125001 0.41493055625 0.877976190625 0.419394840625 0.878472221875 0.421875 0.8769841265625 0.42509920625 0.87822420625 0.428075396875 0.8762400796875 0.4310515875 0.8764880953124999 0.43427579375 0.875 0.4365079359375 0.8759920640625 0.4449404765625 0.874255953125 0.4518849203125 0.874255953125 0.4546130953125 0.875744046875 0.45709325468750006 0.874751984375 0.462053571875 0.875 0.46875 0.872023809375 0.477678571875 0.8707837296875001 0.48363095312500004 0.8658234125 0.48115079375 0.8611111109375 0.4739583328125 0.8541666671874999 0.44866071406249997 0.8477182546875 0.4451884921875 0.8484623015625001 0.44196428593750003 0.846726190625 0.4365079359375 0.8459821421875 0.43179563437499996 0.8487103171875001 0.428075396875 0.846726190625 0.42559523749999995 0.8482142859374999 0.422123015625 0.846726190625 0.41964285781250005 0.8479662703124999 0.40426587343750003 0.8492063484375001 0.389880953125 0.847222221875 0.3826884921875 0.841021825 0.375248015625 0.8320932546875 0.372023809375 0.8301091265625 0.3670634921875 0.8303571421875 0.3645833328125 0.8335813484375001 0.361855159375 0.859623015625 0.3616071421875 0.869295634375 0.3635912703125 0.87549603125 0.36284722187499996 0.8831845234375001 0.3665674609375 0.9007936515624999
5 0.3090173609375 0.7983732640625 0.3400193453125 0.8144942953125 0.3429955359375 0.8184625499999999 0.3658129953125 0.82813516875 0.3737495046875 0.8286312 0.376477678125 0.8316073906250001 0.3772217265625 0.8345835812500001 0.3804459328125 0.8365677078125 0.39021602187500004 0.84723834375 0.40821874999999996 0.8443814484375001 0.4149337796875 0.84452430625 0.42879290625 0.842953125 0.400217509375 0.8252415671875 0.3844141859375 0.8159823906250001 0.37796577343750004 0.8065577875000001 0.3712693453125 0.8050696921875 0.369037203125 0.7991173109374999 0.359860615625 0.7921728671875 0.35118005937499996 0.787956596875 0.34547569375 0.7822522328125 0.342003471875 0.781012153125 0.3320828375 0.7733236609375 0.3243943453125 0.75596255 0.3219141859375 0.753234375 0.3189379953125 0.7549704859374999 0.31422569375 0.7609228671875 0.3095133921875 0.7643950890625 0.2993447421875 0.7807641375000001 0.2936403765625 0.7882046125 0.28843204375 0.7916768359375 0.28719196406249997 0.7963891375000001 0.28471180625 0.7988692953125 0.2866959328125 0.8018454859374999 0.288928075 0.8008534218750001 0.297856646875 0.8008534218750001 0.3090173609375 0.7983732640625
5 0.334325396875 0.5084325390625 0.33705357187499996 0.5081845234375 0.3474702375 0.4952876984375 0.3541666671875 0.4898313484375 0.3554067453125 0.4856150796875 0.3539186515625 0.481646825 0.3501984125 0.47842261875 0.34027777812500004 0.47296627031250005 0.334325396875 0.47271825468750006 0.3263888890625 0.4826388890625 0.3196924609375 0.48784722187499996 0.3174603171875 0.4923115078125 0.31696428593750003 0.49429563437499996 0.318204365625 0.49776785781250005 0.3229166671875 0.5022321421875 0.334325396875 0.5084325390625
5 0.31299603125000003 0.48784722187499996 0.32762896874999997 0.4769345234375 0.3328373015625 0.47073412656249997 0.328373015625 0.4610615078125 0.3239087296875 0.45758928593750003 0.32118055624999997 0.45684523749999995 0.306795634375 0.4623015875 0.3048115078125 0.4623015875 0.3023313484375 0.46453372968749995 0.29786706406249996 0.466269840625 0.296130953125 0.46875 0.29588293593750004 0.47098214218749995 0.2983630953125 0.478174603125 0.3077876984375 0.48660714218749995 0.31299603125000003 0.48784722187499996
5 0.2720734125 0.497519840625 0.2735615078125 0.49950396875 0.278769840625 0.4987599203125 0.28794642812500004 0.48635912656249997 0.2864583328125 0.48115079375 0.283730159375 0.477678571875 0.275049603125 0.47321428593750003 0.26512896874999997 0.47271825468750006 0.2576884921875 0.4699900796875 0.2537202375 0.47296627031250005 0.25049603125000003 0.477678571875 0.25049603125000003 0.48214285781250005 0.252480159375 0.484623015625 0.2678571421875 0.49553571406249997 0.2720734125 0.497519840625
5 0.2695932546875 0.5456349203124999 0.2733134921875 0.5458829359374999 0.2849702375 0.54092261875 0.2864583328125 0.533730159375 0.2862103171875 0.5240575390625 0.28472222187499996 0.5171130953125 0.2827380953125 0.514880953125 0.278521825 0.5133928578125 0.2671130953125 0.516369046875 0.2581845234375 0.5265376984375 0.2576884921875 0.533978175 0.2584325390625 0.536954365625 0.2643849203125 0.543402778125 0.2695932546875 0.5456349203124999
5 0.3023313484375 0.5141369046875 0.31150793593750004 0.5047123015625 0.3144841265625 0.497519840625 0.312748015625 0.49429563437499996 0.306795634375 0.4893353171875 0.2931547625 0.4861111109375 0.28447420625 0.49131944375 0.281994046875 0.49404761875 0.2800099203125 0.4990079359375 0.28025793593750004 0.5074404765625 0.28174603125000003 0.5116567453124999 0.286954365625 0.5141369046875 0.3023313484375 0.5141369046875
5 0.325644840625 0.5297619046875 0.33134920625 0.531994046875 0.3328373015625 0.531001984375 0.33506944375000003 0.52529761875 0.33506944375000003 0.5146329359374999 0.3335813484375 0.5111607140625 0.3293650796875 0.5076884921875 0.322420634375 0.50322420625 0.3162202375 0.500744046875 0.3137400796875 0.49677579375 0.31299603125000003 0.49801587343750003 0.31349206406249996 0.50049603125 0.31200396874999997 0.5037202375 0.30654761875 0.5104166671875 0.3050595234375 0.5136408734375 0.30803571406249997 0.5173611109375 0.3229166671875 0.5267857140625 0.325644840625 0.5297619046875
5 0.2512400796875 0.5399305562500001 0.2552083328125 0.537450396875 0.25669642812500004 0.533730159375 0.2574404765625 0.5270337296875 0.2600032234375 0.5227348703125 0.26512896874999997 0.5173611109375 0.263144840625 0.5133928578125 0.2581845234375 0.50967261875 0.252976190625 0.5086805562500001 0.24479166718749998 0.5091765875 0.23759920625 0.5111607140625 0.23263888906250002 0.5143849203124999 0.2299107140625 0.5238095234375 0.230902778125 0.5327380953125 0.234126984375 0.537450396875 0.24007936562499999 0.5394345234375 0.2512400796875 0.5399305562500001
5 0.2142857140625 0.5379464281249999 0.22544642812500001 0.536954365625 0.22941468281250002 0.5329861109375 0.22867063437500001 0.5302579359374999 0.22941468281250002 0.5186837796875 0.23263888906250002 0.5136408734375 0.23164682499999997 0.51240079375 0.2234623015625 0.5106646828125 0.2172619046875 0.5106646828125 0.21205357187499999 0.512648809375 0.2053571421875 0.5119047625 0.20262896874999997 0.5143849203124999 0.19990079375 0.5235615078125 0.19965277812499999 0.5257936515625 0.2018849203125 0.5334821421875 0.2053571421875 0.5359623015625 0.2142857140625 0.5379464281249999
5 0.20833333281250002 0.5017361109375 0.21800595312499998 0.49007936562500004 0.21875 0.4856150796875 0.2172619046875 0.481894840625 0.21056547656250002 0.48065476250000005 0.20560515937499999 0.48239087343750003 0.2016369046875 0.48635912656249997 0.20138888906250002 0.49677579375 0.20238095312499998 0.5049603171875 0.2053571421875 0.5081845234375 0.20833333281250002 0.5017361109375
5 0.21626984062500001 0.4766865078125 0.218998015625 0.471478175 0.21924603125000003 0.46651785781250005 0.215773809375 0.46279761875 0.215773809375 0.45882936562500004 0.21304563437500001 0.45114087343750003 0.21130952343749998 0.44965277812500004 0.2075892859375 0.450396825 0.202876984375 0.4546130953125 0.2016369046875 0.4585813484375 0.20138888906250002 0.4704861109375 0.20238095312499998 0.4737103171875 0.21130952343749998 0.47867063437499996 0.21626984062500001 0.4766865078125
5 0.287450396875 0.4320436515625 0.2931547625 0.43030753906249997 0.29737103125000003 0.4273313484375 0.2988591265625 0.42410714218749995 0.2956349203125 0.4208829359375 0.2896825390625 0.41790674531249994 0.287450396875 0.41493055625 0.2775297625 0.4114583328125 0.2735615078125 0.41195436562500004 0.2676091265625 0.41468253906249997 0.26612103125000003 0.4164186515625 0.2633928578125 0.42385912656249997 0.26240079375 0.42757936562500004 0.2641369046875 0.43154761875 0.2698412703125 0.43353174531249994 0.287450396875 0.4320436515625
5 0.24181547656250002 0.412450396875 0.2455357140625 0.421875 0.25099206406249996 0.42559523749999995 0.2552083328125 0.4270833328125 0.2581845234375 0.4268353171875 0.2616567453125 0.42385912656249997 0.2636408734375 0.41840277812500004 0.26661706406249996 0.41344246093750003 0.268601190625 0.41195436562500004 0.27008928593750003 0.4079861109375 0.2668650796875 0.40550595312500004 0.2641369046875 0.40054563437499996 0.2591765875 0.396825396875 0.246527778125 0.3918650796875 0.24255952343749998 0.3923611109375 0.24156746093749998 0.39409722187499996 0.23958333281250002 0.40029761875 0.23958333281250002 0.40401785781250005 0.24107142812500001 0.406498015625 0.24181547656250002 0.412450396875
5 0.25322420625 0.3869047625 0.2552083328125 0.390625 0.2571924609375 0.3826884921875 0.25868055624999997 0.3799603171875 0.27097941406250003 0.36987177656250003 0.2514880953125 0.36532738125 0.246527778125 0.3573908734375 0.2435515875 0.3541666671875 0.23759920625 0.3573908734375 0.234623015625 0.3608630953125 0.2333829359375 0.365079365625 0.2331349203125 0.36904761875 0.234623015625 0.3727678578125 0.24330357187499999 0.3821924609375 0.25322420625 0.3869047625
5 0.3787202375 0.42782738125 0.38095238125 0.41840277812500004 0.3799603171875 0.4144345234375 0.377480159375 0.41220238125 0.375248015625 0.4079861109375 0.3700396828125 0.4045138890625 0.36631944375000003 0.403273809375 0.36036706406249996 0.406001984375 0.3546626984375 0.4141865078125 0.35491071406249997 0.41765872968749995 0.372519840625 0.43353174531249994 0.37549603125000003 0.43353174531249994 0.3787202375 0.42782738125
5 0.3263888890625 0.40426587343750003 0.3244047625 0.396329365625 0.3226686515625 0.3943452375 0.3167162703125 0.3921130953125 0.31299603125000003 0.396329365625 0.312251984375 0.40426587343750003 0.3167162703125 0.4117063484375 0.325148809375 0.4077380953125 0.3263888890625 0.40426587343750003
5 0.325644840625 0.39384920625 0.3360615078125 0.3891369046875 0.34052579375 0.38467261875 0.34275793593750004 0.3769841265625 0.34275793593750004 0.3730158734375 0.3387896828125 0.36904761875 0.33680555624999997 0.36904761875 0.33134920625 0.372519840625 0.3226686515625 0.38467261875 0.32118055624999997 0.3886408734375 0.32217261875 0.3923611109375 0.3244047625 0.393601190625 0.325644840625 0.39384920625
5 0.3020833328125 0.31696428593750003 0.3137400796875 0.31150793593750004 0.31944444375000003 0.306299603125 0.3139880953125 0.3020833328125 0.30927579375 0.296130953125 0.3020833328125 0.293898809375 0.2904265875 0.2981150796875 0.28794642812500004 0.3023313484375 0.283978175 0.302579365625 0.2703373015625 0.31200396874999997 0.2693452375 0.3137400796875 0.2693452375 0.3201884921875 0.2728174609375 0.32490079375 0.2904265875 0.32142857187499996 0.3020833328125 0.31696428593750003
5 0.26661706406249996 0.4699900796875 0.2762896828125 0.46924603125 0.281498015625 0.4699900796875 0.284226190625 0.46875 0.2889384921875 0.46875 0.2904265875 0.4632936515625 0.299355159375 0.46304563437499996 0.309771825 0.45882936562500004 0.3167162703125 0.4578373015625 0.3196924609375 0.455853175 0.327876984375 0.45634920625 0.33134920625 0.4583333328125 0.334325396875 0.45758928593750003 0.3358134921875 0.45907738125 0.338045634375 0.459325396875 0.341269840625 0.45362103125 0.343501984375 0.453125 0.34697420625 0.44866071406249997 0.3608630953125 0.4429563484375 0.3576388890625 0.42757936562500004 0.35243055624999997 0.4154265875 0.3457341265625 0.4077380953125 0.3397817453125 0.40625 0.3320932546875 0.4077380953125 0.3209325390625 0.41195436562500004 0.31696428593750003 0.415674603125 0.31845238125 0.42137896875 0.3177083328125 0.424355159375 0.3137400796875 0.4273313484375 0.309771825 0.4268353171875 0.296875 0.42906746093750003 0.2896825390625 0.43154761875 0.2886904765625 0.43328372968749995 0.28571428593750003 0.434771825 0.281498015625 0.434523809375 0.278521825 0.43675595312500004 0.2757936515625 0.4360119046875 0.2730654765625 0.43799603125 0.2698412703125 0.4375 0.265873015625 0.4384920640625 0.2522321421875 0.444196428125 0.25 0.4484126984375 0.249751984375 0.45114087343750003 0.2522321421875 0.459821428125 0.2574404765625 0.46875 0.26661706406249996 0.4699900796875
5 0.312251984375 0.715773809375 0.32217261875 0.7140376984375 0.325148809375 0.71279761875 0.3261408734375 0.7113095234375 0.32713293593750004 0.708829365625 0.32465277812500004 0.703373015625 0.3152103171875 0.6976359125 0.307362846875 0.6962095734375 0.29637896874999997 0.69345238125 0.2946428578125 0.6991567453124999 0.2884424609375 0.70907738125 0.3053075390625 0.715277778125 0.312251984375 0.715773809375
5 0.268105159375 0.7301587296875 0.2728174609375 0.715773809375 0.2797619046875 0.7115575390625 0.2852182546875 0.7095734125 0.2891865078125 0.7041170640625001 0.29241071406249997 0.6966765875 0.29241071406249997 0.6929563484375 0.2886904765625 0.6855158734375 0.287450396875 0.677579365625 0.2827380953125 0.6760912703125 0.2728174609375 0.6763392859375 0.2671130953125 0.6805555562500001 0.2641369046875 0.6800595234375 0.263144840625 0.6810515875 0.2574404765625 0.7242063484375 0.2579365078125 0.7333829359374999 0.2641369046875 0.7366071421875 0.268601190625 0.7321428578125 0.268105159375 0.7301587296875
5 0.2991071421875 0.6929563484375 0.30555555624999997 0.6924603171875 0.3137400796875 0.689980159375 0.3167162703125 0.6852678578125 0.3174603171875 0.6822916671875 0.31696428593750003 0.6785714281249999 0.3110119046875 0.674355159375 0.30034722187499996 0.6755952375 0.2926587296875 0.674355159375 0.2896825390625 0.6758432546875001 0.2889384921875 0.678075396875 0.290674603125 0.6865079359374999 0.29340277812500004 0.6897321421875 0.2991071421875 0.6929563484375
5 0.334325396875 0.7095734125 0.3397817453125 0.708829365625 0.3501984125 0.702380953125 0.36805555624999997 0.68700396875 0.3730158734375 0.68154761875 0.3732638890625 0.677579365625 0.3670634921875 0.674355159375 0.3616071421875 0.674603175 0.3581349203125 0.6733630953125 0.33705357187499996 0.674851190625 0.3345734125 0.6763392859375 0.325148809375 0.67782738125 0.321924603125 0.6810515875 0.31919642812500004 0.68700396875 0.318700396875 0.6894841265625 0.3196924609375 0.6917162703125 0.330605159375 0.7070932546875001 0.334325396875 0.7095734125
5 0.47073412656249997 0.68427579375 0.4742063484375 0.684027778125 0.48065476250000005 0.68154761875 0.48809523749999995 0.66220238125 0.48859127031250005 0.656994046875 0.48759920625 0.6540178578125 0.475446428125 0.6485615078125 0.4704861109375 0.6480654765625 0.4670138890625 0.6507936515625 0.4632936515625 0.65674603125 0.46180555625 0.6708829359374999 0.46031746093750003 0.6763392859375 0.4608134921875 0.6810515875 0.47073412656249997 0.68427579375
5 0.4751984125 0.646329365625 0.4766865078125 0.6445932546875001 0.484375 0.6493055562500001 0.49553571406249997 0.653769840625 0.5009920640625001 0.6488095234375 0.5047123015625 0.6388888890625 0.5064484125 0.630704365625 0.5042162703125 0.62822420625 0.5014880953125 0.628472221875 0.4987599203125 0.625 0.48115079375 0.6178075390625 0.4739583328125 0.6210317453124999 0.4697420640625 0.6304563484375 0.468501984375 0.634424603125 0.46875 0.637896825 0.47222222187499996 0.6455853171875 0.4751984125 0.646329365625
5 0.5012400796875001 0.6272321421875 0.5074404765625 0.627976190625 0.512896825 0.6230158734375 0.5168650796875001 0.6158234125 0.519097221875 0.6073908734375 0.515873015625 0.6006944437499999 0.500744046875 0.593501984375 0.4950396828125 0.5927579359374999 0.4920634921875 0.59424603125 0.49007936562500004 0.597222221875 0.48660714218749995 0.5979662703125 0.481894840625 0.6083829359374999 0.4826388890625 0.61532738125 0.4853670640625 0.6185515875 0.49429563437499996 0.622519840625 0.5012400796875001 0.6272321421875
5 0.5235615078125 0.5954861109375 0.5302579359374999 0.5763888890625 0.528521825 0.56845238125 0.527777778125 0.5674603171875 0.5243055562500001 0.5679563484375 0.5138888890625 0.5647321421875 0.50967261875 0.564980159375 0.503472221875 0.5706845234375 0.4985119046875 0.5835813484375 0.497271825 0.5915178578125 0.5049603171875 0.5957341265625 0.5195932546875001 0.6009424609375 0.5235615078125 0.5954861109375
5 0.53075396875 0.5662202375 0.533730159375 0.5644841265625 0.533978175 0.5401785718750001 0.5334821421875 0.53720238125 0.530505953125 0.531498015625 0.5248015875 0.5302579359374999 0.521825396875 0.5322420640625001 0.5168650796875001 0.5381944437499999 0.5119047625 0.5486111109375 0.5106646828125 0.5523313484375 0.5119047625 0.5607638890625 0.521825396875 0.56572420625 0.53075396875 0.5662202375
5 0.4833829359375 0.596230159375 0.486855159375 0.5957341265625 0.4925595234375 0.5927579359374999 0.49627976250000005 0.58779761875 0.4987599203125 0.581101190625 0.4987599203125 0.575644840625 0.49652777812500004 0.5704365078125 0.4925595234375 0.565476190625 0.486855159375 0.561755953125 0.47842261875 0.5637400796875001 0.47197420625 0.5674603171875 0.46800595312500004 0.5716765875 0.466269840625 0.5761408734375 0.46676587343750003 0.58407738125 0.46875 0.5887896828125 0.47247023749999995 0.593005953125 0.4833829359375 0.596230159375
5 0.46800595312500004 0.621527778125 0.47197420625 0.6197916671875 0.4764384921875 0.615575396875 0.48065476250000005 0.6083829359374999 0.4831349203125 0.5989583328125 0.481894840625 0.5954861109375 0.47247023749999995 0.593005953125 0.4670138890625 0.5885416671875 0.4623015875 0.5873015875 0.46006944375 0.588045634375 0.4543650796875 0.5984623015625 0.450148809375 0.60342261875 0.44915674531249994 0.6073908734375 0.452876984375 0.6185515875 0.4543650796875 0.6197916671875 0.46800595312500004 0.621527778125
5 0.4283234125 0.63095238125 0.439980159375 0.6287202375 0.450644840625 0.625 0.45238095312500004 0.6185515875 0.4451884921875 0.599454365625 0.43973214218749995 0.5987103171875 0.43377976250000005 0.59970238125 0.42559523749999995 0.6029265875 0.418898809375 0.60887896875 0.41741071406249997 0.6116071421875 0.41790674531249994 0.61904761875 0.421875 0.6272321421875 0.42559523749999995 0.6304563484375 0.4283234125 0.63095238125
5 0.453373015625 0.7408234125 0.46006944375 0.7395833328125 0.465773809375 0.736855159375 0.46875 0.7321428578125 0.46875 0.724454365625 0.4632936515625 0.7120535718750001 0.4513888890625 0.7132936515625 0.44742063437499996 0.715277778125 0.43799603125 0.7175099203124999 0.435019840625 0.721478175 0.4362599203125 0.7353670640625001 0.43973214218749995 0.7435515875 0.44618055625 0.743799603125 0.453373015625 0.7408234125
5 0.5275297625 0.799851190625 0.5300099203124999 0.7988591265625 0.533730159375 0.794394840625 0.5389384921875 0.790674603125 0.54637896875 0.7832341265625 0.5483630953125 0.77529761875 0.547123015625 0.771329365625 0.543402778125 0.768353175 0.5446428578125 0.7633928578125 0.5424107140625 0.7619047625 0.5416666671875 0.7638888890625 0.5399305562500001 0.764880953125 0.533978175 0.7609126984375 0.528769840625 0.7636408734375 0.51884920625 0.765873015625 0.51612103125 0.7673611109375 0.5104166671875 0.7748015875 0.50967261875 0.7829861109375 0.5116567453124999 0.78720238125 0.521825396875 0.797123015625 0.5275297625 0.799851190625
5 0.5404265875 0.677579365625 0.549603175 0.68154761875 0.5540674609375 0.681795634375 0.5605158734375 0.6788194437499999 0.565476190625 0.6738591265625 0.5674603171875 0.668898809375 0.5677083328125 0.6617063484375 0.565972221875 0.6582341265625 0.55654761875 0.6577380953125 0.5510912703125 0.65625 0.5478670640625001 0.6547619046875 0.5451388890625 0.6507936515625 0.5426587296875 0.6515376984375 0.5389384921875 0.65575396875 0.5359623015625 0.662450396875 0.5349702375 0.665674603125 0.5354662703125 0.6698908734375 0.5381944437499999 0.675347221875 0.5404265875 0.677579365625
5 0.4521329359375 0.7876984125 0.46924603125 0.802579365625 0.4734623015625 0.8050595234375001 0.48635912656249997 0.8199404765624999 0.49305555625 0.8204365078125001 0.4985119046875 0.8189484125 0.5071924609375 0.8244047625 0.5086805562500001 0.8244047625 0.51240079375 0.8291170640625 0.519097221875 0.8301091265625 0.5230654765625 0.82762896875 0.5292658734375 0.818204365625 0.5322420640625001 0.8102678578125 0.5275297625 0.8023313484375001 0.5208333328125 0.799355159375 0.516369046875 0.794146825 0.5143849203124999 0.793898809375 0.5109126984375 0.7891865078125 0.502480159375 0.7822420640625001 0.497023809375 0.7795138890625 0.491071428125 0.7738095234375 0.484623015625 0.7703373015625 0.4769345234375 0.7695932546875001 0.47445436562500004 0.7678571421875 0.46478174531249994 0.7586805562500001 0.45535714218749995 0.7519841265625 0.45238095312500004 0.747519840625 0.4516369046875 0.743799603125 0.44593253906249997 0.746527778125 0.43973214218749995 0.744295634375 0.437251984375 0.7462797625 0.43402777812500004 0.746527778125 0.4310515875 0.7480158734375 0.424851190625 0.755704365625 0.421875 0.76240079375 0.422123015625 0.7646329359374999 0.4273313484375 0.7678571421875 0.428075396875 0.771329365625 0.4521329359375 0.7876984125
5 0.57490079375 0.622271825 0.5793650796875001 0.618799603125 0.5833333328125 0.612351190625 0.5848214281249999 0.6071428578125 0.587549603125 0.60342261875 0.588045634375 0.5915178578125 0.5863095234375 0.5887896828125 0.57490079375 0.5830853171875 0.5709325390625 0.584325396875 0.568700396875 0.5915178578125 0.568204365625 0.6073908734375 0.5699404765625 0.6111111109375 0.5709325390625 0.6185515875 0.57490079375 0.622271825
5 0.4950396828125 0.5052083328125 0.5009920640625001 0.5047123015625 0.5071924609375 0.500744046875 0.5111607140625 0.49603174531249994 0.5133928578125 0.49032738125 0.512152778125 0.48487103125 0.5044642859375 0.474950396875 0.4920634921875 0.4751984125 0.487351190625 0.4766865078125 0.4833829359375 0.48040674531249994 0.4794146828125 0.4890873015625 0.4791666671875 0.49032738125 0.4831349203125 0.4985119046875 0.486855159375 0.5019841265625 0.4950396828125 0.5052083328125
5 0.4521329359375 0.5138888890625 0.45709325468750006 0.514880953125 0.46031746093750003 0.5143849203124999 0.46180555625 0.490575396875 0.4543650796875 0.4898313484375 0.4516369046875 0.4920634921875 0.4449404765625 0.493303571875 0.4362599203125 0.5012400796875001 0.4320436515625 0.5071924609375 0.4325396828125 0.512896825 0.437251984375 0.516369046875 0.440228175 0.5168650796875001 0.4521329359375 0.5138888890625
5 0.439980159375 0.4637896828125 0.4580853171875 0.450644840625 0.455605159375 0.4451884921875 0.4516369046875 0.44171627031250005 0.4449404765625 0.4389880953125 0.44171627031250005 0.4387400796875 0.43402777812500004 0.44097222187499996 0.428075396875 0.44717261875 0.4265873015625 0.4516369046875 0.4265873015625 0.45882936562500004 0.42782738125 0.462053571875 0.43427579375 0.46428571406249997 0.439980159375 0.4637896828125
5 0.418898809375 0.477678571875 0.42906746093750003 0.471230159375 0.431299603125 0.4670138890625 0.42509920625 0.459821428125 0.4164186515625 0.4610615078125 0.40947420625 0.46676587343750003 0.40997023749999995 0.4789186515625 0.4126984125 0.481646825 0.4164186515625 0.48065476250000005 0.418898809375 0.477678571875
5 0.450644840625 0.4357638890625 0.4513888890625 0.4392361109375 0.4548611109375 0.43824404687499996 0.46031746093750003 0.44444444375 0.4640376984375 0.4454365078125 0.47296627031250005 0.44320436562500004 0.48015872968749995 0.43154761875 0.478174603125 0.4206349203125 0.466021825 0.41592261875 0.4632936515625 0.4114583328125 0.4548611109375 0.41790674531249994 0.4513888890625 0.421875 0.4484126984375 0.4231150796875 0.446428571875 0.42609127031250005 0.44593253906249997 0.42782738125 0.44717261875 0.4322916671875 0.4484126984375 0.435019840625 0.450644840625 0.4357638890625
5 0.38715277812500004 0.49404761875 0.39012896874999997 0.491071428125 0.39756944375000003 0.486855159375 0.40029761875 0.48239087343750003 0.3923611109375 0.4766865078125 0.3864087296875 0.47594246093750003 0.372023809375 0.484375 0.3685515875 0.49007936562500004 0.368799603125 0.497519840625 0.3702876984375 0.5 0.372519840625 0.5012400796875001 0.38715277812500004 0.49404761875
5 0.590277778125 0.331101190625 0.5949900796875001 0.3345734125 0.6009424609375 0.333829365625 0.6148313484375 0.321924603125 0.6158234125 0.3172123015625 0.6135912703125 0.2983630953125 0.60987103125 0.296626984375 0.6039186515625 0.296626984375 0.6001984125 0.3005952375 0.58407738125 0.3125 0.5798611109375 0.32217261875 0.5796130953125 0.3258928578125 0.5845734125 0.327876984375 0.5863095234375 0.3298611109375 0.590277778125 0.331101190625
5 0.6986607140625 0.1599702375 0.700148809375 0.1636904765625 0.7013888890625 0.17286706406250002 0.697420634375 0.196924603125 0.6986607140625 0.20982142812500001 0.69717261875 0.21279761874999997 0.6949404765625 0.23635912656250002 0.6951884921875 0.268601190625 0.69345238125 0.27529761875 0.6939484125 0.2797619046875 0.6927083328125 0.2829861109375 0.6889880953125 0.3107638890625 0.6917162703125 0.322420634375 0.6944444437499999 0.3261408734375 0.7041170640625001 0.3266369046875 0.709325396875 0.328125 0.7110615078125 0.3261408734375 0.7120535718750001 0.3206845234375 0.715773809375 0.318204365625 0.716269840625 0.3010912703125 0.718501984375 0.2824900796875 0.7229662703125 0.271329365625 0.7237103171875 0.243799603125 0.7276785718750001 0.22941468281250002 0.7296626984375 0.19717261875 0.7289186515625 0.1887400796875 0.7296626984375 0.1827876984375 0.7328869046875 0.17435515937499999 0.7331349203124999 0.1654265875 0.733630953125 0.16344246093749998 0.7372271828125 0.15947420625 0.7395833328125 0.158978175 0.7408234125 0.15550595312499998 0.7420634921875 0.15451388906250002 0.7445436515625 0.15575396875 0.7477678578125 0.1542658734375 0.7509920640625001 0.15029761875 0.7445436515625 0.14657738125 0.7353670640625001 0.1458333328125 0.7333829359374999 0.14236111093749998 0.7306547625 0.14161706406250002 0.7140376984375 0.14136904687500002 0.70362103125 0.14236111093749998 0.6946924609375 0.14384920625 0.6889880953125 0.146329365625 0.6892361109375 0.1522817453125 0.690972221875 0.1542658734375 0.6944444437499999 0.15525793593749998 0.6986607140625 0.1599702375
5 0.5922619046875 0.831101190625 0.59697420625 0.8318452375 0.6009424609375 0.83407738125 0.606646825 0.83134920625 0.611855159375 0.8268849203125 0.6160714281249999 0.82217261875 0.6197916671875 0.8196924609374999 0.621527778125 0.81572420625 0.6210317453124999 0.813244046875 0.606894840625 0.8045634921874999 0.603670634375 0.800347221875 0.596726190625 0.7991071421875 0.5917658734375 0.8018353171875001 0.5833333328125 0.7986111109375 0.580605159375 0.7986111109375 0.5768849203124999 0.802579365625 0.5716765875 0.8144841265625 0.57217261875 0.8191964281249999 0.5833333328125 0.8266369046875001 0.5922619046875 0.831101190625
5 0.609623015625 0.8055555562500001 0.615575396875 0.8077876984374999 0.62177579375 0.8080357140625001 0.62450396875 0.8072916671874999 0.6287202375 0.8040674609374999 0.6321924609375 0.7956349203124999 0.6319444437499999 0.7896825390625 0.6289682546875001 0.783978175 0.6232638890625 0.78075396875 0.61259920625 0.777777778125 0.609623015625 0.7733134921875 0.6039186515625 0.7762896828125 0.6011904765625 0.783978175 0.6006944437499999 0.78720238125 0.60342261875 0.7981150796875001 0.606398809375 0.80282738125 0.609623015625 0.8055555562500001
5 0.671130953125 0.7542162703125 0.6768353171875 0.752728175 0.6830357140625 0.7450396828125 0.686755953125 0.7366071421875 0.68427579375 0.731646825 0.6830357140625 0.7227182546875001 0.6800595234375 0.721726190625 0.6770833328125 0.7234623015625 0.6758432546875001 0.7256944437499999 0.6641865078125 0.736855159375 0.659226190625 0.743799603125 0.6602182546875001 0.7517361109375 0.662450396875 0.75322420625 0.671130953125 0.7542162703125
5 0.65625 0.775545634375 0.66220238125 0.7723214281249999 0.6666666671875 0.7678571421875 0.67237103125 0.755704365625 0.6681547625 0.755704365625 0.6602182546875001 0.7537202375 0.65674603125 0.7509920640625001 0.653521825 0.7514880953125 0.6478174609375 0.7571924609375 0.64012896875 0.7703373015625 0.64012896875 0.7725694437499999 0.6418650796875001 0.7743055562500001 0.6517857140625 0.7757936515625 0.65625 0.775545634375
5 0.6631944437499999 0.68700396875 0.669146825 0.6820436515625 0.671626984375 0.67782738125 0.672123015625 0.671875 0.668402778125 0.6641865078125 0.65674603125 0.6582341265625 0.6507936515625 0.6574900796875001 0.64384920625 0.6664186515625 0.643353175 0.6741071421875 0.6445932546875001 0.6773313484375 0.653521825 0.686755953125 0.6631944437499999 0.68700396875
5 0.6827876984375 0.6738591265625 0.68700396875 0.669146825 0.69345238125 0.6582341265625 0.6989087296875 0.652777778125 0.6994047625 0.6460813484375 0.6979166671875 0.6428571421875 0.6860119046875 0.639880953125 0.6832837296875 0.640873015625 0.6793154765625 0.6455853171875 0.6783234125 0.6493055562500001 0.674355159375 0.6550099203124999 0.6731150796875001 0.65947420625 0.672619046875 0.66592261875 0.6738591265625 0.6681547625 0.6800595234375 0.6741071421875 0.6827876984375 0.6738591265625
5 0.668402778125 0.6617063484375 0.6728670640625001 0.6512896828125 0.6770833328125 0.646329365625 0.6805555562500001 0.6386408734375 0.6793154765625 0.6341765875 0.6770833328125 0.6316964281249999 0.668402778125 0.6272321421875 0.66592261875 0.6272321421875 0.6626984125 0.6287202375 0.6607142859375 0.63095238125 0.6507936515625 0.6515376984375 0.6507936515625 0.6572420640625001 0.6545138890625 0.6574900796875001 0.65947420625 0.6599702375 0.668402778125 0.6617063484375
5 0.6862599203124999 0.6334325390625 0.6897321421875 0.63467261875 0.6927083328125 0.6334325390625 0.6946924609375 0.6321924609375 0.700644840625 0.6230158734375 0.699652778125 0.61904761875 0.697420634375 0.6160714281249999 0.6924603171875 0.615575396875 0.6852678578125 0.612847221875 0.6798115078125 0.608630953125 0.6770833328125 0.6076388890625 0.6738591265625 0.608630953125 0.668898809375 0.618799603125 0.6676587296875 0.6232638890625 0.6696428578125 0.6262400796875001 0.6827876984375 0.6341765875 0.6862599203124999 0.6334325390625
5 0.562748015625 0.8702876984374999 0.5761408734375 0.8767361109375 0.5833333328125 0.8824404765624999 0.5863095234375 0.8826884921874999 0.596230159375 0.8680555562500001 0.59697420625 0.8648313484375001 0.59424603125 0.853670634375 0.596230159375 0.84970238125 0.59697420625 0.844494046875 0.6001984125 0.8415178578125 0.5853174609375 0.8296130953124999 0.578869046875 0.82862103125 0.575396825 0.8330853171875001 0.5729166671875 0.8328373015625001 0.56845238125 0.828869046875 0.565476190625 0.828125 0.559771825 0.8325892859374999 0.5545634921875 0.8422619046875001 0.5510912703125 0.8454861109375 0.547123015625 0.8516865078125001 0.54637896875 0.8539186515624999 0.54737103125 0.8573908734375 0.5602678578125 0.8673115078125001 0.562748015625 0.8702876984374999
5 0.2876984125 0.880704365625 0.2931547625 0.8821924609374999 0.2988591265625 0.8821924609374999 0.3040674609375 0.880704365625 0.30803571406249997 0.87822420625 0.3087797625 0.8767361109375 0.30580357187499996 0.872519840625 0.2914186515625 0.8571428578125 0.287450396875 0.8549107140625001 0.28447420625 0.8573908734375 0.2832341265625 0.8608630953124999 0.2824900796875 0.865079365625 0.2829861109375 0.8732638890625 0.28447420625 0.8772321421875 0.2876984125 0.880704365625
5 0.21130952343749998 0.8759920640625 0.22048611093749998 0.8767361109375 0.2232142859375 0.8764880953124999 0.22569444375 0.875 0.2301587296875 0.875 0.24280753906250002 0.8670634921874999 0.24677579375 0.859126984375 0.24925595312499998 0.8454861109375 0.24677579375 0.84325396875 0.2435515875 0.8422619046875001 0.240575396875 0.8392857140625001 0.2385912703125 0.8345734125 0.2380952375 0.827380953125 0.2388392859375 0.8216765875 0.23759920625 0.8167162703124999 0.23164682499999997 0.809771825 0.21875 0.800347221875 0.2172619046875 0.797619046875 0.2142857140625 0.7953869046875 0.21205357187499999 0.796626984375 0.2075892859375 0.8261408734375 0.20560515937499999 0.8301091265625 0.20238095312499998 0.8298611109375 0.20114087343749998 0.8320932546875 0.19965277812499999 0.8370535718750001 0.1991567453125 0.843998015625 0.1991567453125 0.86904761875 0.20262896874999997 0.87177579375 0.2085813484375 0.8735119046875001 0.21130952343749998 0.8759920640625
5 0.2512400796875 0.843998015625 0.26116071406249997 0.8449900796875 0.26512896874999997 0.8449900796875 0.26909722187499996 0.843005953125 0.26884920625 0.8390376984374999 0.2643849203125 0.834325396875 0.259424603125 0.83134920625 0.2519841265625 0.8234126984374999 0.2423115078125 0.818204365625 0.240575396875 0.815972221875 0.24007936562499999 0.8172123015625001 0.2398313484375 0.8330853171875001 0.24107142812500001 0.8365575390625001 0.2460317453125 0.8420138890625 0.2512400796875 0.843998015625
5 0.2854662703125 0.786954365625 0.2854662703125 0.781498015625 0.28447420625 0.775545634375 0.28025793593750004 0.7708333328125 0.2757936515625 0.7586805562500001 0.2728174609375 0.7564484125 0.2671130953125 0.7616567453124999 0.2614087296875 0.7619047625 0.2574404765625 0.7638888890625 0.2554563484375 0.7671130953125 0.2547123015625 0.7725694437499999 0.2552083328125 0.7797619046875 0.27256944375000003 0.7956349203124999 0.28224206406249996 0.8013392859374999 0.2854662703125 0.786954365625
5 0.2068452375 0.7140376984375 0.2147817453125 0.7137896828125 0.21701388906250002 0.712549603125 0.218501984375 0.709325396875 0.21949404687500002 0.6966765875 0.22123015937499999 0.6894841265625 0.2209821421875 0.6837797625 0.2199900796875 0.6825396828125 0.2154017859375 0.6827876984375 0.21155753906250002 0.6808035718750001 0.20238095312499998 0.6790674609375 0.19965277812499999 0.6803075390625 0.19866071406250002 0.693204365625 0.193204365625 0.7011408734375 0.200148809375 0.71279761875 0.2068452375 0.7140376984375
5 0.35491071406249997 0.640873015625 0.36036706406249996 0.638144840625 0.3635912703125 0.6341765875 0.360119046875 0.6259920640625001 0.3519345234375 0.6170634921875 0.3501984125 0.618799603125 0.3420138890625 0.62177579375 0.3373015875 0.627728175 0.33506944375000003 0.63467261875 0.3345734125 0.6386408734375 0.3365575390625 0.6416170640625001 0.343005953125 0.6421130953125 0.35491071406249997 0.640873015625
5 0.33134920625 0.5848214281249999 0.341269840625 0.580853175 0.3477182546875 0.5761408734375 0.349950396875 0.571924603125 0.3479662703125 0.568204365625 0.3452380953125 0.565972221875 0.3387896828125 0.56572420625 0.3301091265625 0.5672123015625 0.3241567453125 0.571924603125 0.3234126984375 0.5758928578125 0.3204365078125 0.5798611109375 0.3199404765625 0.58407738125 0.3226686515625 0.588045634375 0.328125 0.5850694437499999 0.33134920625 0.5848214281249999
5 0.3137400796875 0.58407738125 0.3189484125 0.580605159375 0.3244047625 0.5716765875 0.32862103125000003 0.5677083328125 0.3293650796875 0.5642361109375 0.3226686515625 0.5555555562500001 0.3167162703125 0.5558035718750001 0.312748015625 0.5577876984375 0.30803571406249997 0.562748015625 0.303075396875 0.5706845234375 0.3010912703125 0.577380953125 0.2983630953125 0.5801091265625 0.3077876984375 0.5845734125 0.3137400796875 0.58407738125
5 0.4166666671875 0.525545634375 0.419146825 0.525545634375 0.4231150796875 0.521825396875 0.424603175 0.518353175 0.42559523749999995 0.5143849203124999 0.42534722187499996 0.50967261875 0.422123015625 0.5084325390625 0.41964285781250005 0.5116567453124999 0.4045138890625 0.5178571421875 0.40178571406249997 0.5200892859375 0.3980654765625 0.52529761875 0.4015376984375 0.528521825 0.4079861109375 0.5290178578125 0.4166666671875 0.525545634375
5 0.3519345234375 0.5664682546875001 0.356398809375 0.5647321421875 0.36036706406249996 0.561755953125 0.3616071421875 0.5605158734375 0.3606150796875 0.556795634375 0.3571428578125 0.5548115078125 0.35044642812500004 0.547619046875 0.343005953125 0.5364583328125 0.34052579375 0.5404265875 0.3420138890625 0.5523313484375 0.3452380953125 0.5642361109375 0.3489583328125 0.5667162703125 0.3519345234375 0.5664682546875001
5 0.6302083328125 0.428571428125 0.6331845234375 0.42609127031250005 0.63467261875 0.42113095312500004 0.6336805562500001 0.40997023749999995 0.631200396875 0.40401785781250005 0.627480159375 0.40029761875 0.6195436515625 0.403769840625 0.60342261875 0.40550595312500004 0.6001984125 0.40823412656249997 0.6019345234375 0.4270833328125 0.603670634375 0.431299603125 0.621527778125 0.43055555625 0.6302083328125 0.428571428125
5 0.6388888890625 0.43055555625 0.644087053125 0.4345595234375 0.6606431046875 0.43265699375000005 0.6629464281249999 0.424603175 0.6649305562500001 0.41989087343750003 0.6639384921875 0.41319444375 0.6626984125 0.41071428593750003 0.659722221875 0.40947420625 0.656994046875 0.40575396875 0.6469079859375 0.4016202875 0.6450892859375 0.3998015875 0.6391369046875 0.3983134921875 0.63467261875 0.40252976250000005 0.6339285718750001 0.40699404687499996 0.6369047625 0.4206349203125 0.6356646828125 0.42757936562500004 0.6388888890625 0.43055555625
5 0.6264880953125 0.3983134921875 0.6302083328125 0.3980654765625 0.6359126984375 0.393353175 0.634920634375 0.391369046875 0.6235119046875 0.3866567453125 0.6210317453124999 0.384424603125 0.6130952375 0.381200396875 0.6049107140625 0.3799603171875 0.6016865078125 0.381200396875 0.5982142859375 0.38467261875 0.59697420625 0.3921130953125 0.596726190625 0.396329365625 0.6046626984375 0.40054563437499996 0.6212797625 0.40029761875 0.6264880953125 0.3983134921875
5 0.560019840625 0.37400793593750004 0.571924603125 0.365079365625 0.5711805562500001 0.3608630953125 0.571924603125 0.356894840625 0.5691964281249999 0.3511904765625 0.56572420625 0.34970238125 0.562251984375 0.346726190625 0.5570436515625 0.3452380953125 0.5540674609375 0.3452380953125 0.5426587296875 0.3501984125 0.5394345234375 0.3541666671875 0.5349702375 0.3573908734375 0.5352182546875001 0.36284722187499996 0.5448908734375 0.3732638890625 0.5481150796875001 0.37822420625 0.560019840625 0.37400793593750004
5 0.562748015625 0.40699404687499996 0.568700396875 0.40674603125 0.571924603125 0.40848214218749995 0.5736607140625 0.4136904765625 0.577876984375 0.41989087343750003 0.580605159375 0.422123015625 0.583829365625 0.4228670640625 0.591269840625 0.4295634921875 0.593005953125 0.4298115078125 0.596230159375 0.42757936562500004 0.5949900796875001 0.42509920625 0.5952380953125 0.41989087343750003 0.591021825 0.4050099203125 0.5913745046875001 0.3991741078125 0.5968931046875 0.3965106640625 0.5984623015625 0.3883928578125 0.5952380953125 0.3764880953125 0.5920138890625 0.372519840625 0.5863095234375 0.3685515875 0.58134920625 0.368799603125 0.568700396875 0.37177579375 0.556795634375 0.37599206406249996 0.5489712296875 0.37880828437499997 0.5424848703125 0.3816083828125 0.5453869046875 0.3928571421875 0.5481150796875001 0.3983134921875 0.5540674609375 0.40302579375 0.562748015625 0.40699404687499996
5 0.5838353171875 0.886553571875 0.572771578125 0.8773891375 0.5414764390625 0.8574796625 0.5244064984375 0.8875017359375 0.5718231640625 0.916259671875 0.58509995 0.8979303078124999 0.5838353171875 0.886553571875
5 0.6227170140625 0.9184717265625 0.6369422124999999 0.9307966265625 0.64421255 0.933640625 0.642 0.8976143359375 0.731459325 0.782898809375 0.73398834375 0.7746822921875001 0.7226081343749999 0.7652016374999999 0.720079365625 0.76330555625 0.714389384375 0.7626736109375 0.61923983125 0.876125 0.59078993125 0.880233134375 0.603118303125 0.900774553125 0.6227170140625 0.9184717265625
5 0.77255381875 0.745924603125 0.7735022328125 0.7241190468750001 0.76844444375 0.71685069375 0.7554838796875 0.7181145828125 0.751058284375 0.7332837296875 0.7532710812500001 0.7557212296875 0.7586448406249999 0.7576173109375001 0.7728697921875 0.7591974203125 0.77255381875 0.745924603125
5 0.74726488125 0.7620505953125 0.6843588796875 0.878662203125 0.67613988125 0.882454365625 0.65780555625 0.88940699375 0.6568571421875 0.8957271828125 0.6653921125 0.9055240578125 0.679301090625 0.9175327375 0.7007966265625 0.9342817453125001 0.7124928078125 0.9355458828125001 0.7071188 0.9083680562499999 0.7083831843749999 0.89825545625 0.7399942953124999 0.8353673109375 0.773423115625 0.7682291671875 0.76654761875 0.7598385421875 0.7557998515625 0.7563623515625 0.74726488125 0.7620505953125
5 0.761173859375 0.8903549109375 0.76654761875 0.85843675625 0.7659154265625 0.8476922124999999 0.7501098703125 0.846744046875 0.7473439984375 0.8492326390624999 0.7374655265625 0.8909871031250001 0.7358849203125 0.904891865625 0.7516904765625 0.9061560015625 0.761173859375 0.8903549109375
5 0.743471478125 0.8385275296874999 0.75137425625 0.8451639390624999 0.765283234375 0.8416877484375 0.7700248015625 0.8262028765625 0.7627544640624999 0.811665921875 0.7564320437500001 0.8138779765624999 0.74821329375 0.8277829859375 0.743471478125 0.8385275296874999
5 0.717234375 0.8849826390625 0.7203955859375 0.8935151296875 0.7270337296875 0.899835565625 0.731459325 0.8957271828125 0.73714930625 0.8821383921875 0.7437876984375 0.8514843750000001 0.7355687 0.8502202375 0.7336721234375 0.8574888390625001 0.717234375 0.8849826390625
5 0.6998482140625 0.8397916671875001 0.6884682546875001 0.8413717765625 0.6777204859375 0.8555927578125001 0.688152034375 0.85843675625 0.6957388390625 0.8540126484374999 0.70142881875 0.8451639390624999 0.6998482140625 0.8397916671875001
5 0.7270337296875 0.758872271875 0.7415749015624999 0.756976190625 0.7390461312500001 0.7522358625 0.7282983625 0.741491071875 0.7068025796875 0.7222137890625 0.6944744546875 0.7127333828125 0.6897326390625 0.7152614093749999 0.6909970234375 0.7250580359375001 0.6919454359375 0.739594990625 0.6818298609375 0.7506557546875 0.61007266875 0.83408506875 0.6009055062499999 0.8457780265625001 0.5974283234375 0.85652256875 0.5983764875 0.858102678125 0.6037504953124999 0.868215278125 0.6119692453125001 0.8761158234374999 0.7086202875 0.76190699375 0.714389384375 0.758872271875 0.7169181546875001 0.7585563 0.7270337296875 0.758872271875
5 0.748529265625 0.7136540171875 0.754535465625 0.7171304562499999 0.7649670140625 0.7161822921875001 0.7744503968750001 0.7092299109375 0.77255381875 0.6953249015625 0.76749603125 0.6864764390625 0.760225446875 0.6848963296874999 0.7456842765625 0.6848963296874999 0.74315550625 0.6902686015625 0.7384136906250001 0.69469295625 0.74315550625 0.696273065625 0.748529265625 0.7136540171875
5 0.7437876984375 0.686160465625 0.7415749015624999 0.675099703125 0.7349365078125001 0.672571428125 0.7270337296875 0.67351959375 0.719130953125 0.68110391875 0.7128087796875 0.6867924109375 0.7181827875 0.6943769843750001 0.72893055625 0.6924806546875 0.7393621031250001 0.69342881875 0.7437876984375 0.686160465625
5 0.756116071875 0.670675346875 0.7447361109374999 0.675099703125 0.7475811015625 0.6839481640625 0.7592772812499999 0.678891865625 0.7728697921875 0.670043403125 0.77160540625 0.658350446875 0.7646510421875 0.6469737109375 0.7456842765625 0.6517140375 0.7507420640625 0.6574025296875 0.7542192453125 0.6611946921875 0.756116071875 0.670675346875
5 0.7197631453125 0.6760567953125001 0.73303993125 0.67131646875 0.752006696875 0.6694203875 0.754535465625 0.6659441968750001 0.74410391875 0.652355159375 0.7270337296875 0.6412943953125 0.7140731640625 0.6314977671875 0.7068025796875 0.628021578125 0.70048040625 0.6261254953125001 0.7023772328125 0.640978421875 0.70142881875 0.652355159375 0.6909970234375 0.6656279765625001 0.608176090625 0.7604342765625 0.6056470734375 0.76738665625 0.6182914187499999 0.775919146875 0.62840699375 0.7819236109375 0.6328325890625 0.7803435015625 0.7197631453125 0.6760567953125001
5 0.6457931546875 0.7162095734375 0.649902778125 0.7111532734375 0.6359937999999999 0.6969322921875001 0.5955314984375 0.6763908734374999 0.5901577375 0.6798670640625 0.5983764875 0.70293675625 0.59489930625 0.71178521875 0.5297805062500001 0.8195481156250001 0.52377430625 0.831873015625 0.5272514875 0.8407217265625 0.534205853125 0.8502021328125 0.545902034375 0.8520984625000001 0.6157626484375001 0.725554315625 0.6220848218749999 0.7218978171875 0.6287232140625 0.7162095734375 0.6457931546875 0.7162095734375
5 0.5876287203125 0.66784920625 0.5825709328124999 0.6631088796875 0.568978175 0.671009425 0.5617075890625001 0.6782780265625 0.5624188984375 0.6812986109375 0.5794099703125 0.6966071421875 0.5888931046875 0.68523040625 0.5895255453125 0.677962053125 0.5876287203125 0.66784920625
5 0.545902034375 0.7086160718750001 0.5477986109375 0.7190446421875001 0.5563338296875 0.7275771328125 0.5756165671875 0.7048236609375 0.5708747515625 0.6972390875000001 0.5607591765625 0.6921827875 0.545902034375 0.7086160718750001
5 0.5221937 0.7225208328125 0.5215615078125 0.7187286703125 0.5187165171875 0.7136723703125 0.5114459328125001 0.710512153125 0.49532415625 0.707351934375 0.48931820468750004 0.7117760421875 0.4852088296875 0.721256696875 0.4833120046875 0.740533978125 0.48173139843749996 0.7528588796875 0.4877375984375 0.757915178125 0.512078125 0.762971478125 0.5161875 0.7528588796875 0.5629719734374999 0.7588630953125 0.5781453375 0.7345295140625 0.565184771875 0.7307373515625 0.5221937 0.7225208328125
5 0.44394593281250005 0.7892790171875 0.442178075 0.7804417156250001 0.41954761874999996 0.7659481640625 0.41247569375 0.77125074375 0.402928571875 0.7860974703125 0.391259671875 0.8037723218749999 0.3877237109375 0.8150843249999999 0.4153045640625 0.8338196921875 0.42237648749999995 0.8253358140625 0.47753794687499995 0.8543224203124999 0.49185863124999996 0.8297192453125 0.48531696406249997 0.8235682046875 0.44111706406250006 0.7963489578125 0.44394593281250005 0.7892790171875
5 0.38807738125 0.79739930625 0.39868526718749997 0.794571428125 0.4131827875 0.7684126984375 0.4199012890625 0.7595751484375 0.42237648749999995 0.754626240625 0.4184868546875 0.7503841765625 0.396563740625 0.737658234375 0.39161334375 0.739779265625 0.3848950890625 0.7468492062500001 0.36721502968749997 0.7358908734375 0.33450719218749997 0.7444134421874999 0.37216542656249996 0.770887153125 0.36792237031249997 0.77937103125 0.37145833281249996 0.785027034375 0.38807738125 0.79739930625
5 0.463040178125 0.6849873515625 0.457736359375 0.6832197421874999 0.4340451390625 0.68746180625 0.42308358124999995 0.6892291671875 0.307810515625 0.718216021875 0.2972026296875 0.7104389875 0.279876240625 0.7143276296875001 0.271743303125 0.7192765375 0.2731577375 0.7330627484375001 0.2756329359375 0.7507375984375 0.278108134375 0.7652311515625 0.2809370046875 0.769472965625 0.2964952875 0.7669985125000001 0.30922495 0.7616961812499999 0.31311458281250004 0.75427256875 0.31523611093750004 0.7507375984375 0.4686979171875 0.7072576890625 0.4789521328125 0.7026622031249999 0.4771842765625 0.6881686515625 0.463040178125 0.6849873515625
5 0.311346478125 0.900287203125 0.31806473281250003 0.906296875 0.3233688 0.90558978125 0.33928075468749996 0.897105903125 0.34776711250000003 0.8879149312499999 0.3551927078125 0.8720074406249999 0.359789434375 0.8529186515625 0.3551927078125 0.8440813484374999 0.3350376984375 0.85079761875 0.2381515375 0.7645443953125 0.2293115078125 0.767372271875 0.21799652812499998 0.7740887890625 0.20951016875 0.78257266875 0.2141068953125 0.795652034375 0.312053571875 0.8751889875 0.312053571875 0.8794310515625 0.3117001484375 0.8808449906250001 0.311346478125 0.900287203125
5 0.348120784375 0.89816641875 0.3566071421875 0.8978127484374999 0.3619109625 0.8907428078124999 0.362353175 0.8717090781250001 0.356960565625 0.8766029265625 0.34493824375000004 0.894277778125 0.348120784375 0.89816641875
5 0.302152778125 0.815417659375 0.302152778125 0.8171850203125001 0.3225731640625 0.8381170640625 0.3315014875 0.8239015375 0.3233688 0.81365005 0.31417534687500004 0.8048127484375 0.302152778125 0.815417659375
5 0.35306423593749997 0.8266200390625 0.34580902812500003 0.8311867562499999 0.3466150796875 0.8392455359375001 0.3552137890625 0.84166319375 0.3616626984375 0.8397827375 0.36246875 0.8317239578125 0.35306423593749997 0.8266200390625
5 0.2351388890625 0.765178075 0.26204712343750003 0.7617495046875 0.270752728125 0.756738590625 0.2678509421875 0.7512003968750001 0.25518824375000004 0.7314206343749999 0.2623110125 0.6784107140625 0.24964831406250002 0.6757735609375 0.243053075 0.67155381875 0.24701016875 0.648609375 0.23988740156250002 0.653883928125 0.2318412703125 0.6694732140624999 0.2253782234375 0.7353764875000001 0.20189930625 0.7559474203125001 0.21166021875 0.763859375 0.2351388890625 0.765178075
5 0.4453921125 0.6871138390625 0.45594444375 0.6844766859375 0.45831869999999997 0.67761954375 0.4612204859375 0.6631145828125 0.46306721250000005 0.6494005453125 0.45779117031250005 0.6317306546875 0.44064360156250004 0.6306755953125001 0.4282447921875 0.6312031250000001 0.42376016875 0.6417522328125 0.392894840625 0.6414885906250001 0.38207886874999997 0.643334821875 0.249384425 0.6459719734375 0.24542733125 0.67023511875 0.25070337343750004 0.67524603125 0.42376016875 0.6757735609375 0.42296875 0.6799933031250001 0.42639806562500004 0.68500396875 0.4453921125 0.6871138390625
5 0.32931770781249997 0.5525736609375 0.3411889875 0.550727678125 0.337759425 0.5414970234375 0.3250967265625 0.5309479171875 0.310059771875 0.5174975203125001 0.2849982640625 0.5151240078125 0.287636409375 0.5412559531250001 0.28447073437500003 0.5481130953125 0.192138640625 0.66441790625 0.193721478125 0.6704838796875 0.1997889390625 0.67549454375 0.2066478171875 0.678923115625 0.218519096875 0.682087796875 0.307685515625 0.5607720734375 0.308476934375 0.558112103125 0.311642609375 0.556793403125 0.32931770781249997 0.5525736609375
5 0.237851934375 0.584269840625 0.2405927578125 0.5663536703125 0.24480977187500003 0.5600302578125 0.263152778125 0.54949131875 0.2610443953125 0.54316790625 0.24038194375000002 0.5410602671875 0.2020091765625 0.538109375 0.20116592187500001 0.5383201890625 0.20032242031249997 0.546962053125 0.21234027812499998 0.5615057046875 0.2119186515625 0.5752063484375001 0.207491071875 0.6000783734375 0.208334325 0.6386510421875 0.2323700390625 0.6133573906249999 0.2351111109375 0.6032400796874999 0.237851934375 0.584269840625
5 0.243123015625 0.5790004953125 0.23827356093750002 0.6005 0.24080381874999998 0.5996567453125 0.2555625 0.5804759421875 0.243123015625 0.5790004953125
5 0.208755953125 0.3365438984375 0.20285267812500002 0.345607390625 0.2045391859375 0.37385193437500003 0.22056299531249998 0.48769072343750003 0.20432837343750002 0.508136409375 0.21444866093749998 0.5110873015624999 0.2304724703125 0.5108764875 0.24691815468749997 0.508136409375 0.2734838796875 0.5026560015625 0.2507130453125 0.48094593281250003 0.24017113124999998 0.422337053125 0.23743030781250002 0.3862938984375 0.23279166718750002 0.3658482140625 0.2338459828125 0.3405548109375 0.23068328437500002 0.33759771875 0.22541245000000001 0.3354900796875 0.208755953125 0.3365438984375
5 0.4228487109375 0.316959325 0.423446428125 0.3118797125 0.42314756875 0.297835565625 0.414180803125 0.2814010421875 0.4031217765625 0.2574962796875 0.3908670640625 0.2533129953125 0.38339459374999996 0.2766202875 0.25158209375 0.3420595234375 0.246201884375 0.348633184375 0.2539732140625 0.36476909687500003 0.2665267859375 0.36895238125 0.392660465625 0.30709895781249996 0.3971438484375 0.30709871093749996 0.41059399843750005 0.3103856640625 0.4228487109375 0.316959325
5 0.44108134843749996 0.288273809375 0.4521403765625 0.2703452375 0.44974925624999995 0.262875 0.44138020781250004 0.256898809375 0.4327123015625 0.2557033734375 0.41567534687499996 0.274528521875 0.4222509921875 0.2825962296875 0.4315166171875 0.2942497515625 0.44108134843749996 0.288273809375
5 0.45991170625000005 0.2491297125 0.462302828125 0.2380736609375 0.46140625 0.22970709375 0.45602604218750004 0.2261212796875 0.450944940625 0.224926090625 0.44317361093749996 0.23030481093750002 0.4336088796875 0.24972743125000002 0.44138020781250004 0.2560022328125 0.4533360609375 0.261380953125 0.45991170625000005 0.2491297125
5 0.5217787703125001 0.36964930625000003 0.5254563484375 0.358619046875 0.5201071421875 0.34758903750000003 0.5037244546874999 0.3308767359375 0.4886790671875 0.3225208328125 0.47129340312499995 0.3188439984375 0.469955853125 0.33121106093749997 0.4756396328125 0.34524925624999997 0.4706245046875 0.35327132968749997 0.45658234062499997 0.36463566406250003 0.4167958828125 0.41544072343750005 0.4010818453125 0.4532103171875 0.4034221234375 0.462569196875 0.4081029265625 0.46624603125 0.42314831406250003 0.4515391859375 0.4933598703125 0.37299156718750004 0.500715278125 0.3679779265625 0.5217787703125001 0.36964930625000003
5 0.40241914687499997 0.4776103671875 0.411446428125 0.47961582343750003 0.4057624015625 0.46557738125 0.40041319375000006 0.4502021328125 0.46092881874999997 0.3131619546875 0.43886235156250003 0.306811259375 0.4301693953125 0.30513988125 0.375671875 0.43582961249999996 0.371994046875 0.4422490078125 0.3439094734375 0.4525419140625 0.36865079375 0.464908978125 0.3917202375 0.47125967187500006 0.40241914687499997 0.4776103671875
5 0.55220386875 0.2536470734375 0.5381614578125 0.23793774843749999 0.4997123015625 0.2138720234375 0.49804067500000004 0.2205567953125 0.500380953125 0.243285465625 0.4639377484375 0.301444196875 0.4639377484375 0.3141453375 0.43618750000000006 0.3769833828125 0.440199653125 0.3803258921875 0.4455491078125 0.3783204359375 0.46761557500000006 0.349241071875 0.47196205312500006 0.3368740078125 0.46928720312500005 0.3198276296875 0.4873415171875 0.31681944375 0.49402852187499996 0.31280853125 0.4993779765625 0.295427828125 0.5063990578124999 0.2783812 0.52044146875 0.265680059375 0.527796875 0.261334821875 0.5328120046875 0.25932936562500003 0.55220386875 0.2536470734375
5 0.37740897812499996 0.590450396875 0.3537400796875 0.60846180625 0.3547998515625 0.6141125984375 0.3583325890625 0.62011631875 0.3661044140625 0.6296517859375 0.371756696875 0.6377745531250001 0.3858874015625 0.6423658234375 0.39577877031250003 0.6377745531250001 0.4049637890625 0.6282390875 0.4042571921875 0.62046949375 0.4385240578125 0.590803571875 0.42545312500000004 0.5685543156249999 0.4208608625 0.5646693953125 0.385533978125 0.5890376984375 0.37740897812499996 0.590450396875
5 0.5176557546875 0.4965084328125 0.46643204374999997 0.5314719734375 0.467138640625 0.5399479171875 0.48621502968749997 0.5547807546875 0.5279005453125001 0.5180515875 0.5279005453125001 0.5046312000000001 0.5176557546875 0.4965084328125
5 0.449475446875 0.5134603171875 0.3215927578125 0.590450396875 0.29933705312500003 0.583740328125 0.295451140625 0.5971607140625 0.3042827375 0.6169377484375 0.31028844218749996 0.6321240078125 0.324772321875 0.6391872515625 0.33537028750000003 0.6395404265625 0.33854960312500004 0.6236480656250001 0.33890302656250004 0.618350446875 0.339609375 0.60810863125 0.3583325890625 0.6013985609375 0.45689384843749997 0.5413603671875 0.46254613125 0.527587053125 0.449475446875 0.5134603171875
5 0.295451140625 0.60846180625 0.292625 0.5918630953124999 0.291918403125 0.5886845234375 0.276021578125 0.6081483140625 0.3074623015625 0.645190971875 0.331484375 0.6458973218749999 0.3187666171875 0.6363618546875001 0.295451140625 0.60846180625
5 0.36893055625 0.5014223703125 0.36080555625 0.4985969734375 0.342082340625 0.5102514874999999 0.334310515625 0.51837425625 0.340315971875 0.534266865625 0.3523271328125 0.5526314484375 0.365751240625 0.55828199375 0.3894201390625 0.5448618546875 0.3887135421875 0.5328541671875 0.41768130000000003 0.5113110125 0.44594270781249995 0.496478175 0.4501817953125 0.48870858124999994 0.4392306546875 0.46716542656250004 0.4130887890625 0.4834109625 0.4046103671875 0.485883184375 0.37281646875 0.50389459375 0.36893055625 0.5014223703125
5 0.363631696875 0.501069196875 0.3615119046875 0.4950654765625 0.3558596234375 0.49012103125 0.34526165625 0.5014223703125 0.34243551562499996 0.5074263390625 0.363631696875 0.501069196875
5 0.78418675625 0.43797495 0.7825322421875 0.4007609125 0.7862547125 0.38504836249999996 0.78418675625 0.3771922125 0.75151165625 0.3800865578125 0.72752256875 0.38546205312500004 0.7221455859375 0.38876984062500003 0.7357946421875 0.39828000937499997 0.741998759375 0.40241493124999994 0.744894096875 0.41109821406249997 0.7552341265625 0.55333829375 0.7643335812500001 0.5566463296874999 0.7783963296875 0.5554057546875 0.78418675625 0.43797495
5 0.771778521875 0.3478107640625 0.7643335812500001 0.3486376484375 0.7494436999999999 0.37964930625000004 0.7655744046875 0.378408978125 0.7742601687499999 0.3742740578125 0.771778521875 0.3478107640625
5 0.6902978671875 0.3908134921875 0.6754079859375001 0.4110744046875 0.6634134421875 0.431335565625 0.64935069375 0.44167261875 0.632806546875 0.447048115625 0.6369424609375 0.45449082343749997 0.650177828125 0.46276066406250005 0.671271825 0.476819196875 0.6894707343750001 0.4755786203125 0.6857482640625 0.45118278749999996 0.7209047625 0.3883325890625 0.7200776296875 0.3387140375 0.6956748515625 0.3779952875 0.6902978671875 0.3908134921875
5 0.6915386906250001 0.501226934375 0.70187896875 0.485927828125 0.6902978671875 0.478071428125 0.6729263390625 0.48096602187500004 0.6319791671874999 0.4565701890625 0.550912203125 0.40281671562500004 0.5438809531250001 0.3999221234375 0.536022321875 0.412326884375 0.5347814984375 0.42431795625 0.6530731640624999 0.5061887406250001 0.6613452375 0.5326520343750001 0.6766488093749999 0.5210744046875 0.6915386906250001 0.501226934375
5 0.5347814984375 0.4114997515625 0.51865079375 0.40198958281249997 0.52568204375 0.39206597187500003 0.5215461312499999 0.3833826890625 0.5095513390625 0.3734588296875 0.49797048593750004 0.37469940468749996 0.486803075 0.38834449375 0.47356770781249996 0.4090188484375 0.49797048593750004 0.42927976250000005 0.5087242062499999 0.4201830359375 0.5198916171875 0.42307762968749996 0.5331269843750001 0.43589558593750005 0.552980159375 0.4466463296875 0.552566715625 0.43672271875 0.5322998515624999 0.42307762968749996 0.5347814984375 0.4114997515625
5 0.6543139874999999 0.5855786203125 0.664240575 0.5905404265625 0.673753471875 0.5835111609375 0.68202579375 0.573173859375 0.688643353125 0.5578747515625 0.6931932046875 0.5429893359375 0.691125 0.5338926093749999 0.6783033234375 0.5314114578125 0.6613452375 0.5355463796875 0.5554618062500001 0.47021527812499997 0.5471897328125 0.465253471875 0.5347814984375 0.4698018359375 0.53147271875 0.4925436515625 0.6460419140625 0.5599422125 0.6534868546875 0.564490575 0.650177828125 0.5756547624999999 0.6543139874999999 0.5855786203125
5 0.7076693953125 0.452021825 0.7122189984375 0.43382812499999995 0.7043603671875001 0.4301068953125 0.6898841765625 0.44912723281250005 0.6894707343750001 0.4528487109375 0.6915386906250001 0.46029141874999996 0.6977428078125001 0.46029141874999996 0.7076693953125 0.452021825
5 0.74448040625 0.42307762968749996 0.739930803125 0.41604811562500005 0.7283497031249999 0.418115575 0.7200776296875 0.42886631875000003 0.72297271875 0.43589558593750005 0.737035465625 0.43713616093749996 0.74448040625 0.42307762968749996
5 0.6998107640625 0.4851009421875 0.706428571875 0.48758184531250004 0.7101510421875 0.47352306562499996 0.708496528125 0.46029141874999996 0.6916421125000001 0.4592075890625 0.6927795140625 0.47269618125 0.6977428078125001 0.476004215625 0.6998107640625 0.4851009421875
5 0.734967509375 0.6095845734374999 0.7428258921875 0.6075171125 0.737035465625 0.5975935015625 0.730004215625 0.5843618546875 0.7453075390625 0.43385193437499997 0.7246272328125001 0.4371599703125 0.7130463796875001 0.43589558593750005 0.7010515875000001 0.5826842765625 0.6741671625000001 0.604209325 0.7043603671875001 0.6108251484375 0.734967509375 0.6095845734374999
5 0.744066715625 0.5860158734375001 0.74334300625 0.5584732140625001 0.7333129953124999 0.555417659375 0.730004215625 0.5810540671875 0.744066715625 0.5860158734375001
5 0.749857390625 0.5756785718749999 0.7647472718749999 0.5827078375 0.77136483125 0.5628603671875 0.7610248015625001 0.550455853125 0.7510982140625 0.555004215625 0.749857390625 0.5756785718749999
5 0.67975074375 0.5248678078125 0.7022924109375001 0.5231654265625 0.7031197921875 0.50621255 0.6973291171875 0.4958752484375 0.67975074375 0.5248678078125
5 0.66217261875 0.5897490078125001 0.65224603125 0.5814794140624999 0.616262153125 0.6534263390625 0.58689608125 0.6670714281250001 0.6121259921875 0.680303075 0.649764384375 0.699737103125 0.6394241078125 0.6683120046875 0.6803712796875 0.5876815468750001 0.6807849703125 0.583546875 0.6754079859375001 0.5864412203125 0.66217261875 0.5897490078125001
5 0.5926865078125 0.6054615578125 0.5806919640625 0.625309028125 0.58689608125 0.6344057546874999 0.603440228125 0.637300346875 0.6135736609375 0.6137934031250001 0.6121259921875 0.605048115625 0.60095858125 0.600086309375 0.5926865078125 0.6054615578125
5 0.5749012890625 0.6426755953125001 0.5732470234375 0.6559072421875001 0.5852415671875 0.6621096234375 0.5980634921875 0.6600421625 0.603440228125 0.646810515625 0.5897911703125 0.637300346875 0.5819327875 0.6356463296875 0.5749012890625 0.6426755953125001
5 0.5513258921874999 0.6525994546875 0.5653883921875 0.656320684375 0.5724196421875 0.6488779765625 0.5674563484374999 0.579825396875 0.538917659375 0.5769310515625 0.5442943953125 0.646810515625 0.5513258921874999 0.6525994546875
5 0.5459489093750001 0.46322147812500003 0.5637341265625 0.473972221875 0.56993824375 0.473972221875 0.5674563484374999 0.44998983125 0.5178236609375 0.4541247515625 0.5198916171875 0.4855498515625 0.526095734375 0.4859635421875 0.5310590281249999 0.49919494062499997 0.5356086312499999 0.5339280750000001 0.5356086312499999 0.5475731640625 0.5658020828125 0.54467881875 0.5620796125 0.512840278125 0.5294045140625 0.4900982140625 0.533954365625 0.47149131874999994 0.5459489093750001 0.46322147812500003
5 0.5200369546875 0.42322420625 0.5011163187500001 0.42379737031250003 0.48219593281249995 0.4352609125 0.4747423109375 0.4421391375 0.4644221234375 0.4518834328125 0.4867827375 0.47079836249999996 0.5200369546875 0.4518834328125 0.5320771328125 0.43354141874999996 0.5200369546875 0.42322420625
5 0.4847155265625 0.68033829375 0.482193453125 0.6916877484375 0.49606497968749996 0.699884671875 0.517502728125 0.708712053125 0.5335813484374999 0.703667659375 0.541462796875 0.6775009921875 0.5307438 0.6715109125 0.53988665625 0.646605159375 0.53957118125 0.639038690625 0.5402018843749999 0.6314724703125 0.5367338796875 0.579138640625 0.5364186515625 0.5728335812500001 0.516241815625 0.629265625 0.502685515625 0.6595310015625 0.49196651718749995 0.658900296875 0.4847155265625 0.68033829375
5 0.5386562500000001 0.2856827875 0.5344712296874999 0.27709250937499996 0.522576884375 0.2715858140625 0.512665178125 0.273127728125 0.5062775296875001 0.28017609062500004 0.5036341765625 0.28876636875 0.5029734625 0.2969161703125 0.494383184375 0.31585887968750004 0.5168501984375 0.33546255 0.5227973703125001 0.332819196875 0.5450438984375 0.29185019843750004 0.5386562500000001 0.2856827875